review_id,p_negative,p_neutral,p_positive,n_tokens
6,0.0037,0.0141,0.9822,68
50,0.9079,0.0841,0.0080,31
56,0.0047,0.0103,0.9849,42
64,0.0116,0.0740,0.9144,66
74,0.6511,0.3245,0.0244,18
106,0.3645,0.5956,0.0399,19
115,0.0033,0.0116,0.9852,28
125,0.0073,0.0277,0.9650,70
130,0.0061,0.0108,0.9832,46
176,0.0036,0.0082,0.9882,58
223,0.0027,0.0107,0.9866,31
229,0.9322,0.0610,0.0068,55
327,0.1905,0.7439,0.0655,49
360,0.1210,0.1207,0.7583,93
374,0.0040,0.0081,0.9879,66
380,0.8970,0.0910,0.0120,70
433,0.0058,0.0154,0.9789,44
438,0.0030,0.0120,0.9850,44
485,0.0257,0.7472,0.2271,86
568,0.1489,0.8171,0.0339,101
646,0.0051,0.0117,0.9832,132
665,0.0033,0.0085,0.9882,59
686,0.0276,0.1367,0.8357,200
696,0.2018,0.5761,0.2221,79
703,0.0037,0.0088,0.9875,28
743,0.0044,0.0245,0.9711,76
771,0.0286,0.0624,0.9090,38
773,0.0036,0.0086,0.9878,57
826,0.0033,0.0102,0.9865,46
839,0.0035,0.0318,0.9647,116
865,0.0384,0.3134,0.6482,489
890,0.0046,0.0152,0.9802,36
925,0.9486,0.0459,0.0055,65
960,0.0069,0.0130,0.9800,32
1045,0.1775,0.7547,0.0678,61
1064,0.0318,0.0728,0.8954,293
1124,0.1268,0.1906,0.6825,35
1151,0.0029,0.0109,0.9861,80
1192,0.0542,0.6815,0.2643,99
1313,0.0028,0.0155,0.9817,108
1414,0.0057,0.0099,0.9844,118
1494,0.0113,0.0267,0.9620,66
1544,0.8396,0.1115,0.0489,103
1642,0.0045,0.0096,0.9859,82
1684,0.0026,0.0116,0.9858,27
1712,0.0049,0.0481,0.9470,52
1740,0.0035,0.0101,0.9863,36
1792,0.0281,0.0392,0.9327,41
1811,0.7665,0.2211,0.0124,38
1840,0.0651,0.3543,0.5806,97
1959,0.3510,0.2150,0.4341,26
1980,0.8229,0.1227,0.0544,106
2159,0.7664,0.1783,0.0553,140
2213,0.9083,0.0839,0.0078,52
2216,0.0074,0.0169,0.9757,87
2294,0.9270,0.0626,0.0104,136
2295,0.9357,0.0567,0.0076,31
2305,0.0040,0.0125,0.9835,90
2306,0.0032,0.0115,0.9853,110
2320,0.0517,0.1612,0.7872,69
2335,0.5157,0.4384,0.0460,95
2353,0.1485,0.2049,0.6466,54
2458,0.0271,0.0872,0.8857,178
2621,0.0033,0.0200,0.9767,21
2671,0.9714,0.0211,0.0075,38
2673,0.1360,0.3543,0.5097,350
2822,0.0050,0.0132,0.9818,33
2844,0.0037,0.0177,0.9786,139
2892,0.0073,0.0130,0.9797,350
2964,0.0031,0.0095,0.9874,88
2974,0.2800,0.6434,0.0766,74
3018,0.8054,0.1808,0.0138,37
3030,0.0093,0.0234,0.9673,66
3092,0.0030,0.0191,0.9779,90
3098,0.0037,0.0148,0.9816,69
3162,0.0065,0.0088,0.9846,118
3200,0.2251,0.4850,0.2899,120
3320,0.0084,0.0133,0.9783,24
3324,0.0040,0.0262,0.9698,64
3368,0.0037,0.0120,0.9843,34
3402,0.0977,0.8709,0.0314,56
3440,0.0060,0.0166,0.9774,43
3451,0.3524,0.6093,0.0383,68
3497,0.0047,0.0112,0.9842,31
3562,0.0610,0.7152,0.2238,81
3606,0.0051,0.0093,0.9855,28
3623,0.0114,0.0265,0.9621,28
3624,0.0643,0.3289,0.6069,96
3654,0.0131,0.0122,0.9747,45
3674,0.9505,0.0424,0.0071,55
3682,0.0096,0.0772,0.9132,62
3688,0.0035,0.0086,0.9878,50
3739,0.0029,0.0099,0.9873,68
3744,0.0638,0.9011,0.0350,44
3814,0.0031,0.0098,0.9870,55
3946,0.5207,0.2794,0.1999,43
3975,0.6865,0.2840,0.0295,56
4094,0.0083,0.0474,0.9443,104
4117,0.0064,0.0254,0.9683,45
4123,0.0367,0.0442,0.9191,147
4164,0.1944,0.0743,0.7313,73
4288,0.0050,0.0449,0.9501,46
4391,0.0495,0.5446,0.4059,139
4393,0.0100,0.0340,0.9561,53
4536,0.1243,0.8479,0.0278,63
4564,0.0027,0.0211,0.9763,148
4590,0.0036,0.0141,0.9823,19
4647,0.0145,0.0242,0.9613,59
4673,0.0036,0.0131,0.9832,68
4761,0.8551,0.1285,0.0164,116
4791,0.9177,0.0639,0.0183,255
4816,0.2633,0.4367,0.3000,185
4827,0.0045,0.0126,0.9830,32
4897,0.9242,0.0689,0.0069,43
4907,0.1495,0.5679,0.2826,96
4970,0.0036,0.0089,0.9875,94
5001,0.1450,0.3469,0.5081,175
5028,0.7926,0.1591,0.0483,44
5116,0.0071,0.0098,0.9831,28
5207,0.0321,0.0544,0.9136,101
5243,0.0359,0.0537,0.9104,90
5305,0.0155,0.0310,0.9535,57
5320,0.3457,0.4320,0.2223,81
5326,0.0518,0.0926,0.8557,49
5332,0.0039,0.0097,0.9863,30
5346,0.0077,0.0099,0.9824,84
5372,0.0332,0.3149,0.6519,312
5444,0.1317,0.2840,0.5843,41
5495,0.0992,0.1874,0.7134,308
5498,0.0045,0.0087,0.9868,67
5604,0.0093,0.0108,0.9799,127
5752,0.0119,0.0154,0.9727,61
5781,0.0038,0.0105,0.9857,34
5798,0.8876,0.0658,0.0467,103
5802,0.0051,0.0218,0.9731,73
5805,0.0220,0.0823,0.8957,48
5816,0.0036,0.0256,0.9707,115
5852,0.0044,0.0376,0.9581,108
5853,0.0070,0.0120,0.9810,154
5877,0.0033,0.0097,0.9870,41
5943,0.0057,0.0282,0.9661,76
5955,0.0041,0.0069,0.9890,69
6005,0.0656,0.1784,0.7559,353
6018,0.0342,0.0936,0.8722,71
6037,0.0037,0.0079,0.9884,27
6041,0.4584,0.3759,0.1657,188
6140,0.0035,0.0094,0.9871,43
6152,0.0278,0.0564,0.9158,55
6197,0.0042,0.0156,0.9801,86
6245,0.0314,0.0432,0.9253,242
6301,0.0112,0.0142,0.9746,135
6317,0.1596,0.8200,0.0204,79
6377,0.0036,0.0103,0.9861,50
6455,0.0867,0.6954,0.2179,88
6467,0.0036,0.0134,0.9831,59
6484,0.8592,0.1122,0.0286,37
6488,0.0055,0.0282,0.9663,124
6490,0.0038,0.0136,0.9826,26
6503,0.7530,0.1789,0.0682,19
6546,0.0026,0.0163,0.9811,51
6565,0.0030,0.0156,0.9814,34
6576,0.3385,0.3580,0.3035,50
6636,0.0156,0.1397,0.8447,75
6690,0.3309,0.6279,0.0411,161
6692,0.0539,0.8703,0.0758,206
6711,0.0040,0.0100,0.9859,69
6742,0.0270,0.0763,0.8966,87
6809,0.1149,0.6199,0.2652,112
6846,0.0626,0.8653,0.0721,155
6851,0.0350,0.1777,0.7874,435
6866,0.0032,0.0179,0.9789,67
6870,0.0309,0.5357,0.4334,61
6879,0.5529,0.3913,0.0558,117
6918,0.0034,0.0098,0.9868,70
6925,0.4476,0.5223,0.0301,33
6982,0.0729,0.2001,0.7270,36
7014,0.0474,0.0940,0.8585,67
7068,0.9724,0.0203,0.0073,32
7110,0.2142,0.2597,0.5261,85
7112,0.0911,0.4700,0.4389,82
7210,0.1649,0.4643,0.3708,207
7227,0.1395,0.7893,0.0711,246
7258,0.0338,0.0652,0.9010,145
7276,0.3002,0.6708,0.0290,68
7312,0.0050,0.0190,0.9760,91
7340,0.0032,0.0133,0.9834,67
7416,0.0082,0.0201,0.9718,65
7468,0.9657,0.0221,0.0123,104
7556,0.0032,0.0155,0.9813,111
7570,0.0119,0.0113,0.9768,133
7580,0.0727,0.0708,0.8565,155
7634,0.0046,0.0121,0.9833,28
7651,0.0065,0.0154,0.9781,73
7661,0.0071,0.0593,0.9336,60
7731,0.0068,0.0101,0.9830,57
7740,0.0038,0.0314,0.9648,26
7797,0.5180,0.4031,0.0790,200
7816,0.0366,0.1077,0.8558,133
7856,0.9638,0.0267,0.0095,49
7894,0.0051,0.0136,0.9813,97
7897,0.0256,0.0632,0.9112,154
7943,0.0092,0.0138,0.9770,76
7976,0.1225,0.3461,0.5314,81
8008,0.0118,0.0299,0.9583,110
8080,0.0074,0.1344,0.8582,34
8128,0.0178,0.0261,0.9561,49
8235,0.0031,0.0088,0.9880,72
8251,0.0463,0.1125,0.8411,26
8263,0.0083,0.0153,0.9764,44
8290,0.7011,0.2808,0.0181,100
8383,0.0100,0.0249,0.9650,30
8417,0.0027,0.0112,0.9861,34
8465,0.1593,0.8076,0.0331,107
8485,0.0075,0.0536,0.9389,29
8515,0.0108,0.0645,0.9248,47
8567,0.0037,0.0138,0.9825,29
8633,0.0265,0.5274,0.4460,44
8694,0.0225,0.0199,0.9577,66
8697,0.0210,0.1077,0.8713,59
8707,0.0028,0.0134,0.9838,31
8710,0.0033,0.0125,0.9842,89
8756,0.0059,0.0090,0.9850,1896
8759,0.0037,0.0074,0.9890,41
8813,0.0038,0.0129,0.9833,201
8815,0.0034,0.0289,0.9677,137
8879,0.0043,0.0082,0.9875,91
8892,0.0038,0.0095,0.9867,80
8903,0.0030,0.0085,0.9885,32
8916,0.4778,0.4897,0.0325,160
8921,0.0075,0.0281,0.9644,50
8978,0.0034,0.0171,0.9795,41
8984,0.0042,0.0147,0.9811,36
8990,0.0057,0.0178,0.9765,95
9456,0.1984,0.6840,0.1176,207
9490,0.0046,0.0107,0.9848,55
9520,0.9624,0.0293,0.0084,58
9621,0.0077,0.0136,0.9786,173
9635,0.0647,0.4472,0.4881,93
9655,0.0696,0.0397,0.8907,77
9659,0.0317,0.2968,0.6714,135
9675,0.0178,0.0397,0.9425,89
9693,0.0157,0.1077,0.8766,20
9696,0.2404,0.7116,0.0480,73
9747,0.0039,0.0253,0.9708,149
9774,0.0047,0.0108,0.9845,71
9809,0.9643,0.0240,0.0117,98
9817,0.0134,0.0170,0.9696,33
9818,0.5261,0.4410,0.0329,60
9828,0.0032,0.0182,0.9786,32
9861,0.8903,0.1011,0.0086,49
9927,0.0029,0.0188,0.9783,44
9929,0.0095,0.0415,0.9490,142
9954,0.0053,0.0254,0.9692,135
10005,0.2016,0.1492,0.6492,112
10060,0.9603,0.0317,0.0080,175
10067,0.0230,0.0921,0.8849,61
10072,0.9454,0.0449,0.0097,90
10112,0.0437,0.0532,0.9031,50
10176,0.0042,0.0154,0.9804,26
10185,0.8907,0.0919,0.0174,65
10210,0.0041,0.0179,0.9781,79
10213,0.0029,0.0117,0.9854,21
10232,0.0039,0.0081,0.9880,50
10294,0.0120,0.0220,0.9660,22
10305,0.5266,0.2288,0.2446,51
10329,0.0033,0.0139,0.9827,26
10353,0.0177,0.0281,0.9543,85
10380,0.1715,0.0486,0.7799,40
10543,0.0135,0.0221,0.9644,126
10597,0.0066,0.0092,0.9842,49
10657,0.9077,0.0795,0.0128,114
10760,0.0038,0.0082,0.9880,60
10779,0.0057,0.0102,0.9842,48
10782,0.0046,0.0222,0.9732,106
10801,0.0036,0.0133,0.9831,24
10872,0.0055,0.0088,0.9857,36
10921,0.0156,0.0265,0.9578,26
10924,0.5600,0.2117,0.2282,153
10974,0.1012,0.0938,0.8050,365
11143,0.7555,0.2158,0.0287,227
11147,0.0039,0.0093,0.9868,33
11163,0.0033,0.0147,0.9820,246
11233,0.0071,0.0190,0.9740,110
11295,0.0033,0.0118,0.9849,29
11348,0.0042,0.0113,0.9845,95
11455,0.0055,0.0120,0.9825,130
11473,0.6380,0.1856,0.1764,30
11475,0.0246,0.1243,0.8511,139
11480,0.9080,0.0710,0.0210,35
11496,0.0051,0.0313,0.9635,82
11536,0.0106,0.0542,0.9352,58
11538,0.0065,0.1090,0.8845,103
11602,0.0172,0.0293,0.9535,80
11661,0.0030,0.0091,0.9878,133
11904,0.1386,0.5919,0.2696,175
12011,0.8298,0.1616,0.0086,45
12026,0.0144,0.0633,0.9223,57
12056,0.9690,0.0212,0.0098,73
12103,0.0318,0.0478,0.9204,125
12106,0.0030,0.0147,0.9823,67
12124,0.0768,0.6067,0.3165,70
12142,0.3437,0.6312,0.0252,69
12198,0.9351,0.0500,0.0149,70
12248,0.0149,0.0448,0.9403,39
12297,0.0041,0.0126,0.9833,115
12314,0.7806,0.1792,0.0402,31
12316,0.0032,0.0081,0.9887,32
12341,0.0111,0.0515,0.9374,47
12358,0.1224,0.7319,0.1456,73
12392,0.0041,0.0127,0.9832,34
12394,0.0046,0.0167,0.9788,41
12416,0.0040,0.0177,0.9783,94
12417,0.0258,0.0241,0.9501,67
12434,0.0119,0.0470,0.9411,294
12445,0.7975,0.1605,0.0421,52
12455,0.0525,0.0317,0.9158,69
12464,0.0089,0.0080,0.9831,44
12477,0.1709,0.7800,0.0491,153
12542,0.9482,0.0427,0.0091,69
12611,0.0034,0.0201,0.9765,63
12665,0.0079,0.0200,0.9721,58
12683,0.2937,0.3878,0.3185,74
12722,0.0602,0.8987,0.0411,293
12731,0.1113,0.2419,0.6468,193
12769,0.1834,0.3080,0.5086,78
12856,0.0621,0.3918,0.5460,153
12973,0.9500,0.0426,0.0074,107
12987,0.0030,0.0105,0.9865,32
13095,0.0071,0.0400,0.9530,67
13139,0.0108,0.0365,0.9527,96
13270,0.9594,0.0333,0.0073,108
13285,0.0033,0.0093,0.9874,26
13404,0.0032,0.0117,0.9850,40
13409,0.0043,0.0094,0.9862,77
13484,0.0403,0.2793,0.6805,128
13644,0.0082,0.0527,0.9391,28
13672,0.5412,0.2895,0.1693,36
13686,0.3247,0.4688,0.2065,32
13695,0.3854,0.3941,0.2205,38
13704,0.0046,0.0110,0.9844,44
13717,0.8985,0.0913,0.0102,53
13724,0.9507,0.0414,0.0079,57
13843,0.0051,0.0590,0.9359,240
13852,0.9207,0.0695,0.0098,110
13897,0.0784,0.0560,0.8656,495
13905,0.0040,0.0132,0.9829,32
13958,0.0034,0.0103,0.9863,53
13974,0.0044,0.0086,0.9870,61
14001,0.0087,0.0100,0.9812,104
14002,0.0194,0.0774,0.9033,104
14071,0.0144,0.0514,0.9343,60
14112,0.4793,0.4120,0.1087,168
14165,0.6905,0.2145,0.0951,356
14176,0.0067,0.0512,0.9421,193
14277,0.0027,0.0106,0.9867,73
14301,0.5894,0.2773,0.1333,239
14378,0.0030,0.0124,0.9846,25
14387,0.1016,0.6369,0.2615,95
14466,0.9586,0.0308,0.0106,39
14505,0.1981,0.2941,0.5078,258
14541,0.0060,0.0216,0.9724,38
14697,0.1880,0.3479,0.4641,208
14734,0.0049,0.0090,0.9860,58
14851,0.0044,0.0209,0.9747,47
14874,0.0033,0.0103,0.9865,46
14896,0.3604,0.5969,0.0427,86
14898,0.0724,0.5846,0.3431,26
14996,0.0034,0.0089,0.9877,90
15067,0.0637,0.0664,0.8699,45
15086,0.0996,0.6495,0.2509,104
15101,0.0029,0.0112,0.9859,33
15131,0.0104,0.0732,0.9164,80
15146,0.0028,0.0089,0.9883,45
15291,0.3478,0.6252,0.0270,163
15332,0.9247,0.0681,0.0073,165
15371,0.0072,0.0136,0.9792,79
15383,0.1170,0.0707,0.8123,58
15384,0.0064,0.0109,0.9827,53
15435,0.8922,0.0819,0.0260,84
15466,0.0059,0.0123,0.9818,27
15481,0.0049,0.0167,0.9784,46
15505,0.0041,0.0109,0.9850,54
15518,0.0258,0.0143,0.9599,55
15573,0.0056,0.0169,0.9776,19
15622,0.0041,0.0155,0.9803,81
15665,0.9618,0.0304,0.0079,61
15722,0.9647,0.0288,0.0065,50
15735,0.0037,0.0099,0.9864,92
15737,0.0028,0.0165,0.9807,30
15845,0.0027,0.0096,0.9877,34
15849,0.0084,0.0138,0.9778,31
15871,0.0031,0.0096,0.9873,50
15878,0.0046,0.0174,0.9779,40
15899,0.0079,0.0112,0.9809,59
15913,0.9594,0.0307,0.0099,34
15943,0.0051,0.0090,0.9859,58
15953,0.0040,0.0128,0.9833,40
15989,0.0420,0.5864,0.3715,101
15991,0.0062,0.0083,0.9855,89
16038,0.0037,0.0100,0.9863,69
16124,0.9208,0.0591,0.0201,65
16221,0.2828,0.6680,0.0492,109
16258,0.0038,0.0199,0.9764,50
16292,0.0050,0.0697,0.9253,95
16313,0.0030,0.0096,0.9874,47
16332,0.0031,0.0192,0.9777,36
16381,0.6017,0.1345,0.2638,45
16385,0.1371,0.8196,0.0433,99
16390,0.0029,0.0133,0.9838,28
16394,0.1540,0.8034,0.0426,49
16511,0.0055,0.0170,0.9775,174
16522,0.3371,0.2071,0.4558,67
16526,0.0048,0.0094,0.9858,26
16531,0.3155,0.6126,0.0719,327
16559,0.3063,0.3975,0.2962,74
16613,0.0605,0.8856,0.0539,149
16673,0.0486,0.8279,0.1235,139
16704,0.0049,0.0180,0.9771,75
16722,0.1710,0.7242,0.1048,182
16750,0.0041,0.0321,0.9638,107
16862,0.0034,0.0340,0.9626,50
16928,0.0047,0.0559,0.9394,120
16940,0.0100,0.0176,0.9724,60
16976,0.4118,0.3601,0.2282,224
17054,0.0056,0.0216,0.9728,105
17104,0.0033,0.0086,0.9880,48
17122,0.0038,0.0123,0.9839,38
17160,0.6361,0.3481,0.0159,81
17248,0.0074,0.0183,0.9743,93
17274,0.0039,0.0178,0.9783,48
17307,0.3861,0.5394,0.0745,35
17410,0.1026,0.8190,0.0784,244
17416,0.0035,0.0091,0.9874,24
17426,0.0205,0.0775,0.9019,33
17532,0.0027,0.0145,0.9828,39
17547,0.5900,0.3744,0.0356,40
17551,0.0032,0.0097,0.9872,123
17631,0.0034,0.0086,0.9880,45
17635,0.5848,0.2379,0.1773,76
17644,0.0028,0.0114,0.9858,82
17651,0.0028,0.0134,0.9838,113
17664,0.9634,0.0316,0.0050,23
17665,0.8662,0.1213,0.0125,101
17669,0.0038,0.0085,0.9877,105
17678,0.7721,0.0781,0.1498,86
17694,0.0027,0.0170,0.9803,30
17724,0.0042,0.0275,0.9683,149
17849,0.0034,0.0102,0.9864,31
17855,0.0075,0.0155,0.9770,48
17869,0.0028,0.0105,0.9866,38
18014,0.0132,0.0484,0.9384,121
18023,0.0110,0.0273,0.9617,107
18141,0.1528,0.7429,0.1043,181
18146,0.0190,0.0605,0.9204,55
18253,0.0048,0.0100,0.9851,34
18316,0.0028,0.0090,0.9882,20
18329,0.0024,0.0105,0.9871,59
18342,0.0051,0.0216,0.9734,666
18374,0.0028,0.0159,0.9813,70
18502,0.0082,0.0150,0.9767,226
18722,0.0082,0.0254,0.9664,113
18867,0.0042,0.0131,0.9827,472
18873,0.0036,0.0351,0.9613,56
19144,0.1445,0.5345,0.3210,212
19192,0.0951,0.4541,0.4508,296
19219,0.0077,0.0360,0.9564,118
19241,0.0029,0.0138,0.9833,42
19267,0.0032,0.0131,0.9837,30
19308,0.1516,0.4072,0.4411,60
19324,0.9555,0.0380,0.0065,84
19395,0.0041,0.0131,0.9828,70
19399,0.0042,0.0097,0.9861,30
19429,0.1010,0.1517,0.7474,147
19443,0.6071,0.1870,0.2059,451
19447,0.0416,0.1327,0.8256,143
19483,0.0053,0.0257,0.9690,106
19511,0.0037,0.0083,0.9880,30
19612,0.9563,0.0270,0.0167,108
19621,0.0780,0.3726,0.5494,145
19628,0.0031,0.0081,0.9888,49
19646,0.8341,0.1480,0.0180,55
19656,0.0076,0.0093,0.9831,56
19667,0.0054,0.0087,0.9859,92
19694,0.0421,0.8441,0.1137,62
19741,0.2314,0.3819,0.3868,156
19787,0.0045,0.0167,0.9788,86
19815,0.0116,0.1680,0.8204,42
19852,0.0044,0.0105,0.9852,127
19883,0.1452,0.5361,0.3187,383
19901,0.0136,0.0178,0.9686,43
19907,0.0105,0.0201,0.9694,204
19977,0.0568,0.0311,0.9120,135
20054,0.0144,0.0427,0.9429,33
20064,0.0032,0.0109,0.9859,61
20177,0.2571,0.4914,0.2514,79
20197,0.0042,0.0133,0.9825,19
20253,0.3113,0.1535,0.5352,187
20355,0.1613,0.4705,0.3683,276
20378,0.2710,0.6685,0.0605,251
20380,0.0836,0.5848,0.3316,332
20387,0.0584,0.1213,0.8203,213
20405,0.2541,0.6929,0.0530,141
20442,0.0123,0.0185,0.9692,61
20473,0.0135,0.1128,0.8737,78
20518,0.0038,0.0121,0.9841,89
20544,0.0165,0.0170,0.9665,66
20569,0.0042,0.0110,0.9848,123
20592,0.9526,0.0367,0.0107,132
20601,0.9590,0.0299,0.0111,90
20647,0.0048,0.0107,0.9846,32
20689,0.0063,0.0186,0.9750,84
20695,0.0052,0.0082,0.9866,75
20765,0.0116,0.2282,0.7602,54
20825,0.0082,0.0274,0.9644,20
20834,0.7092,0.1653,0.1255,135
20929,0.0056,0.0135,0.9809,68
20997,0.0409,0.7692,0.1898,43
21035,0.0066,0.0293,0.9641,57
21038,0.0033,0.0091,0.9877,35
21048,0.0052,0.0085,0.9864,64
21057,0.0145,0.0673,0.9182,97
21067,0.7201,0.2124,0.0675,328
21103,0.0031,0.0135,0.9834,77
21218,0.0159,0.0155,0.9686,45
21237,0.0073,0.0096,0.9831,74
21294,0.0036,0.0109,0.9855,32
21313,0.0084,0.0556,0.9360,39
21319,0.0071,0.0247,0.9682,57
21462,0.0036,0.0122,0.9842,26
21500,0.0047,0.0220,0.9734,23
21533,0.9009,0.0767,0.0224,263
21543,0.9556,0.0369,0.0075,107
21546,0.6010,0.3306,0.0683,36
21563,0.6912,0.2643,0.0446,219
21690,0.8211,0.1064,0.0726,142
21724,0.5587,0.3889,0.0524,42
21764,0.0043,0.0217,0.9740,106
21768,0.1233,0.7596,0.1171,78
21877,0.0457,0.6811,0.2732,105
21884,0.0037,0.0111,0.9852,52
21950,0.0146,0.0290,0.9565,197
21952,0.3203,0.6073,0.0724,123
21961,0.0726,0.0753,0.8521,226
21977,0.0107,0.0306,0.9587,29
22034,0.4067,0.5544,0.0389,151
22071,0.3287,0.5304,0.1410,181
22079,0.2428,0.6353,0.1219,66
22088,0.7468,0.2282,0.0250,177
22138,0.9537,0.0402,0.0061,43
22205,0.9548,0.0347,0.0104,63
22215,0.2485,0.6153,0.1362,184
22258,0.0173,0.0395,0.9432,135
22259,0.0066,0.0324,0.9609,166
22283,0.1699,0.6745,0.1556,169
22318,0.9362,0.0387,0.0251,38
22352,0.0034,0.0106,0.9861,124
22370,0.2456,0.0648,0.6895,51
22410,0.2817,0.5331,0.1852,174
22464,0.0681,0.6156,0.3163,338
22517,0.0386,0.0514,0.9100,64
22537,0.0435,0.8302,0.1262,145
22609,0.1367,0.3618,0.5015,45
22645,0.9702,0.0215,0.0083,51
22713,0.3309,0.5529,0.1163,55
22751,0.0716,0.4125,0.5158,127
22762,0.6150,0.3386,0.0464,44
22808,0.7555,0.2206,0.0239,31
22811,0.9680,0.0204,0.0115,70
22864,0.0047,0.0222,0.9731,20
22910,0.0266,0.7999,0.1735,75
22932,0.7703,0.2114,0.0183,128
22970,0.5945,0.2523,0.1532,589
23046,0.2506,0.4800,0.2694,120
23108,0.1741,0.7845,0.0414,220
23138,0.0488,0.6172,0.3340,432
23149,0.1787,0.7649,0.0563,250
23158,0.6361,0.3462,0.0177,299
23324,0.9703,0.0202,0.0094,77
23423,0.0478,0.0642,0.8880,270
23430,0.0078,0.1054,0.8867,167
23478,0.0046,0.0123,0.9831,50
23489,0.0036,0.0266,0.9698,30
23519,0.0031,0.0100,0.9869,60
23551,0.0188,0.0560,0.9252,80
23578,0.0051,0.0085,0.9864,92
23584,0.0047,0.0081,0.9872,57
23645,0.0052,0.0112,0.9837,54
23675,0.7526,0.2320,0.0154,54
23704,0.0028,0.0102,0.9869,44
23730,0.0074,0.0255,0.9670,97
23746,0.0294,0.1694,0.8012,83
23775,0.0028,0.0093,0.9879,29
23800,0.0041,0.0098,0.9862,38
23930,0.0031,0.0169,0.9800,257
24003,0.0032,0.0146,0.9822,38
24015,0.5275,0.3667,0.1058,90
24030,0.0258,0.0934,0.8808,50
24031,0.0033,0.0147,0.9819,55
24032,0.5292,0.3600,0.1108,141
24072,0.6609,0.1540,0.1852,44
24143,0.7873,0.1630,0.0497,37
24158,0.0509,0.7632,0.1859,61
24166,0.9624,0.0282,0.0094,91
24191,0.4337,0.4346,0.1317,86
24195,0.9652,0.0210,0.0138,25
24200,0.9723,0.0187,0.0090,40
24241,0.1882,0.7631,0.0487,50
24334,0.3047,0.2074,0.4879,82
24353,0.0063,0.0095,0.9842,25
24421,0.0062,0.0091,0.9847,81
24426,0.0038,0.0114,0.9849,71
24527,0.7627,0.2058,0.0314,174
24540,0.0072,0.0115,0.9813,111
24568,0.0035,0.0136,0.9829,75
24570,0.0039,0.0113,0.9848,39
24713,0.0162,0.0178,0.9660,75
24803,0.2553,0.6933,0.0514,81
24812,0.8921,0.0918,0.0161,96
24839,0.0201,0.0223,0.9576,149
24957,0.0045,0.0103,0.9852,44
24970,0.2081,0.7633,0.0286,34
25021,0.0053,0.0255,0.9693,32
25026,0.6103,0.3330,0.0567,70
25083,0.2385,0.4674,0.2941,361
25102,0.0696,0.8341,0.0963,33
25145,0.2083,0.5099,0.2818,233
25191,0.0068,0.0174,0.9758,239
25211,0.1368,0.2159,0.6473,277
25230,0.9020,0.0810,0.0170,71
25283,0.0678,0.0331,0.8991,101
25361,0.3256,0.5458,0.1286,71
25387,0.0880,0.5663,0.3457,42
25397,0.6148,0.2450,0.1402,109
25551,0.0037,0.0138,0.9825,36
25587,0.0044,0.0137,0.9819,51
25606,0.0042,0.0104,0.9854,25
25655,0.0291,0.0618,0.9090,76
25769,0.0062,0.0170,0.9768,121
25783,0.0522,0.8643,0.0836,128
25823,0.0064,0.0325,0.9611,44
25870,0.0666,0.0968,0.8366,29
25956,0.0037,0.0131,0.9832,36
25975,0.0027,0.0110,0.9863,40
25978,0.9606,0.0310,0.0084,58
25992,0.0030,0.0185,0.9785,131
26227,0.0094,0.0299,0.9607,110
26298,0.0033,0.0096,0.9872,26
26365,0.0237,0.1711,0.8052,127
26395,0.0754,0.2237,0.7009,136
26507,0.8447,0.1408,0.0144,129
26549,0.0856,0.1588,0.7556,91
26611,0.6803,0.2816,0.0381,41
26735,0.0054,0.0192,0.9754,36
26768,0.8006,0.1120,0.0873,53
26820,0.1088,0.7976,0.0936,146
26826,0.2057,0.6932,0.1011,113
26846,0.8092,0.1708,0.0200,70
26884,0.0036,0.0091,0.9873,57
26911,0.0032,0.0130,0.9838,30
26960,0.0024,0.0123,0.9853,50
27031,0.0417,0.0367,0.9217,35
27040,0.3906,0.3598,0.2497,27
27044,0.0033,0.0114,0.9853,49
27055,0.0056,0.0178,0.9766,21
27080,0.0047,0.0177,0.9776,76
27129,0.0059,0.0165,0.9776,73
27256,0.0048,0.0715,0.9237,56
27345,0.8335,0.1450,0.0216,71
27371,0.5395,0.1530,0.3075,76
27381,0.0197,0.2234,0.7570,109
27408,0.7586,0.2107,0.0307,180
27417,0.0152,0.1224,0.8624,176
27429,0.0358,0.5569,0.4073,148
27545,0.3321,0.2473,0.4206,318
27582,0.7689,0.1977,0.0334,37
27591,0.0136,0.0240,0.9624,45
27645,0.8875,0.0964,0.0161,20
27660,0.1987,0.5648,0.2365,160
27679,0.0077,0.0892,0.9031,175
27798,0.0051,0.0157,0.9792,75
28040,0.8357,0.1411,0.0232,105
28074,0.0446,0.0626,0.8928,158
28153,0.0026,0.0183,0.9792,349
28193,0.5065,0.4810,0.0125,41
28308,0.0056,0.0345,0.9599,35
28311,0.0074,0.0122,0.9804,179
28383,0.0229,0.1970,0.7800,63
28604,0.7449,0.2018,0.0533,88
28680,0.0034,0.0185,0.9781,68
28722,0.0039,0.0093,0.9868,68
28730,0.0058,0.0113,0.9829,44
28879,0.3409,0.3364,0.3226,27
28910,0.0033,0.0126,0.9840,31
28937,0.0033,0.0130,0.9837,76
29016,0.0035,0.0200,0.9765,34
29368,0.0125,0.0149,0.9726,152
29380,0.0092,0.0517,0.9391,69
29382,0.0035,0.0116,0.9848,30
29387,0.0043,0.0179,0.9778,54
29430,0.0032,0.0082,0.9886,32
29440,0.0162,0.3206,0.6632,36
29456,0.0033,0.0086,0.9880,30
29469,0.0344,0.2966,0.6689,90
29478,0.1206,0.8423,0.0371,64
29498,0.0073,0.0288,0.9638,19
29504,0.0098,0.0191,0.9711,101
29580,0.3754,0.5839,0.0406,81
29586,0.4201,0.4673,0.1126,19
29587,0.2846,0.6407,0.0747,41
29652,0.1107,0.3363,0.5529,87
29681,0.0037,0.0088,0.9875,105
29701,0.0070,0.0902,0.9028,31
29712,0.0039,0.0463,0.9498,46
29715,0.0128,0.0241,0.9631,19
29772,0.0039,0.0102,0.9859,36
29800,0.4370,0.1307,0.4323,82
29814,0.0116,0.0875,0.9010,178
29910,0.0040,0.0361,0.9599,46
29935,0.0069,0.0114,0.9817,32
29988,0.0036,0.0103,0.9861,42
30003,0.0033,0.0096,0.9871,62
30010,0.0041,0.0094,0.9866,55
30096,0.0041,0.0115,0.9845,114
30147,0.0034,0.0076,0.9889,72
30149,0.0028,0.0097,0.9875,90
30224,0.0046,0.0192,0.9762,182
30285,0.0090,0.0440,0.9471,203
30296,0.0028,0.0086,0.9886,56
30338,0.8875,0.0949,0.0176,215
30417,0.0051,0.0477,0.9471,131
30434,0.0165,0.0467,0.9367,200
30436,0.5365,0.0981,0.3654,59
30463,0.9481,0.0373,0.0145,32
30516,0.9665,0.0272,0.0063,47
30567,0.1034,0.4210,0.4755,139
30581,0.2593,0.1488,0.5919,36
30597,0.0032,0.0229,0.9739,30
30616,0.0525,0.0554,0.8921,60
30640,0.0315,0.2679,0.7006,61
30671,0.0064,0.0276,0.9660,285
31283,0.0044,0.0194,0.9762,81
31296,0.0054,0.0092,0.9854,48
31366,0.0691,0.3633,0.5676,224
31386,0.0054,0.0277,0.9669,128
31394,0.8285,0.1298,0.0417,125
31411,0.5377,0.4289,0.0335,103
31416,0.0033,0.0111,0.9856,75
31484,0.2198,0.7468,0.0334,43
31530,0.0028,0.0084,0.9888,40
31554,0.0274,0.0801,0.8925,182
31560,0.0083,0.0286,0.9631,117
31570,0.9718,0.0202,0.0080,59
31593,0.0052,0.0258,0.9689,158
31603,0.0028,0.0124,0.9849,61
31672,0.0054,0.0096,0.9850,52
31717,0.0027,0.0165,0.9808,51
31831,0.3317,0.5680,0.1004,243
31887,0.5646,0.3070,0.1283,69
31907,0.0036,0.0109,0.9855,106
31941,0.0059,0.0126,0.9816,78
31958,0.0936,0.1935,0.7129,73
31959,0.9187,0.0662,0.0151,162
32010,0.3387,0.6151,0.0462,63
32074,0.0079,0.1230,0.8691,86
32085,0.0043,0.0162,0.9795,70
32184,0.9421,0.0453,0.0126,101
32262,0.6165,0.3147,0.0688,48
32267,0.0078,0.0132,0.9791,48
32490,0.0036,0.0085,0.9879,19
32496,0.0079,0.0662,0.9258,80
32550,0.0028,0.0109,0.9863,49
32591,0.3182,0.1397,0.5421,52
32627,0.0059,0.0283,0.9658,183
32642,0.2108,0.6841,0.1051,493
32658,0.0113,0.0180,0.9707,73
32685,0.0033,0.0099,0.9868,19
32690,0.0034,0.0078,0.9888,24
32745,0.0098,0.0254,0.9648,218
32843,0.0028,0.0123,0.9848,39
32859,0.0041,0.0090,0.9869,41
33017,0.0130,0.0234,0.9636,39
33123,0.0066,0.0249,0.9684,30
33148,0.1220,0.1229,0.7551,114
33176,0.0218,0.0179,0.9603,66
33202,0.0056,0.0179,0.9766,101
33205,0.0062,0.0119,0.9819,69
33318,0.9427,0.0432,0.0141,422
33481,0.1267,0.7060,0.1673,134
33519,0.0112,0.0623,0.9265,55
33520,0.0063,0.0292,0.9645,63
33551,0.0151,0.0544,0.9305,123
33693,0.0156,0.0198,0.9646,66
33709,0.0036,0.0145,0.9819,35
33755,0.0086,0.0928,0.8986,99
33880,0.0266,0.1088,0.8645,40
33910,0.0029,0.0133,0.9837,28
33951,0.8336,0.1485,0.0179,50
33987,0.0031,0.0135,0.9835,25
34017,0.0036,0.0168,0.9796,117
34046,0.8775,0.1038,0.0187,405
34086,0.1273,0.7761,0.0966,187
34109,0.0081,0.0110,0.9808,36
34145,0.6918,0.2707,0.0375,39
34172,0.0096,0.0381,0.9523,65
34256,0.0030,0.0103,0.9867,27
34437,0.0046,0.0108,0.9846,50
34489,0.0062,0.0530,0.9408,64
34525,0.0299,0.6429,0.3273,30
34537,0.0047,0.0199,0.9754,30
34640,0.0052,0.0236,0.9712,140
34707,0.0120,0.1466,0.8414,258
34739,0.0027,0.0098,0.9876,61
34882,0.0113,0.0161,0.9725,72
34889,0.0145,0.1071,0.8784,196
34895,0.0050,0.0091,0.9859,132
34993,0.0041,0.0093,0.9866,32
35129,0.0027,0.0092,0.9880,82
35141,0.0039,0.0084,0.9877,87
35145,0.0033,0.0095,0.9872,46
35179,0.0033,0.0131,0.9836,38
35196,0.0072,0.0193,0.9735,119
35224,0.5473,0.4334,0.0193,140
35296,0.1671,0.7886,0.0443,26
35302,0.0050,0.0229,0.9721,121
35340,0.0051,0.0144,0.9806,42
35383,0.4255,0.4838,0.0907,106
35445,0.0037,0.0078,0.9884,23
35449,0.0488,0.2203,0.7309,25
35491,0.2404,0.5462,0.2133,329
35504,0.0032,0.0190,0.9778,34
35520,0.4713,0.4309,0.0978,163
35524,0.0028,0.0098,0.9873,46
35579,0.0344,0.8306,0.1349,74
35591,0.0027,0.0121,0.9852,91
35622,0.0031,0.0115,0.9854,20
35776,0.0129,0.0698,0.9174,40
35782,0.0520,0.7923,0.1557,63
35785,0.0036,0.0209,0.9755,41
35802,0.8429,0.1306,0.0266,47
35944,0.0042,0.0136,0.9822,42
35947,0.1500,0.6671,0.1829,78
35999,0.0123,0.0181,0.9696,63
36032,0.9189,0.0497,0.0315,931
36059,0.0030,0.0091,0.9879,49
36100,0.0061,0.0118,0.9821,133
36130,0.0036,0.0111,0.9853,46
36155,0.0076,0.0245,0.9678,66
36219,0.0038,0.0183,0.9778,90
36262,0.0031,0.0098,0.9871,37
36269,0.0513,0.5373,0.4114,108
36276,0.0027,0.0099,0.9874,75
36285,0.0034,0.0105,0.9861,37
36343,0.0038,0.0092,0.9871,80
36353,0.0035,0.0110,0.9855,53
36406,0.0057,0.0078,0.9865,56
36489,0.9734,0.0192,0.0074,37
36502,0.9417,0.0473,0.0110,248
36510,0.9719,0.0206,0.0074,71
36664,0.5672,0.2487,0.1841,231
36676,0.6583,0.3114,0.0304,400
36677,0.7561,0.1634,0.0805,270
36683,0.0128,0.0449,0.9423,86
36729,0.0043,0.0125,0.9833,41
36794,0.9253,0.0637,0.0109,100
36813,0.0049,0.0204,0.9748,46
36846,0.0035,0.0099,0.9866,71
36868,0.0041,0.0138,0.9821,40
36870,0.0030,0.0117,0.9853,33
36905,0.0315,0.0221,0.9464,31
36914,0.0035,0.0193,0.9772,36
36998,0.0028,0.0188,0.9783,45
37044,0.0112,0.0115,0.9773,84
37106,0.0071,0.0129,0.9800,84
37123,0.0918,0.0353,0.8728,80
37150,0.6172,0.3593,0.0234,41
37168,0.9523,0.0395,0.0082,75
37207,0.0040,0.0115,0.9845,41
37226,0.0040,0.0246,0.9713,65
37239,0.0031,0.0125,0.9844,60
37249,0.0074,0.1791,0.8135,47
37279,0.0035,0.0279,0.9687,167
37302,0.0427,0.1889,0.7684,148
37322,0.0029,0.0123,0.9848,76
37369,0.0045,0.0124,0.9830,80
37386,0.0066,0.0106,0.9829,72
37464,0.0162,0.0792,0.9046,79
37486,0.9221,0.0689,0.0090,32
37498,0.0067,0.0196,0.9738,141
37503,0.0036,0.0087,0.9877,58
37594,0.0039,0.0206,0.9754,73
37661,0.0056,0.0099,0.9845,53
37664,0.0063,0.0090,0.9847,111
37669,0.7854,0.1714,0.0432,113
37681,0.0620,0.0462,0.8918,46
37721,0.0273,0.0462,0.9266,72
37730,0.0418,0.0706,0.8877,539
37758,0.0782,0.1637,0.7581,91
37804,0.0294,0.6627,0.3079,448
37836,0.0037,0.0089,0.9874,59
37860,0.0078,0.0168,0.9754,87
37867,0.6897,0.2502,0.0601,45
37889,0.0040,0.0085,0.9874,146
38058,0.0041,0.0268,0.9692,20
38059,0.0159,0.0241,0.9599,33
38066,0.0039,0.0161,0.9800,56
38073,0.0048,0.0167,0.9785,30
38088,0.0052,0.0377,0.9571,20
38242,0.0033,0.0144,0.9823,51
38245,0.0035,0.0091,0.9874,25
38252,0.0037,0.0207,0.9756,82
38366,0.0160,0.0198,0.9642,53
38369,0.0026,0.0227,0.9748,68
38446,0.0052,0.0080,0.9868,50
38469,0.0071,0.0234,0.9695,42
38518,0.0056,0.0326,0.9618,36
38573,0.0159,0.0333,0.9509,145
38578,0.0051,0.0106,0.9844,48
38659,0.0030,0.0152,0.9818,59
38676,0.0173,0.0440,0.9387,30
38764,0.0040,0.0130,0.9830,102
38811,0.0033,0.0093,0.9874,58
38900,0.0037,0.0086,0.9877,47
38928,0.0058,0.0316,0.9626,70
38975,0.0062,0.0216,0.9722,61
39065,0.0035,0.0122,0.9843,35
39083,0.0048,0.0157,0.9796,243
39199,0.0273,0.2970,0.6757,81
39246,0.0386,0.4680,0.4934,67
39279,0.0032,0.0127,0.9841,74
39295,0.0043,0.0095,0.9862,113
39321,0.4496,0.3681,0.1824,79
39374,0.3195,0.3100,0.3706,143
39379,0.3062,0.3354,0.3584,150
39412,0.0028,0.0102,0.9869,28
39465,0.0126,0.0477,0.9396,35
39476,0.0814,0.6979,0.2208,44
39505,0.0041,0.0140,0.9819,97
39532,0.0112,0.0740,0.9148,78
39621,0.0157,0.0357,0.9486,105
39635,0.0028,0.0242,0.9730,95
39637,0.4779,0.5025,0.0196,36
39640,0.5213,0.4655,0.0132,48
39651,0.0082,0.0131,0.9787,31
39702,0.0052,0.0198,0.9750,94
39726,0.7230,0.1614,0.1157,126
39785,0.0046,0.0105,0.9850,175
39811,0.8835,0.0961,0.0204,39
39842,0.5460,0.3707,0.0833,38
39855,0.2202,0.6518,0.1280,142
39862,0.0089,0.0184,0.9727,190
40039,0.2906,0.3636,0.3459,203
40069,0.6408,0.2746,0.0846,107
40080,0.0918,0.3700,0.5383,332
40088,0.5607,0.4089,0.0303,128
40164,0.0071,0.0105,0.9824,25
40165,0.0156,0.1636,0.8209,93
40169,0.0186,0.0202,0.9612,36
40231,0.0034,0.0097,0.9869,30
40264,0.9284,0.0638,0.0078,86
40291,0.0115,0.0130,0.9755,89
40313,0.3726,0.5535,0.0740,165
40326,0.9457,0.0472,0.0071,80
40361,0.1687,0.1002,0.7312,27
40397,0.2514,0.7096,0.0390,265
40419,0.0185,0.2270,0.7546,64
40438,0.1642,0.6498,0.1860,113
40457,0.0044,0.0101,0.9854,38
40642,0.0044,0.0143,0.9813,28
40670,0.4438,0.4865,0.0698,93
40680,0.0041,0.0102,0.9857,28
40696,0.0615,0.8491,0.0893,45
40765,0.0030,0.0122,0.9848,39
40774,0.0105,0.0266,0.9629,37
40787,0.0913,0.7610,0.1476,80
40795,0.8607,0.1125,0.0268,37
40800,0.0059,0.0097,0.9844,38
40837,0.0039,0.0113,0.9847,88
40858,0.0031,0.0171,0.9799,38
40871,0.0040,0.0087,0.9873,26
40877,0.0039,0.0089,0.9872,33
41048,0.8936,0.0887,0.0176,40
41114,0.0646,0.0491,0.8862,78
41125,0.9090,0.0661,0.0248,26
41133,0.0027,0.0111,0.9862,193
41152,0.0028,0.0109,0.9864,84
41154,0.0051,0.0234,0.9716,66
41220,0.0080,0.0158,0.9762,72
41252,0.0627,0.0634,0.8739,97
41258,0.0038,0.0175,0.9787,19
41393,0.0089,0.0178,0.9732,56
41400,0.1529,0.3777,0.4694,116
41411,0.9069,0.0846,0.0085,36
41488,0.0038,0.0118,0.9844,33
41527,0.0179,0.0808,0.9012,347
41545,0.9667,0.0249,0.0083,195
41596,0.0098,0.0167,0.9736,25
41691,0.0045,0.0588,0.9367,153
41730,0.0178,0.0997,0.8826,81
41733,0.0097,0.0177,0.9727,128
41764,0.0047,0.0119,0.9834,185
41781,0.0205,0.2468,0.7327,151
41782,0.0030,0.0094,0.9876,28
41850,0.4179,0.3733,0.2088,265
41877,0.4444,0.1783,0.3773,118
42032,0.1357,0.3086,0.5557,126
42054,0.0061,0.0509,0.9430,18
42063,0.0050,0.0144,0.9806,38
42191,0.0029,0.0090,0.9881,47
42195,0.0038,0.0133,0.9829,81
42196,0.0114,0.0594,0.9292,50
42227,0.0054,0.0098,0.9848,30
42296,0.0040,0.0180,0.9781,348
42426,0.0032,0.0313,0.9655,53
42543,0.0847,0.6466,0.2687,271
42579,0.0070,0.0111,0.9818,59
42581,0.1069,0.8634,0.0297,90
42745,0.0137,0.0594,0.9269,46
42849,0.2801,0.6609,0.0590,163
42870,0.8630,0.1264,0.0106,140
42910,0.3105,0.6266,0.0629,112
43058,0.4913,0.4567,0.0520,63
43076,0.0182,0.0493,0.9325,41
43184,0.0038,0.0334,0.9628,122
43265,0.0224,0.0263,0.9513,54
43295,0.0048,0.0134,0.9818,52
43296,0.8201,0.1690,0.0109,148
43300,0.0257,0.4802,0.4941,199
43372,0.3017,0.5869,0.1114,79
43406,0.0057,0.0106,0.9836,91
43436,0.9380,0.0545,0.0075,40
43489,0.0028,0.0120,0.9852,123
43511,0.0032,0.0101,0.9867,30
43541,0.0706,0.8242,0.1052,40
43558,0.0026,0.0124,0.9850,51
43567,0.0043,0.0108,0.9849,53
43568,0.0051,0.0102,0.9847,23
43585,0.1070,0.8623,0.0308,61
43606,0.0034,0.0143,0.9823,30
43620,0.0066,0.0244,0.9690,87
43749,0.0050,0.0104,0.9846,42
43750,0.0052,0.0122,0.9826,91
43809,0.0029,0.0136,0.9835,79
43842,0.0029,0.0142,0.9829,41
43856,0.9517,0.0408,0.0075,107
43933,0.3020,0.3144,0.3836,29
43937,0.4097,0.2402,0.3501,56
43938,0.2413,0.5521,0.2066,370
43954,0.0036,0.0169,0.9795,25
44003,0.9665,0.0228,0.0107,134
44052,0.0348,0.0779,0.8873,234
44084,0.1411,0.1455,0.7134,32
44117,0.4755,0.3720,0.1524,160
44152,0.0037,0.0460,0.9503,44
44190,0.0039,0.0210,0.9751,73
44226,0.9618,0.0311,0.0071,49
44241,0.8602,0.1272,0.0126,130
44302,0.0102,0.0095,0.9803,117
44381,0.0099,0.0183,0.9718,78
44449,0.0040,0.0161,0.9798,38
44501,0.0045,0.0220,0.9736,24
44529,0.0035,0.0171,0.9794,55
44531,0.0213,0.0284,0.9503,39
44564,0.0210,0.0673,0.9117,33
44606,0.0026,0.0103,0.9870,88
44616,0.0121,0.1253,0.8626,150
44620,0.0830,0.7820,0.1350,142
44638,0.0439,0.2784,0.6777,149
44678,0.0028,0.0162,0.9810,57
44694,0.0504,0.6629,0.2867,150
44723,0.0032,0.0176,0.9792,95
44849,0.0033,0.0118,0.9850,39
44850,0.0038,0.0111,0.9851,32
44871,0.0401,0.3309,0.6290,36
44939,0.7862,0.1881,0.0257,28
45088,0.0105,0.0265,0.9630,45
45095,0.0046,0.0216,0.9738,15
45148,0.0147,0.0139,0.9714,83
45241,0.0053,0.0130,0.9817,75
45246,0.1983,0.7520,0.0498,34
45266,0.0055,0.0096,0.9849,69
45325,0.0134,0.0187,0.9679,42
45357,0.0046,0.0111,0.9842,38
45395,0.0162,0.0307,0.9531,52
45441,0.0433,0.0942,0.8625,175
45540,0.0093,0.0663,0.9244,313
45626,0.0270,0.5791,0.3939,176
45647,0.0091,0.0289,0.9620,118
45722,0.1051,0.8684,0.0265,73
45731,0.0227,0.1199,0.8575,122
45756,0.7403,0.2298,0.0299,163
45771,0.0727,0.6242,0.3031,137
45807,0.7174,0.2495,0.0331,40
45830,0.1025,0.4047,0.4928,422
45851,0.0047,0.0582,0.9371,101
45873,0.1198,0.7941,0.0861,156
46041,0.4873,0.4420,0.0707,105
46054,0.0431,0.3676,0.5893,343
46063,0.2194,0.7325,0.0482,114
46067,0.0103,0.1730,0.8167,71
46083,0.0034,0.0106,0.9860,28
46101,0.0128,0.0829,0.9043,48
46146,0.0647,0.7461,0.1892,115
46193,0.8457,0.1296,0.0247,66
46234,0.1755,0.3457,0.4788,292
46256,0.0306,0.6315,0.3379,61
46285,0.8991,0.0911,0.0098,176
46635,0.9677,0.0253,0.0070,68
46653,0.0050,0.0088,0.9862,54
46681,0.1356,0.0447,0.8197,77
46707,0.0588,0.3951,0.5460,73
46725,0.0039,0.0094,0.9866,60
46741,0.0034,0.0114,0.9852,61
46782,0.0032,0.0183,0.9785,70
46820,0.0717,0.0480,0.8803,26
46875,0.2009,0.6800,0.1191,66
46900,0.0072,0.0427,0.9501,120
46990,0.0060,0.0094,0.9846,50
47034,0.0090,0.0117,0.9793,41
47072,0.0042,0.0171,0.9787,179
47074,0.1344,0.4534,0.4121,184
47091,0.9451,0.0384,0.0165,102
47388,0.0036,0.0109,0.9855,20
47402,0.8080,0.1481,0.0439,70
47504,0.4203,0.5493,0.0304,156
47517,0.0116,0.0105,0.9779,91
47528,0.5415,0.4253,0.0332,28
47570,0.0233,0.3616,0.6151,119
47638,0.9583,0.0339,0.0078,117
47701,0.0069,0.0153,0.9777,121
47708,0.0057,0.0104,0.9839,95
47718,0.0040,0.0111,0.9849,32
47762,0.0047,0.0105,0.9849,95
47766,0.0080,0.0301,0.9619,182
47826,0.0055,0.0102,0.9843,60
47909,0.0036,0.0116,0.9848,118
47915,0.0025,0.0200,0.9775,35
47925,0.0040,0.0201,0.9759,80
47955,0.0084,0.0088,0.9828,34
47970,0.8818,0.1070,0.0112,84
47986,0.1521,0.4575,0.3904,199
47992,0.4586,0.5117,0.0296,85
48003,0.0039,0.0186,0.9775,108
48060,0.8760,0.1027,0.0213,143
48083,0.0073,0.0126,0.9801,37
48201,0.0050,0.0222,0.9728,97
48242,0.0061,0.0383,0.9556,91
48244,0.6508,0.1156,0.2335,99
48285,0.0034,0.0142,0.9824,153
48297,0.0039,0.0276,0.9685,36
48331,0.0219,0.1707,0.8074,99
48369,0.0033,0.0234,0.9733,43
48400,0.0054,0.0207,0.9739,162
48433,0.0197,0.1608,0.8196,138
48445,0.0174,0.2410,0.7416,203
48448,0.0055,0.0095,0.9850,184
48467,0.0040,0.0093,0.9867,71
48498,0.0032,0.0090,0.9878,87
48596,0.0032,0.0143,0.9825,145
48628,0.0041,0.0108,0.9851,73
48661,0.0026,0.0136,0.9838,73
48678,0.0040,0.0079,0.9882,77
48720,0.0045,0.0144,0.9811,102
48738,0.0027,0.0130,0.9843,82
48742,0.0052,0.0533,0.9416,149
48846,0.0042,0.0085,0.9873,51
48853,0.0113,0.1539,0.8348,86
48885,0.0031,0.0099,0.9870,110
48901,0.0032,0.0091,0.9877,26
48907,0.0070,0.0155,0.9775,107
48912,0.0042,0.0206,0.9752,31
48989,0.0037,0.0192,0.9770,64
49030,0.0032,0.0148,0.9821,76
49049,0.0031,0.0233,0.9736,47
49062,0.0030,0.0088,0.9882,59
49078,0.0137,0.0143,0.9720,47
49126,0.0048,0.0107,0.9845,102
49135,0.0228,0.1611,0.8161,49
49168,0.0063,0.0140,0.9798,59
49273,0.0071,0.0129,0.9800,51
49303,0.0463,0.8227,0.1310,75
49354,0.9731,0.0170,0.0099,42
49391,0.9325,0.0605,0.0070,56
49459,0.1157,0.7074,0.1769,166
49476,0.0053,0.0522,0.9425,30
49489,0.0621,0.3607,0.5772,158
49662,0.0044,0.0087,0.9870,64
49704,0.0035,0.0167,0.9798,90
49746,0.0029,0.0086,0.9885,80
49748,0.1947,0.7244,0.0808,65
49751,0.6441,0.3248,0.0311,71
49959,0.0139,0.0144,0.9718,94
49984,0.0035,0.0190,0.9775,51
49994,0.0028,0.0118,0.9854,24
49996,0.0032,0.0095,0.9874,50
50140,0.9503,0.0423,0.0074,38
50162,0.0035,0.0117,0.9848,29
50192,0.0145,0.1917,0.7938,40
50220,0.0026,0.0091,0.9883,41
50239,0.2740,0.7006,0.0254,41
50308,0.0096,0.0501,0.9403,72
50335,0.0030,0.0117,0.9852,55
50422,0.2277,0.2128,0.5596,71
50451,0.1765,0.2178,0.6057,167
50522,0.0050,0.0099,0.9850,120
50535,0.0089,0.0254,0.9656,148
50568,0.7299,0.2460,0.0242,179
50581,0.5007,0.2204,0.2789,280
50644,0.4454,0.5307,0.0238,47
50673,0.9523,0.0398,0.0080,74
50698,0.0449,0.0543,0.9008,194
50707,0.1290,0.8094,0.0615,30
50722,0.9685,0.0246,0.0070,170
50732,0.0045,0.0118,0.9837,222
50849,0.0043,0.0113,0.9844,73
50922,0.0510,0.0544,0.8946,177
50932,0.0272,0.0319,0.9410,72
50974,0.1996,0.1910,0.6094,143
51024,0.2941,0.3781,0.3277,282
51093,0.0032,0.0101,0.9867,64
51154,0.0036,0.0097,0.9866,87
51201,0.9698,0.0249,0.0053,26
51211,0.0028,0.0094,0.9878,134
51227,0.0092,0.1471,0.8437,52
51656,0.0037,0.0101,0.9862,62
51725,0.5880,0.2166,0.1954,195
51760,0.7934,0.1834,0.0231,68
51796,0.0044,0.0083,0.9873,28
51853,0.0045,0.0092,0.9863,43
51908,0.0040,0.0207,0.9752,171
51961,0.9681,0.0226,0.0093,128
52018,0.0060,0.0161,0.9780,47
52074,0.2988,0.1747,0.5265,271
52137,0.0050,0.0213,0.9737,92
52146,0.0043,0.0161,0.9795,217
52182,0.7131,0.2149,0.0720,90
52190,0.0656,0.6090,0.3254,183
52238,0.0024,0.0094,0.9882,42
52242,0.0028,0.0120,0.9852,103
52256,0.0033,0.0117,0.9850,80
52268,0.0606,0.6128,0.3266,90
52321,0.8375,0.1536,0.0089,39
52335,0.9311,0.0484,0.0205,108
52348,0.0042,0.0081,0.9877,60
52640,0.0031,0.0089,0.9880,37
52755,0.0077,0.0633,0.9290,57
52765,0.0030,0.0096,0.9874,28
52774,0.1341,0.0902,0.7756,320
52910,0.0057,0.0080,0.9863,56
52930,0.9510,0.0407,0.0083,120
52977,0.6338,0.3459,0.0203,147
53086,0.0122,0.0138,0.9740,128
53090,0.0032,0.0089,0.9879,25
53095,0.9501,0.0431,0.0068,75
53135,0.0120,0.0094,0.9785,30
53169,0.0041,0.0093,0.9865,98
53188,0.0039,0.0130,0.9830,60
53263,0.4880,0.1591,0.3530,221
53295,0.7681,0.1885,0.0433,245
53327,0.0037,0.0110,0.9853,34
53333,0.0037,0.0143,0.9821,101
53392,0.0028,0.0123,0.9849,56
53409,0.0038,0.0093,0.9869,28
53416,0.0072,0.0119,0.9809,102
53425,0.1319,0.7254,0.1427,163
53473,0.0040,0.0484,0.9476,100
53475,0.0031,0.0097,0.9872,29
53493,0.0067,0.0211,0.9722,117
53526,0.0037,0.0197,0.9766,197
53567,0.0160,0.0152,0.9689,173
53592,0.5527,0.2223,0.2249,194
53594,0.9507,0.0373,0.0120,86
53682,0.9528,0.0364,0.0108,38
53900,0.0025,0.0106,0.9869,42
53935,0.6899,0.2374,0.0727,152
53947,0.0033,0.0093,0.9874,29
54102,0.9531,0.0358,0.0111,104
54237,0.0055,0.0172,0.9773,74
54304,0.0066,0.0109,0.9824,130
54306,0.0090,0.0096,0.9814,79
54330,0.0032,0.0125,0.9843,117
54352,0.0044,0.0347,0.9609,173
54355,0.6679,0.2925,0.0395,36
54423,0.0066,0.0348,0.9586,132
54433,0.0029,0.0165,0.9806,40
54545,0.3938,0.5626,0.0436,116
54550,0.8910,0.0918,0.0172,88
54581,0.4013,0.5619,0.0368,59
54584,0.0050,0.0251,0.9699,79
54734,0.0954,0.0477,0.8569,55
54752,0.0039,0.0096,0.9866,19
54778,0.0061,0.0107,0.9832,32
54831,0.1446,0.1033,0.7521,17
54877,0.0231,0.0203,0.9566,140
54883,0.0062,0.0126,0.9812,50
54898,0.0032,0.0103,0.9865,90
54902,0.7442,0.1349,0.1208,60
54912,0.0073,0.0682,0.9245,145
55087,0.1046,0.0763,0.8191,202
55096,0.7052,0.2807,0.0141,74
55104,0.7717,0.2140,0.0144,101
55193,0.0031,0.0109,0.9860,30
55201,0.0812,0.1617,0.7570,54
55217,0.0048,0.0157,0.9795,21
55232,0.0031,0.0092,0.9877,42
55253,0.0028,0.0164,0.9808,69
55382,0.0058,0.0127,0.9816,50
55459,0.1241,0.0904,0.7855,35
55538,0.1503,0.8097,0.0400,180
55552,0.0057,0.0227,0.9716,336
55576,0.2438,0.4349,0.3213,276
55624,0.3432,0.5520,0.1048,286
55647,0.2498,0.7088,0.0414,166
55658,0.0949,0.8727,0.0324,229
55784,0.0046,0.0198,0.9756,55
55862,0.0079,0.0126,0.9795,72
55868,0.0053,0.0102,0.9845,26
55902,0.9374,0.0547,0.0079,30
55941,0.0140,0.0726,0.9134,372
55949,0.0308,0.0262,0.9431,60
56101,0.1351,0.0639,0.8009,42
56128,0.0055,0.0298,0.9647,322
56190,0.7972,0.1904,0.0125,55
56216,0.0036,0.0084,0.9880,70
56243,0.3794,0.1493,0.4713,32
56324,0.1560,0.2609,0.5831,90
56357,0.0385,0.9145,0.0470,38
56383,0.1248,0.8184,0.0567,111
56454,0.0080,0.0214,0.9706,146
56468,0.4305,0.3640,0.2054,142
56471,0.0781,0.8719,0.0500,30
56741,0.1836,0.4132,0.4032,344
56749,0.9461,0.0396,0.0143,149
56779,0.2630,0.2809,0.4561,85
56793,0.9575,0.0348,0.0077,341
56869,0.0115,0.1100,0.8786,372
56871,0.0161,0.0946,0.8893,268
56942,0.0421,0.1142,0.8437,61
56943,0.3684,0.3293,0.3023,36
56996,0.0042,0.0086,0.9872,53
57030,0.0088,0.0183,0.9729,31
57048,0.0037,0.0122,0.9841,117
57100,0.0077,0.0158,0.9764,91
57123,0.0447,0.0314,0.9239,83
57148,0.0026,0.0113,0.9862,30
57159,0.0053,0.0122,0.9825,34
57168,0.1927,0.6408,0.1665,121
57428,0.3937,0.1560,0.4503,155
57444,0.0055,0.0142,0.9803,26
57495,0.0410,0.0427,0.9163,128
57560,0.0101,0.0128,0.9771,43
57610,0.7946,0.1954,0.0100,46
57670,0.0032,0.0100,0.9868,106
57725,0.0052,0.0227,0.9722,55
57757,0.0042,0.0293,0.9664,150
57797,0.0032,0.0088,0.9880,33
57891,0.5226,0.3801,0.0972,173
57907,0.3040,0.5170,0.1790,166
57964,0.2559,0.3065,0.4376,314
58073,0.8254,0.1651,0.0095,31
58082,0.2832,0.5894,0.1274,119
58117,0.0028,0.0114,0.9858,50
58123,0.8896,0.0744,0.0360,66
58152,0.0066,0.0634,0.9300,47
58161,0.0634,0.7238,0.2128,64
58197,0.1141,0.7640,0.1219,62
58206,0.4736,0.4624,0.0639,41
58270,0.0049,0.0172,0.9779,78
58315,0.0029,0.0084,0.9887,29
58426,0.6735,0.2757,0.0507,63
58432,0.3837,0.5894,0.0270,100
58434,0.0358,0.2929,0.6713,159
58483,0.5576,0.3678,0.0746,62
58495,0.0033,0.0132,0.9835,38
58510,0.0034,0.0087,0.9879,59
58548,0.0198,0.0523,0.9280,122
58741,0.0922,0.7007,0.2070,91
58802,0.5102,0.3789,0.1109,1060
58849,0.8840,0.1040,0.0120,52
58856,0.1243,0.6945,0.1811,132
58996,0.5703,0.4085,0.0212,60
59011,0.0037,0.0091,0.9871,35
59078,0.0046,0.0255,0.9699,183
59089,0.0045,0.0114,0.9841,31
59095,0.0033,0.0101,0.9866,54
59114,0.8971,0.0964,0.0065,42
59151,0.0027,0.0102,0.9871,67
59168,0.0041,0.0552,0.9407,84
59261,0.3577,0.6054,0.0369,47
59297,0.0553,0.0443,0.9003,53
59303,0.0033,0.0132,0.9835,110
59330,0.0026,0.0115,0.9859,52
59448,0.0041,0.0286,0.9673,186
59485,0.1166,0.2609,0.6225,137
59506,0.7830,0.1318,0.0852,57
59520,0.0045,0.0152,0.9803,34
59602,0.0176,0.0607,0.9217,115
59641,0.6744,0.2603,0.0653,59
59649,0.1888,0.1867,0.6244,524
59739,0.0968,0.1117,0.7914,99
59760,0.2196,0.2341,0.5463,67
59840,0.0113,0.0251,0.9636,84
59867,0.0028,0.0082,0.9890,39
59946,0.0039,0.0087,0.9874,63
60005,0.1345,0.7108,0.1546,221
60105,0.0040,0.0207,0.9753,45
60120,0.0032,0.0120,0.9848,20
60172,0.0055,0.0231,0.9714,352
60178,0.4364,0.3545,0.2091,164
60212,0.0072,0.0149,0.9779,27
60268,0.0312,0.1235,0.8453,197
60285,0.8621,0.1099,0.0280,84
60304,0.0032,0.0159,0.9809,71
60396,0.0049,0.0136,0.9815,103
60410,0.1030,0.5521,0.3450,173
60468,0.0030,0.0098,0.9872,38
60474,0.0049,0.0198,0.9753,71
60501,0.0053,0.0171,0.9776,191
60566,0.0188,0.0152,0.9660,80
60590,0.0423,0.7007,0.2571,35
60621,0.2468,0.4956,0.2576,371
60628,0.0520,0.3865,0.5615,328
60638,0.0053,0.0126,0.9821,35
60650,0.0057,0.0132,0.9812,272
60662,0.3912,0.4674,0.1414,127
60684,0.1548,0.2538,0.5914,22
60742,0.0275,0.0670,0.9055,208
60743,0.0266,0.1678,0.8056,51
60793,0.7847,0.1855,0.0298,128
60808,0.0031,0.0212,0.9757,93
60827,0.0247,0.0564,0.9190,131
60843,0.1542,0.1916,0.6541,30
60953,0.0037,0.0221,0.9742,36
60963,0.0170,0.0129,0.9700,79
61033,0.0034,0.0147,0.9819,111
61096,0.0484,0.4521,0.4996,112
61106,0.0914,0.6222,0.2865,330
61246,0.5051,0.3916,0.1033,640
61295,0.0197,0.0235,0.9567,48
61340,0.0050,0.0121,0.9829,73
61342,0.1927,0.0773,0.7301,124
61368,0.0057,0.0166,0.9777,26
61678,0.0238,0.0554,0.9207,151
61679,0.0132,0.0416,0.9452,52
61696,0.0025,0.0133,0.9842,42
61865,0.0999,0.0438,0.8564,34
61871,0.0067,0.0135,0.9797,152
61893,0.0031,0.0082,0.9887,44
61934,0.0188,0.0188,0.9625,81
62024,0.0032,0.0089,0.9879,18
62028,0.0170,0.0899,0.8931,129
62037,0.0049,0.0108,0.9843,36
62043,0.0260,0.1136,0.8604,47
62110,0.0065,0.0131,0.9803,128
62136,0.0056,0.0213,0.9731,19
62177,0.0040,0.0140,0.9820,382
62422,0.0033,0.0099,0.9868,31
62469,0.0466,0.3509,0.6025,294
62520,0.0914,0.0430,0.8655,30
62522,0.0154,0.0228,0.9619,77
62546,0.2913,0.1841,0.5247,57
62552,0.8123,0.1733,0.0145,64
62554,0.9655,0.0273,0.0072,55
62564,0.4745,0.4694,0.0561,211
62594,0.0047,0.0096,0.9857,152
62615,0.6208,0.3513,0.0279,78
62618,0.1281,0.8085,0.0633,58
62928,0.0029,0.0134,0.9837,58
63009,0.1376,0.1672,0.6952,69
63046,0.0053,0.0085,0.9862,68
63067,0.0063,0.0234,0.9703,52
63110,0.0130,0.2622,0.7248,209
63163,0.0031,0.0135,0.9834,102
63203,0.0502,0.8612,0.0885,38
63237,0.0098,0.0147,0.9755,54
63285,0.0047,0.0325,0.9628,27
63315,0.1242,0.8518,0.0240,196
63344,0.1325,0.7332,0.1343,151
63372,0.3441,0.6164,0.0395,339
63531,0.0518,0.7492,0.1991,88
63544,0.1031,0.7718,0.1251,128
63561,0.9242,0.0691,0.0067,179
63564,0.0801,0.8988,0.0211,70
63593,0.0052,0.0405,0.9543,95
63624,0.7908,0.1951,0.0141,243
63686,0.0033,0.0224,0.9744,150
63738,0.9086,0.0814,0.0099,105
63767,0.0703,0.8897,0.0400,47
63783,0.1146,0.7714,0.1140,67
63821,0.7603,0.2181,0.0216,116
63829,0.0035,0.0251,0.9715,86
63940,0.0030,0.0141,0.9829,88
64034,0.0029,0.0109,0.9862,62
64076,0.0033,0.0178,0.9789,134
64119,0.1388,0.1813,0.6799,144
64129,0.0029,0.0171,0.9800,24
64207,0.9212,0.0657,0.0130,29
64252,0.8920,0.0787,0.0293,100
64261,0.0848,0.2930,0.6222,33
64330,0.0044,0.0162,0.9794,106
64367,0.1721,0.4058,0.4221,46
64428,0.0178,0.0569,0.9253,380
64433,0.0117,0.0643,0.9240,174
64471,0.0207,0.3153,0.6640,188
64493,0.0064,0.0115,0.9821,37
64519,0.0063,0.0254,0.9683,76
64557,0.0031,0.0156,0.9813,32
64558,0.0032,0.0186,0.9781,34
64563,0.1209,0.4248,0.4543,192
64618,0.0033,0.0083,0.9884,22
64633,0.0053,0.0169,0.9778,35
64858,0.0038,0.0159,0.9803,106
64992,0.0354,0.5446,0.4200,65
65008,0.0062,0.0225,0.9713,53
65017,0.4112,0.4191,0.1697,192
65051,0.0057,0.0318,0.9625,99
65086,0.9391,0.0518,0.0090,122
65132,0.0105,0.0509,0.9386,58
65145,0.0246,0.1144,0.8609,24
65254,0.0055,0.0083,0.9861,42
65260,0.0035,0.0093,0.9872,267
65264,0.0035,0.0138,0.9827,85
65361,0.6951,0.1092,0.1957,77
65390,0.0039,0.0190,0.9771,51
65510,0.0037,0.0210,0.9753,47
65606,0.0032,0.0104,0.9864,28
65624,0.0213,0.0180,0.9608,30
65680,0.1018,0.2539,0.6443,408
65693,0.6452,0.3069,0.0479,167
65705,0.0030,0.0154,0.9816,97
65762,0.0036,0.0119,0.9845,154
65876,0.1163,0.6233,0.2603,61
65877,0.0037,0.0189,0.9775,62
65899,0.0032,0.0150,0.9818,117
65906,0.0037,0.0213,0.9750,34
66015,0.0032,0.0116,0.9852,65
66022,0.0030,0.0099,0.9871,49
66089,0.0030,0.0109,0.9861,36
66162,0.0042,0.0139,0.9818,100
66260,0.0093,0.0231,0.9677,101
66279,0.0780,0.8641,0.0579,66
66335,0.0980,0.8022,0.0999,47
66398,0.0078,0.0928,0.8995,138
66627,0.4218,0.5012,0.0771,105
66669,0.7731,0.1571,0.0698,62
66705,0.0028,0.0095,0.9877,34
66902,0.1195,0.7120,0.1685,191
66915,0.0035,0.0128,0.9837,161
66949,0.0043,0.0148,0.9809,114
66981,0.0501,0.6985,0.2514,57
66992,0.0032,0.0212,0.9757,64
67061,0.9078,0.0824,0.0098,44
67167,0.0114,0.0951,0.8935,72
67173,0.0032,0.0126,0.9841,321
67182,0.0563,0.1132,0.8305,142
67242,0.1049,0.5027,0.3924,89
67302,0.0891,0.8076,0.1033,67
67334,0.9625,0.0278,0.0097,100
67348,0.0071,0.0271,0.9659,42
67369,0.9296,0.0638,0.0066,29
67370,0.0033,0.0080,0.9886,56
67412,0.2067,0.2326,0.5607,153
67415,0.9503,0.0326,0.0171,76
67428,0.9146,0.0672,0.0182,78
67450,0.3896,0.4016,0.2087,120
67453,0.0032,0.0142,0.9825,89
67522,0.9353,0.0569,0.0078,78
67554,0.0100,0.0153,0.9747,73
67603,0.4054,0.4174,0.1772,264
67625,0.0058,0.0304,0.9638,34
67629,0.9266,0.0669,0.0064,56
67653,0.0086,0.0133,0.9780,73
67726,0.5827,0.3021,0.1153,44
67967,0.0346,0.5731,0.3923,152
67980,0.0433,0.0341,0.9226,85
68491,0.0034,0.0143,0.9823,54
68514,0.1160,0.0957,0.7882,106
68572,0.0083,0.0690,0.9226,139
68604,0.1081,0.1505,0.7414,233
68665,0.0032,0.0127,0.9841,455
68689,0.2979,0.4936,0.2085,372
68747,0.0028,0.0131,0.9841,76
68864,0.8595,0.1306,0.0098,114
68871,0.0242,0.4080,0.5677,94
68935,0.0030,0.0073,0.9897,41
68948,0.0027,0.0137,0.9836,124
68965,0.0113,0.0181,0.9706,121
69008,0.0063,0.0091,0.9846,44
69074,0.0033,0.0119,0.9848,124
69118,0.0118,0.0216,0.9666,27
69164,0.0064,0.0087,0.9849,84
69200,0.0136,0.0554,0.9310,41
69360,0.0031,0.0089,0.9880,28
69363,0.0049,0.0727,0.9225,28
69392,0.0042,0.0106,0.9852,51
69395,0.0036,0.0141,0.9823,61
69430,0.0054,0.0086,0.9860,124
69492,0.0126,0.0903,0.8972,116
69540,0.9576,0.0322,0.0102,183
69541,0.8804,0.0941,0.0254,159
69773,0.0044,0.0151,0.9804,128
69825,0.0051,0.0232,0.9717,99
69982,0.1224,0.2204,0.6572,101
70018,0.2087,0.2261,0.5652,91
70031,0.1832,0.5480,0.2688,231
70131,0.0411,0.3744,0.5845,255
70170,0.0438,0.4236,0.5326,153
70201,0.0047,0.0161,0.9792,86
70211,0.0060,0.0299,0.9641,220
70225,0.8073,0.1818,0.0110,82
70229,0.0320,0.0433,0.9247,85
70272,0.0194,0.4925,0.4881,135
70289,0.0044,0.0129,0.9827,131
70350,0.6342,0.3405,0.0253,302
70416,0.0039,0.0211,0.9751,66
70475,0.0121,0.0103,0.9776,32
70525,0.9176,0.0680,0.0144,59
70531,0.8560,0.1342,0.0097,112
70533,0.0077,0.0084,0.9839,51
70565,0.0663,0.0677,0.8661,86
70578,0.0032,0.0080,0.9888,45
70586,0.0417,0.1446,0.8136,98
70620,0.0031,0.0093,0.9876,33
70625,0.0036,0.0099,0.9865,26
70634,0.0038,0.0515,0.9447,32
70655,0.0584,0.0284,0.9132,124
70675,0.0090,0.0162,0.9748,64
70676,0.0029,0.0091,0.9880,60
70681,0.0036,0.0101,0.9863,64
70685,0.0077,0.0135,0.9788,67
70701,0.0135,0.0399,0.9466,36
70731,0.0079,0.0146,0.9775,73
70796,0.0033,0.0124,0.9843,117
70821,0.9059,0.0679,0.0263,129
70879,0.0035,0.0152,0.9813,111
70970,0.0032,0.0184,0.9783,35
70971,0.0142,0.0123,0.9734,87
71024,0.0120,0.0137,0.9743,162
71050,0.0032,0.0100,0.9868,31
71070,0.1228,0.8325,0.0447,28
71115,0.9618,0.0297,0.0085,28
71133,0.1005,0.6515,0.2481,73
71146,0.0156,0.0194,0.9650,211
71351,0.2072,0.4170,0.3757,205
71373,0.0293,0.2371,0.7336,210
71390,0.3676,0.3067,0.3257,51
71455,0.0030,0.0327,0.9643,52
71551,0.1143,0.5287,0.3571,81
71623,0.0057,0.0124,0.9819,43
71650,0.0159,0.1867,0.7974,225
71719,0.0585,0.4305,0.5110,63
71725,0.0307,0.2746,0.6948,152
71727,0.2443,0.2208,0.5349,391
71755,0.0758,0.3312,0.5930,138
71786,0.0579,0.0430,0.8991,92
71839,0.0088,0.0744,0.9169,139
71875,0.0146,0.0486,0.9367,54
71977,0.0419,0.1462,0.8119,101
72045,0.3011,0.6832,0.0157,144
72096,0.0372,0.0645,0.8983,109
72147,0.0486,0.6542,0.2972,75
72176,0.3984,0.4155,0.1860,181
72226,0.0076,0.0631,0.9293,45
72291,0.9718,0.0193,0.0089,31
72419,0.0062,0.0330,0.9608,44
72472,0.0047,0.0136,0.9817,28
72481,0.0080,0.0195,0.9725,53
72538,0.1243,0.8043,0.0714,309
72575,0.6070,0.3335,0.0595,182
72578,0.0099,0.0145,0.9756,64
72597,0.0072,0.0314,0.9614,273
72611,0.0086,0.0322,0.9592,116
72655,0.2473,0.2384,0.5143,92
72744,0.0028,0.0119,0.9853,42
72750,0.0083,0.0681,0.9236,97
72892,0.0075,0.0128,0.9797,49
72910,0.0045,0.0104,0.9851,75
72919,0.0031,0.0104,0.9865,74
72939,0.0306,0.1564,0.8130,44
72950,0.0531,0.1614,0.7855,150
72987,0.8109,0.1353,0.0538,106
73029,0.0036,0.0134,0.9831,31
73077,0.0119,0.0166,0.9715,29
73094,0.0063,0.0276,0.9661,84
73280,0.0069,0.0469,0.9461,136
73283,0.0036,0.0075,0.9889,46
73299,0.0041,0.0095,0.9865,49
73331,0.4611,0.5239,0.0150,68
73339,0.1424,0.8315,0.0261,45
73343,0.8896,0.0891,0.0213,98
73371,0.0035,0.0254,0.9711,28
73373,0.0032,0.0114,0.9855,67
73427,0.9596,0.0317,0.0087,34
73457,0.2570,0.3790,0.3640,56
73475,0.0074,0.0116,0.9810,30
73477,0.8985,0.0894,0.0121,55
73488,0.0029,0.0098,0.9873,27
73541,0.0031,0.0154,0.9815,65
73605,0.0036,0.0214,0.9750,133
73664,0.0041,0.0318,0.9640,91
73682,0.9600,0.0326,0.0074,46
73688,0.0598,0.1805,0.7597,68
73694,0.0041,0.0207,0.9752,38
73701,0.0050,0.0364,0.9586,68
73728,0.0105,0.0410,0.9485,123
73763,0.0040,0.0087,0.9873,31
73806,0.0046,0.0093,0.9861,135
73818,0.9675,0.0221,0.0104,73
73830,0.0055,0.0522,0.9423,25
73891,0.9638,0.0290,0.0072,95
73905,0.0388,0.8774,0.0838,153
73968,0.0221,0.1852,0.7927,156
74007,0.9209,0.0724,0.0067,115
74051,0.0062,0.0872,0.9066,90
74121,0.1757,0.8044,0.0198,79
74128,0.0609,0.6112,0.3279,255
74166,0.0053,0.0395,0.9552,131
74184,0.3299,0.6522,0.0178,50
74251,0.0035,0.0098,0.9867,25
74255,0.1075,0.3704,0.5221,76
74293,0.0106,0.0319,0.9575,150
74327,0.2444,0.3721,0.3836,60
74361,0.2526,0.1407,0.6067,56
74389,0.0199,0.1382,0.8419,31
74406,0.0051,0.0802,0.9147,62
74420,0.9639,0.0282,0.0078,75
74446,0.0653,0.1922,0.7424,159
74606,0.0038,0.0163,0.9799,29
74612,0.0051,0.0614,0.9335,99
75284,0.5365,0.3372,0.1263,207
75314,0.9398,0.0383,0.0219,63
75346,0.0039,0.0080,0.9881,48
75348,0.0036,0.0199,0.9765,75
75416,0.0608,0.1175,0.8217,323
75439,0.0049,0.0086,0.9865,57
75462,0.0029,0.0131,0.9840,42
75487,0.1398,0.7291,0.1311,99
75503,0.0058,0.0136,0.9806,95
75519,0.0037,0.0104,0.9859,82
75561,0.0036,0.0147,0.9817,110
75607,0.0082,0.0408,0.9511,44
75737,0.3228,0.4853,0.1919,142
75742,0.0302,0.3397,0.6301,108
75762,0.3842,0.5827,0.0331,425
75811,0.1699,0.7586,0.0715,181
75815,0.0126,0.0178,0.9696,52
75955,0.0617,0.7778,0.1605,83
75976,0.1441,0.8334,0.0225,78
75980,0.0040,0.0087,0.9873,39
76099,0.0043,0.0246,0.9710,56
76107,0.0048,0.0363,0.9589,103
76123,0.4104,0.2765,0.3130,126
76144,0.0082,0.0139,0.9779,64
76159,0.0026,0.0084,0.9890,48
76192,0.0032,0.0089,0.9878,24
76234,0.0083,0.0217,0.9700,64
76243,0.0032,0.0096,0.9872,124
76548,0.1411,0.8287,0.0302,41
76561,0.0653,0.2743,0.6604,57
76579,0.0592,0.0656,0.8753,28
76623,0.0040,0.0082,0.9878,41
76633,0.0656,0.1781,0.7562,28
76730,0.8281,0.1159,0.0560,46
76762,0.0124,0.0277,0.9599,92
76844,0.8818,0.1111,0.0071,93
76878,0.0711,0.1098,0.8191,250
76881,0.5471,0.2520,0.2009,80
76923,0.0031,0.0093,0.9876,95
77019,0.0034,0.0094,0.9872,62
77077,0.0034,0.0193,0.9773,96
77090,0.0090,0.0304,0.9607,83
77163,0.9432,0.0472,0.0096,93
77264,0.0026,0.0205,0.9769,117
77278,0.0039,0.0239,0.9723,52
77310,0.0066,0.0330,0.9604,29
77344,0.0085,0.0158,0.9757,55
77347,0.0889,0.8361,0.0749,44
77369,0.1689,0.7210,0.1100,288
77397,0.0062,0.0086,0.9852,50
77453,0.0028,0.0125,0.9847,69
77462,0.0061,0.0141,0.9798,25
77511,0.0079,0.0166,0.9755,190
77570,0.0140,0.2324,0.7537,62
77587,0.0072,0.0956,0.8973,320
77605,0.1400,0.7696,0.0904,161
77638,0.0636,0.8645,0.0719,203
77807,0.0121,0.2265,0.7614,86
77828,0.0241,0.4799,0.4960,268
77842,0.0732,0.5626,0.3642,142
77864,0.0866,0.7928,0.1206,25
77868,0.0029,0.0126,0.9845,109
77916,0.0034,0.0089,0.9877,22
77928,0.1707,0.7675,0.0618,52
78084,0.9229,0.0533,0.0238,68
78202,0.0030,0.0147,0.9823,58
78261,0.0051,0.0124,0.9825,100
78295,0.0093,0.0216,0.9691,473
78348,0.0072,0.0114,0.9813,121
78406,0.3940,0.0894,0.5166,120
78503,0.0094,0.0211,0.9695,243
78840,0.9431,0.0398,0.0171,61
78856,0.0240,0.0388,0.9373,26
78913,0.9011,0.0894,0.0094,76
78927,0.0072,0.0181,0.9746,48
78961,0.0672,0.3305,0.6023,118
79025,0.0026,0.0111,0.9863,37
79101,0.0035,0.0090,0.9875,213
79126,0.9216,0.0676,0.0107,32
79141,0.0045,0.0100,0.9855,24
79274,0.5318,0.3919,0.0762,169
79331,0.0065,0.0087,0.9848,53
79343,0.2052,0.3906,0.4042,144
79386,0.0025,0.0110,0.9865,157
79399,0.1655,0.1706,0.6639,38
79449,0.0030,0.0123,0.9847,67
79474,0.0034,0.0128,0.9838,54
79525,0.0036,0.0152,0.9812,89
79570,0.0116,0.0610,0.9274,47
79591,0.0092,0.0282,0.9626,106
79633,0.0026,0.0120,0.9854,64
79781,0.0299,0.3867,0.5834,88
79785,0.0198,0.0198,0.9604,371
79862,0.0198,0.0544,0.9258,135
79874,0.0735,0.0940,0.8324,204
79877,0.7565,0.1965,0.0470,316
79972,0.0031,0.0093,0.9876,44
79990,0.0083,0.0360,0.9558,144
80041,0.0296,0.0269,0.9435,245
80060,0.0031,0.0145,0.9824,115
80178,0.0052,0.0096,0.9852,34
80288,0.1620,0.6240,0.2141,155
80291,0.8636,0.1299,0.0065,44
80305,0.0122,0.0198,0.9680,54
80321,0.1140,0.1011,0.7849,40
80324,0.5024,0.2979,0.1997,32
80327,0.1651,0.1281,0.7068,57
80341,0.8366,0.1489,0.0145,108
80425,0.0188,0.0320,0.9491,108
80479,0.2690,0.5113,0.2197,351
80523,0.9685,0.0246,0.0069,98
80531,0.0044,0.0110,0.9846,42
80568,0.0110,0.0691,0.9198,95
80607,0.0207,0.1444,0.8349,98
80612,0.0572,0.0444,0.8984,62
80640,0.4238,0.2602,0.3160,57
80654,0.0056,0.0122,0.9822,57
80750,0.0049,0.0095,0.9855,37
80756,0.0040,0.0099,0.9862,28
80776,0.0207,0.2346,0.7447,96
80798,0.0087,0.1023,0.8890,62
80799,0.0032,0.0233,0.9734,48
80824,0.0918,0.7161,0.1920,80
80857,0.0039,0.0194,0.9767,61
80861,0.0106,0.0225,0.9669,137
80883,0.0043,0.0095,0.9862,20
80884,0.0036,0.0109,0.9855,61
80896,0.0041,0.0077,0.9882,24
80907,0.1080,0.8413,0.0507,27
81027,0.8860,0.1030,0.0109,110
81029,0.0101,0.0465,0.9433,48
81059,0.0030,0.0125,0.9845,33
81078,0.0300,0.5204,0.4496,110
81090,0.9505,0.0377,0.0118,88
81097,0.8160,0.1396,0.0445,72
81110,0.0042,0.0203,0.9755,55
81197,0.0061,0.0518,0.9421,76
81236,0.0099,0.1573,0.8327,62
81277,0.0350,0.0351,0.9300,92
81358,0.0078,0.0149,0.9772,34
81385,0.0026,0.0123,0.9851,45
81402,0.0034,0.0197,0.9769,70
81437,0.9627,0.0297,0.0076,90
81628,0.0031,0.0136,0.9833,31
81649,0.8788,0.1050,0.0161,111
81650,0.0044,0.0189,0.9767,99
81655,0.1365,0.1533,0.7102,256
81673,0.1847,0.6726,0.1428,45
81691,0.0154,0.2976,0.6870,158
81711,0.0034,0.0138,0.9828,51
81772,0.0819,0.8577,0.0605,248
81813,0.0288,0.1191,0.8521,235
81869,0.0847,0.7544,0.1609,160
81890,0.0180,0.0260,0.9559,198
81949,0.0027,0.0203,0.9770,35
81959,0.0037,0.0082,0.9881,39
81983,0.3750,0.4661,0.1589,43
82038,0.0037,0.0138,0.9825,40
82067,0.2555,0.5601,0.1844,509
82122,0.0713,0.7495,0.1792,591
82127,0.0027,0.0118,0.9855,40
82167,0.0077,0.0128,0.9795,75
82206,0.0028,0.0109,0.9862,52
82213,0.0104,0.0443,0.9454,63
82266,0.9560,0.0383,0.0057,80
82284,0.0482,0.5895,0.3623,81
82285,0.6517,0.1829,0.1654,35
82346,0.0911,0.0480,0.8609,76
82363,0.0157,0.0526,0.9317,222
82405,0.0031,0.0083,0.9886,43
82419,0.0327,0.4394,0.5280,30
82771,0.0102,0.1386,0.8512,181
82871,0.0073,0.0558,0.9369,85
82924,0.0042,0.0154,0.9804,74
83060,0.0076,0.0146,0.9778,74
83112,0.0072,0.0106,0.9822,31
83179,0.3053,0.0840,0.6107,86
83184,0.0035,0.0135,0.9830,32
83233,0.0030,0.0153,0.9817,95
83263,0.4097,0.1628,0.4276,55
83312,0.0028,0.0087,0.9885,30
83336,0.0255,0.0293,0.9451,124
83497,0.0034,0.0243,0.9723,35
83512,0.0057,0.0650,0.9293,80
83604,0.0136,0.0164,0.9700,309
83610,0.0144,0.0712,0.9144,106
83725,0.0149,0.1410,0.8441,65
83752,0.0054,0.0389,0.9558,237
83761,0.2085,0.2809,0.5106,35
83868,0.0033,0.0148,0.9820,70
83922,0.0035,0.0103,0.9863,103
83973,0.0029,0.0155,0.9815,69
84086,0.0047,0.0185,0.9768,90
84109,0.0052,0.0090,0.9859,83
84137,0.0047,0.0150,0.9803,30
84153,0.0861,0.3470,0.5669,85
84265,0.1140,0.8474,0.0386,43
84338,0.0036,0.0097,0.9867,28
84402,0.0027,0.0159,0.9815,85
84407,0.0171,0.0287,0.9542,170
84430,0.0037,0.0211,0.9753,119
84455,0.9204,0.0686,0.0109,49
84520,0.2704,0.6823,0.0472,32
84540,0.0184,0.0209,0.9607,27
84594,0.0269,0.0526,0.9205,135
84628,0.0159,0.1299,0.8542,60
84665,0.0498,0.1078,0.8424,99
84868,0.0045,0.0133,0.9822,58
84924,0.0037,0.0106,0.9857,84
84980,0.0130,0.0436,0.9434,136
85013,0.0035,0.0101,0.9864,61
85110,0.0254,0.0271,0.9476,59
85213,0.0036,0.0108,0.9856,102
85229,0.0062,0.0087,0.9851,146
85315,0.0199,0.0666,0.9136,127
85521,0.0330,0.0988,0.8682,259
85664,0.9637,0.0271,0.0092,97
85694,0.0034,0.0094,0.9872,49
85734,0.0129,0.0600,0.9271,34
85766,0.0445,0.2173,0.7382,184
85769,0.0144,0.0319,0.9537,92
85822,0.9131,0.0760,0.0109,44
85964,0.3185,0.6409,0.0406,147
85976,0.6973,0.2773,0.0254,69
85982,0.1932,0.2938,0.5130,93
85993,0.0075,0.0281,0.9644,35
86010,0.0110,0.0833,0.9056,26
86064,0.9558,0.0357,0.0086,46
86082,0.0033,0.0127,0.9840,31
86140,0.5019,0.3454,0.1528,197
86180,0.0336,0.1463,0.8201,65
86199,0.0125,0.0248,0.9627,38
86216,0.9396,0.0503,0.0101,61
86267,0.0067,0.0184,0.9749,100
86286,0.0091,0.0828,0.9080,104
86313,0.0042,0.0075,0.9883,90
86335,0.0070,0.0435,0.9495,230
86336,0.0116,0.0183,0.9701,75
86344,0.0036,0.0113,0.9852,33
86390,0.0443,0.1018,0.8539,51
86402,0.0384,0.0477,0.9140,80
86462,0.0030,0.0248,0.9721,67
86496,0.9481,0.0428,0.0091,46
86498,0.0246,0.0862,0.8892,136
86569,0.0032,0.0219,0.9749,54
86582,0.0038,0.0144,0.9818,48
86603,0.0036,0.0171,0.9793,33
86608,0.4687,0.5083,0.0230,82
86688,0.0062,0.0237,0.9701,24
86726,0.0096,0.0123,0.9781,67
86764,0.0047,0.0143,0.9810,62
86864,0.1270,0.6204,0.2526,116
86911,0.0899,0.8731,0.0370,137
86928,0.0289,0.1763,0.7948,36
86930,0.0074,0.0134,0.9791,51
86989,0.2443,0.3815,0.3742,54
87015,0.0033,0.0133,0.9834,31
87147,0.0116,0.2017,0.7867,116
87170,0.0032,0.0111,0.9857,182
87185,0.0046,0.0162,0.9792,41
87193,0.9583,0.0339,0.0077,112
87204,0.0030,0.0156,0.9814,86
87260,0.0049,0.0108,0.9843,82
87269,0.0055,0.0538,0.9407,41
87298,0.4486,0.2301,0.3214,158
87412,0.0296,0.0182,0.9522,77
87591,0.6796,0.2890,0.0314,75
87596,0.6615,0.3088,0.0297,28
87693,0.9191,0.0449,0.0360,116
87759,0.9665,0.0215,0.0120,29
87786,0.0025,0.0114,0.9862,58
87988,0.9070,0.0823,0.0107,130
88018,0.6791,0.2897,0.0312,84
88053,0.0047,0.0094,0.9859,39
88124,0.6701,0.2737,0.0562,79
88126,0.8229,0.1595,0.0176,70
88374,0.0027,0.0097,0.9875,38
88386,0.0047,0.0107,0.9846,54
88450,0.3136,0.6557,0.0307,82
88709,0.3376,0.6414,0.0209,71
88739,0.0029,0.0095,0.9876,81
88742,0.2599,0.7101,0.0300,47
88771,0.0428,0.1146,0.8426,503
88823,0.4440,0.4324,0.1235,262
88844,0.0137,0.2784,0.7079,117
88906,0.0104,0.0475,0.9420,72
88915,0.0363,0.0389,0.9248,78
88917,0.4677,0.2751,0.2572,170
88968,0.0084,0.1867,0.8049,88
89131,0.0035,0.0159,0.9807,224
89144,0.9543,0.0374,0.0083,39
89236,0.9539,0.0381,0.0080,157
89242,0.4658,0.4688,0.0654,82
89406,0.0064,0.0301,0.9636,177
89432,0.0038,0.0108,0.9854,173
89513,0.0026,0.0139,0.9835,76
89604,0.2542,0.3727,0.3731,190
89637,0.8077,0.1067,0.0856,290
89804,0.3041,0.5368,0.1591,292
89830,0.0749,0.2118,0.7132,371
89832,0.0039,0.0132,0.9830,57
89840,0.4801,0.3604,0.1595,268
89851,0.0250,0.0484,0.9266,400
89930,0.1652,0.7909,0.0439,128
89953,0.0806,0.7119,0.2075,108
89955,0.3049,0.3831,0.3120,276
90131,0.0036,0.0219,0.9745,31
90152,0.8412,0.1367,0.0222,45
90165,0.0036,0.0093,0.9871,115
90184,0.0058,0.0350,0.9592,90
90223,0.0032,0.0088,0.9881,47
90295,0.0140,0.0190,0.9670,19
90349,0.0390,0.0635,0.8975,65
90355,0.7422,0.2407,0.0171,144
90366,0.9513,0.0388,0.0098,85
90400,0.0062,0.0144,0.9794,29
90482,0.4472,0.5282,0.0246,39
90495,0.0079,0.0102,0.9820,61
90524,0.8854,0.0909,0.0237,32
90529,0.9444,0.0445,0.0111,76
90570,0.1732,0.6702,0.1565,45
90679,0.0035,0.0103,0.9862,44
90762,0.0109,0.0319,0.9573,30
90774,0.8194,0.1221,0.0585,96
90776,0.8986,0.0673,0.0342,102
90788,0.9352,0.0559,0.0090,140
90814,0.5835,0.4007,0.0158,107
90825,0.2288,0.5860,0.1852,88
90841,0.2500,0.0840,0.6660,151
90956,0.0325,0.3005,0.6670,54
90981,0.0066,0.0129,0.9805,133
91010,0.0033,0.0172,0.9795,247
91015,0.0026,0.0181,0.9792,116
91037,0.0031,0.0100,0.9869,25
91039,0.0028,0.0096,0.9876,33
91058,0.0105,0.1629,0.8267,162
91065,0.0028,0.0101,0.9871,27
91093,0.5341,0.4160,0.0499,117
91124,0.0060,0.0138,0.9802,69
91164,0.0046,0.0112,0.9842,26
91288,0.0082,0.0112,0.9806,82
91314,0.0063,0.0158,0.9779,39
91346,0.0078,0.0196,0.9725,77
91389,0.0157,0.1733,0.8110,98
91414,0.0179,0.0331,0.9490,66
91434,0.1287,0.8265,0.0448,57
91502,0.5265,0.4557,0.0178,47
91525,0.0046,0.0208,0.9745,110
91561,0.9203,0.0688,0.0109,151
91592,0.0042,0.0108,0.9850,28
91626,0.0031,0.0255,0.9714,43
91719,0.0090,0.0229,0.9681,137
91793,0.1666,0.7801,0.0533,37
91805,0.0099,0.1040,0.8861,113
91806,0.0103,0.0993,0.8904,60
91841,0.2070,0.1025,0.6906,22
91936,0.0664,0.0794,0.8541,371
91937,0.4382,0.5172,0.0446,253
92015,0.0144,0.0541,0.9315,54
92024,0.7826,0.2011,0.0163,89
92046,0.0794,0.7196,0.2010,64
92059,0.6584,0.3031,0.0385,858
92088,0.0150,0.1345,0.8505,254
92123,0.0816,0.6572,0.2612,84
92175,0.4565,0.1831,0.3605,268
92269,0.0643,0.0880,0.8477,374
92272,0.0039,0.0169,0.9793,40
92278,0.0034,0.0210,0.9756,27
92288,0.0056,0.0151,0.9793,256
92397,0.0455,0.3297,0.6248,41
92447,0.0516,0.2820,0.6663,158
92495,0.0028,0.0119,0.9853,46
92525,0.0114,0.0351,0.9535,206
92589,0.0030,0.0090,0.9880,45
92602,0.0032,0.0188,0.9780,90
92700,0.0572,0.8823,0.0605,52
92738,0.0046,0.0084,0.9870,80
92760,0.0080,0.0189,0.9732,126
92769,0.0183,0.1867,0.7950,108
92849,0.0113,0.0940,0.8947,85
92961,0.0148,0.0704,0.9148,130
92975,0.0657,0.2695,0.6648,151
93034,0.6474,0.3386,0.0141,42
93039,0.0606,0.8147,0.1247,175
93136,0.0060,0.0300,0.9640,285
93148,0.1541,0.7494,0.0966,260
93183,0.0152,0.0303,0.9545,108
93227,0.0143,0.1524,0.8334,407
93261,0.0047,0.0084,0.9869,39
93311,0.0045,0.0288,0.9667,64
93466,0.0057,0.0337,0.9606,123
93467,0.0045,0.0136,0.9820,77
93587,0.0101,0.0937,0.8962,185
93590,0.0035,0.0074,0.9892,36
93608,0.8626,0.1274,0.0100,35
93628,0.0954,0.7768,0.1278,187
93667,0.1201,0.7191,0.1608,117
93778,0.1436,0.7881,0.0683,37
93859,0.8143,0.1709,0.0147,253
94144,0.0121,0.0175,0.9703,517
94215,0.0036,0.0117,0.9847,44
94228,0.0032,0.0087,0.9881,34
94231,0.7270,0.2289,0.0440,56
94237,0.0466,0.4895,0.4639,41
94279,0.3748,0.5702,0.0550,42
94307,0.6532,0.0904,0.2564,65
94310,0.0077,0.0108,0.9815,72
94375,0.0044,0.0189,0.9767,97
94384,0.0036,0.0125,0.9839,42
94547,0.0585,0.0313,0.9103,124
94571,0.0143,0.0448,0.9409,45
94592,0.1573,0.1725,0.6702,70
94653,0.3536,0.5396,0.1068,64
94805,0.0334,0.0415,0.9251,153
94840,0.0034,0.0150,0.9816,70
94949,0.0416,0.8925,0.0659,205
94961,0.0031,0.0101,0.9867,51
94990,0.0062,0.0197,0.9742,179
95054,0.0046,0.0125,0.9830,58
95088,0.0087,0.0130,0.9783,35
95094,0.0044,0.0098,0.9858,51
95137,0.7955,0.1791,0.0254,142
95214,0.0050,0.0235,0.9715,82
95243,0.0176,0.0222,0.9601,109
95247,0.0039,0.0200,0.9761,106
95440,0.8186,0.1627,0.0187,193
95450,0.0273,0.2323,0.7405,115
95495,0.6411,0.3366,0.0223,35
95521,0.7848,0.1202,0.0951,163
95523,0.3434,0.5476,0.1089,213
95702,0.0031,0.0120,0.9849,31
95720,0.0037,0.0160,0.9804,39
95812,0.0334,0.0907,0.8759,124
95869,0.7921,0.1985,0.0094,38
95927,0.0062,0.0242,0.9696,231
95957,0.0828,0.8642,0.0530,209
96073,0.8855,0.1017,0.0129,75
96109,0.1183,0.0979,0.7838,255
96116,0.0042,0.0295,0.9663,364
96296,0.0054,0.0077,0.9870,60
96332,0.0069,0.0219,0.9712,69
96341,0.8547,0.1296,0.0156,49
96368,0.0038,0.0095,0.9867,46
96528,0.0055,0.0347,0.9597,148
96589,0.0115,0.0168,0.9717,74
96615,0.0050,0.0622,0.9328,63
97066,0.0027,0.0110,0.9863,43
97068,0.0030,0.0102,0.9868,58
97118,0.1956,0.3764,0.4280,62
97144,0.0024,0.0106,0.9870,63
97156,0.0049,0.0296,0.9654,63
97244,0.0619,0.6706,0.2675,110
97281,0.3839,0.3655,0.2505,69
97305,0.0045,0.0129,0.9826,25
97441,0.0197,0.0258,0.9545,33
97536,0.0062,0.0206,0.9732,39
97571,0.9331,0.0576,0.0092,46
97575,0.0336,0.0929,0.8735,57
97599,0.0034,0.0122,0.9843,33
97615,0.0069,0.0143,0.9788,71
97678,0.6103,0.2515,0.1382,225
97699,0.9372,0.0491,0.0137,70
97733,0.4454,0.3256,0.2290,168
97734,0.8812,0.1006,0.0182,32
97741,0.0088,0.0162,0.9749,128
97743,0.8890,0.0851,0.0259,118
97762,0.0086,0.0298,0.9616,70
97795,0.0055,0.0276,0.9669,90
97809,0.0095,0.0116,0.9789,61
97879,0.0028,0.0151,0.9821,80
97921,0.0038,0.0108,0.9854,132
97950,0.3985,0.4936,0.1079,151
97963,0.0060,0.0553,0.9387,31
98090,0.0033,0.0091,0.9877,90
98179,0.0032,0.0132,0.9836,194
98188,0.0063,0.0158,0.9779,273
98208,0.0047,0.0100,0.9853,32
98212,0.0041,0.0121,0.9838,110
98281,0.0032,0.0092,0.9876,29
98958,0.0072,0.0367,0.9561,45
98973,0.0027,0.0153,0.9820,47
99065,0.9567,0.0358,0.0074,52
99071,0.6519,0.1370,0.2112,381
99073,0.9540,0.0315,0.0145,127
99144,0.2747,0.2229,0.5024,278
99175,0.0032,0.0154,0.9813,46
99178,0.0735,0.0529,0.8736,162
99179,0.4654,0.2942,0.2404,43
99244,0.0913,0.5648,0.3440,132
99270,0.0515,0.7847,0.1638,87
99296,0.9034,0.0880,0.0086,43
99369,0.2599,0.1943,0.5459,201
99384,0.0122,0.0383,0.9495,48
99397,0.1111,0.8030,0.0859,24
99473,0.1456,0.7163,0.1381,185
99584,0.0291,0.0178,0.9531,78
99635,0.7010,0.1919,0.1071,49
99638,0.0036,0.0111,0.9853,239
99666,0.0051,0.0139,0.9810,73
99712,0.0052,0.0141,0.9807,24
99739,0.0066,0.0218,0.9716,192
99743,0.0102,0.0396,0.9501,49
99762,0.0053,0.0093,0.9854,26
99787,0.1053,0.5333,0.3614,47
99803,0.6051,0.2191,0.1758,262
99831,0.0028,0.0146,0.9825,70
99877,0.0068,0.0133,0.9799,119
99884,0.0125,0.0360,0.9516,105
99897,0.0109,0.0291,0.9600,161
100001,0.0041,0.0312,0.9647,33
100050,0.3695,0.5857,0.0448,30
100290,0.0363,0.1697,0.7941,115
100297,0.0037,0.0137,0.9826,75
100342,0.0038,0.0205,0.9757,40
100387,0.0068,0.0174,0.9758,73
100445,0.0034,0.0114,0.9853,50
100447,0.0159,0.1201,0.8639,44
100606,0.0044,0.0186,0.9769,36
100658,0.0512,0.8695,0.0792,35
100666,0.0038,0.0085,0.9877,41
100703,0.0066,0.0473,0.9461,244
100710,0.1035,0.1766,0.7199,55
100780,0.5646,0.3326,0.1028,348
100803,0.0040,0.0113,0.9847,22
100831,0.0324,0.0737,0.8939,199
100887,0.0089,0.0435,0.9477,60
100978,0.0096,0.0122,0.9782,46
101021,0.0044,0.0098,0.9858,77
101230,0.0122,0.0305,0.9573,254
101269,0.3594,0.5908,0.0498,223
101292,0.0058,0.0107,0.9835,25
101350,0.0029,0.0117,0.9855,57
101372,0.0031,0.0110,0.9859,56
101385,0.0031,0.0138,0.9831,106
101566,0.8903,0.0872,0.0225,89
101570,0.3532,0.4243,0.2224,51
101590,0.0060,0.0146,0.9794,53
101604,0.0030,0.0107,0.9862,69
101654,0.0049,0.0170,0.9781,91
101664,0.0173,0.0572,0.9255,93
101686,0.0028,0.0121,0.9851,28
101703,0.0072,0.0634,0.9294,206
101745,0.9321,0.0463,0.0216,52
101827,0.8869,0.1039,0.0092,35
101871,0.0179,0.0548,0.9273,109
101880,0.0036,0.0246,0.9718,103
101896,0.0053,0.0089,0.9858,64
102031,0.1884,0.5908,0.2207,39
102052,0.0041,0.0139,0.9819,45
102139,0.2384,0.6037,0.1579,92
102177,0.0082,0.0185,0.9733,118
102211,0.0478,0.1354,0.8168,94
102242,0.0053,0.0077,0.9870,83
102268,0.0243,0.0305,0.9451,63
102314,0.4919,0.4872,0.0209,28
102370,0.1283,0.1581,0.7135,136
102425,0.0048,0.0129,0.9823,27
102459,0.0032,0.0108,0.9860,79
102524,0.0038,0.0103,0.9859,36
102575,0.0039,0.0347,0.9614,60
102581,0.0388,0.0225,0.9387,70
102594,0.0025,0.0148,0.9828,71
102646,0.9644,0.0273,0.0083,46
102714,0.0059,0.0157,0.9784,28
102729,0.0040,0.0266,0.9694,137
102761,0.6781,0.3028,0.0191,75
102796,0.0042,0.0184,0.9774,42
102798,0.0266,0.0184,0.9550,61
102854,0.0072,0.0142,0.9786,112
102897,0.0061,0.0156,0.9783,91
103200,0.0035,0.0099,0.9866,47
103203,0.0032,0.0110,0.9859,231
103204,0.0817,0.1027,0.8156,125
103261,0.0064,0.0236,0.9699,202
103272,0.0775,0.4647,0.4577,66
103294,0.7093,0.2433,0.0474,25
103298,0.0154,0.0169,0.9677,44
103366,0.0033,0.0080,0.9887,41
103447,0.0045,0.0322,0.9634,48
103500,0.1425,0.7357,0.1218,339
103502,0.4365,0.1380,0.4255,650
103594,0.7746,0.2004,0.0250,165
103786,0.1107,0.5693,0.3200,18
103925,0.0033,0.0222,0.9745,64
103939,0.9675,0.0253,0.0072,52
104048,0.5713,0.4091,0.0196,30
104050,0.0027,0.0169,0.9805,95
104090,0.3292,0.4110,0.2599,244
104270,0.0208,0.1661,0.8131,138
104272,0.9401,0.0526,0.0072,34
104305,0.0042,0.0440,0.9518,102
104508,0.0049,0.0394,0.9558,113
104548,0.2118,0.7044,0.0838,112
104658,0.0822,0.8297,0.0882,42
104719,0.0211,0.0550,0.9238,108
104741,0.9627,0.0282,0.0091,86
104759,0.4992,0.2368,0.2640,80
104781,0.1717,0.1990,0.6293,180
104962,0.0051,0.0710,0.9238,260
104965,0.0058,0.0099,0.9843,33
104981,0.0035,0.0150,0.9814,50
104988,0.0161,0.0911,0.8927,291
105007,0.0038,0.0107,0.9855,74
105107,0.1806,0.0628,0.7566,20
105150,0.0038,0.0409,0.9554,44
105189,0.0035,0.0242,0.9723,75
105228,0.0065,0.1401,0.8533,29
105521,0.0112,0.0560,0.9328,53
105543,0.0121,0.0104,0.9775,112
105562,0.1096,0.0912,0.7992,31
105625,0.7554,0.2282,0.0163,119
105631,0.0036,0.0091,0.9873,26
105647,0.4861,0.4684,0.0455,109
105740,0.0077,0.0130,0.9793,35
105853,0.0042,0.0128,0.9830,68
105856,0.0825,0.8634,0.0541,63
105932,0.3672,0.3544,0.2784,65
105960,0.0051,0.0119,0.9830,75
106010,0.0137,0.0108,0.9755,44
106058,0.7395,0.1198,0.1407,316
106095,0.6043,0.2720,0.1237,84
106234,0.0097,0.0182,0.9721,29
106291,0.0040,0.0129,0.9831,50
106330,0.0032,0.0105,0.9864,77
106354,0.0066,0.0168,0.9766,32
106393,0.0132,0.0471,0.9397,43
106425,0.0050,0.0113,0.9837,26
106432,0.0046,0.0155,0.9800,50
106465,0.0043,0.0125,0.9832,105
106477,0.0045,0.0173,0.9782,48
106564,0.0035,0.0092,0.9873,114
106570,0.4134,0.5634,0.0232,49
106633,0.1088,0.6675,0.2237,444
106689,0.0030,0.0093,0.9876,45
106752,0.9533,0.0376,0.0091,49
106867,0.0037,0.0092,0.9871,89
106905,0.0052,0.0084,0.9863,29
106923,0.7840,0.2029,0.0132,171
106958,0.0717,0.0623,0.8660,51
106995,0.0126,0.0248,0.9626,115
107149,0.1762,0.3601,0.4637,286
107179,0.0377,0.8310,0.1313,31
107207,0.0419,0.0460,0.9121,150
107321,0.7761,0.1597,0.0642,39
107371,0.0433,0.1743,0.7824,114
107419,0.0035,0.0092,0.9873,93
107477,0.0033,0.0130,0.9838,28
107479,0.0037,0.0117,0.9846,52
107490,0.0064,0.0811,0.9126,32
107552,0.0480,0.7278,0.2241,147
107568,0.0140,0.1321,0.8539,62
107577,0.0046,0.0144,0.9810,30
107581,0.0095,0.0207,0.9699,85
107618,0.9527,0.0393,0.0080,208
107659,0.0320,0.3593,0.6088,115
107668,0.6605,0.3053,0.0342,178
107730,0.0072,0.0679,0.9248,41
107739,0.0036,0.0092,0.9871,22
107771,0.3633,0.5777,0.0591,309
107925,0.3982,0.1852,0.4166,161
107960,0.0039,0.0173,0.9788,77
108002,0.0053,0.0238,0.9709,77
108015,0.0365,0.5315,0.4320,131
108028,0.9343,0.0551,0.0106,134
108047,0.0042,0.0075,0.9883,54
108079,0.9250,0.0589,0.0162,54
108139,0.6197,0.3445,0.0358,138
108173,0.0759,0.6362,0.2879,128
108182,0.0043,0.0114,0.9843,70
108184,0.0190,0.0748,0.9063,62
108212,0.0050,0.0268,0.9681,151
108244,0.8297,0.1566,0.0137,33
108265,0.0042,0.0132,0.9826,51
108305,0.9099,0.0786,0.0115,154
108317,0.9731,0.0166,0.0103,30
108356,0.0047,0.0153,0.9800,101
108388,0.0058,0.0674,0.9269,19
108392,0.2366,0.3258,0.4376,41
108398,0.0035,0.0476,0.9489,73
108419,0.0039,0.0132,0.9829,42
108478,0.0045,0.0153,0.9801,127
108488,0.0053,0.0140,0.9807,82
108509,0.0035,0.0143,0.9822,101
108531,0.0440,0.0323,0.9237,30
108533,0.0044,0.0142,0.9813,26
108544,0.0047,0.0142,0.9811,85
108548,0.0036,0.0147,0.9818,63
108566,0.0610,0.0592,0.8798,316
108653,0.0038,0.0095,0.9867,33
108658,0.0050,0.0699,0.9251,92
108660,0.0035,0.0126,0.9839,27
108788,0.0371,0.8385,0.1243,86
108871,0.0046,0.0119,0.9835,123
108899,0.0041,0.0158,0.9800,176
108903,0.8678,0.0946,0.0376,344
108979,0.0205,0.0350,0.9445,203
109010,0.0379,0.3816,0.5805,65
109070,0.0039,0.0100,0.9861,42
109098,0.5611,0.3919,0.0470,134
109142,0.0037,0.0099,0.9864,17
109276,0.1926,0.1837,0.6237,102
109361,0.9643,0.0282,0.0075,74
109449,0.0037,0.0113,0.9850,126
109491,0.0906,0.2469,0.6625,102
109501,0.3507,0.2530,0.3962,104
109506,0.0033,0.0086,0.9880,34
109510,0.0976,0.7080,0.1945,161
109560,0.9481,0.0433,0.0086,110
109596,0.0037,0.0116,0.9847,69
109610,0.0241,0.0718,0.9041,37
109627,0.0040,0.0097,0.9863,56
109837,0.9513,0.0427,0.0060,74
110260,0.0251,0.0371,0.9378,271
110287,0.3134,0.3151,0.3715,302
110321,0.7811,0.1724,0.0466,159
110416,0.0098,0.0370,0.9532,63
110417,0.0257,0.0737,0.9006,40
110428,0.0044,0.0123,0.9832,35
110436,0.0028,0.0147,0.9825,33
110455,0.0800,0.1519,0.7681,54
110460,0.0861,0.1968,0.7171,41
110514,0.0056,0.0085,0.9859,32
110530,0.0029,0.0177,0.9793,52
110587,0.0043,0.0095,0.9863,63
110599,0.0033,0.0089,0.9877,40
110628,0.0034,0.0155,0.9810,74
110724,0.0535,0.0773,0.8691,104
110752,0.5998,0.2730,0.1273,988
110769,0.9647,0.0290,0.0063,27
110819,0.4555,0.5179,0.0267,127
110820,0.0173,0.1558,0.8269,75
110852,0.0035,0.0080,0.9885,61
110871,0.0457,0.3447,0.6096,98
110904,0.0042,0.0117,0.9841,47
111083,0.0166,0.1236,0.8598,148
111112,0.0735,0.3892,0.5373,26
111121,0.0028,0.0106,0.9865,47
111195,0.0046,0.0174,0.9780,30
111304,0.0971,0.3450,0.5579,79
111678,0.0136,0.2281,0.7583,78
111791,0.0550,0.3757,0.5694,151
111801,0.0032,0.0108,0.9860,58
111831,0.2236,0.5731,0.2032,193
111847,0.0041,0.0097,0.9862,138
111863,0.0031,0.0124,0.9846,45
111923,0.0057,0.0375,0.9568,64
111937,0.5178,0.3413,0.1409,324
111956,0.0066,0.0121,0.9813,177
112068,0.0043,0.0115,0.9842,143
112076,0.0031,0.0136,0.9833,50
112095,0.0053,0.0128,0.9818,30
112137,0.0026,0.0097,0.9877,53
112169,0.0028,0.0124,0.9848,89
112196,0.0033,0.0104,0.9863,52
112248,0.0028,0.0099,0.9873,40
112445,0.0036,0.0175,0.9789,58
112453,0.0191,0.0146,0.9664,30
112464,0.0027,0.0139,0.9835,126
112558,0.0032,0.0138,0.9831,46
112593,0.0098,0.0110,0.9792,51
112682,0.0053,0.0147,0.9800,45
112768,0.0031,0.0155,0.9814,42
112860,0.8818,0.1070,0.0112,42
113117,0.0301,0.4052,0.5647,65
113122,0.0122,0.0899,0.8978,193
113146,0.0043,0.0081,0.9876,92
113147,0.0995,0.2481,0.6524,90
113156,0.0244,0.0204,0.9552,28
113163,0.0087,0.0147,0.9766,107
113186,0.5757,0.3698,0.0545,26
113230,0.0088,0.0113,0.9799,62
113273,0.0031,0.0115,0.9854,56
113474,0.0032,0.0147,0.9821,171
113520,0.0319,0.0738,0.8943,150
113528,0.2597,0.4126,0.3277,197
113614,0.0039,0.0089,0.9871,27
113620,0.0965,0.8805,0.0229,62
113684,0.0175,0.0782,0.9043,23
113696,0.0075,0.0183,0.9742,64
113956,0.4594,0.1561,0.3845,258
114017,0.6281,0.3604,0.0116,47
114028,0.0048,0.0590,0.9362,136
114080,0.1106,0.5528,0.3366,132
114096,0.1311,0.8444,0.0245,97
114126,0.8936,0.0873,0.0191,213
114166,0.0044,0.0396,0.9560,162
114187,0.0044,0.0131,0.9825,89
114271,0.8852,0.0951,0.0197,276
114275,0.9359,0.0520,0.0121,93
114280,0.0323,0.2728,0.6950,43
114299,0.9050,0.0851,0.0099,113
114310,0.0031,0.0107,0.9862,42
114323,0.0081,0.0638,0.9280,95
114444,0.7244,0.2574,0.0182,105
114472,0.2972,0.1889,0.5139,61
114654,0.0064,0.0471,0.9465,37
114689,0.0213,0.0171,0.9616,30
114740,0.0052,0.0094,0.9854,90
114743,0.0068,0.0099,0.9833,74
114776,0.3912,0.5721,0.0367,50
114786,0.0026,0.0116,0.9857,39
114830,0.0194,0.2286,0.7520,131
114917,0.9149,0.0781,0.0069,50
114952,0.3045,0.6334,0.0621,38
114971,0.0035,0.0340,0.9624,114
115038,0.0060,0.0115,0.9826,202
115113,0.0033,0.0261,0.9706,70
115135,0.0030,0.0106,0.9864,58
115142,0.0027,0.0154,0.9818,50
115251,0.0071,0.0455,0.9474,170
115257,0.0107,0.0554,0.9339,25
115261,0.0090,0.0128,0.9782,82
115304,0.0282,0.0846,0.8872,163
115331,0.0255,0.0217,0.9528,83
115345,0.0025,0.0149,0.9826,104
115402,0.8189,0.1699,0.0112,45
115433,0.1891,0.2313,0.5796,26
115468,0.0979,0.2269,0.6752,277
115485,0.1568,0.4497,0.3935,216
115521,0.6768,0.2667,0.0565,230
115589,0.0029,0.0128,0.9843,64
115600,0.1668,0.6803,0.1529,145
115688,0.0033,0.0088,0.9879,35
115745,0.0033,0.0089,0.9879,43
115756,0.0058,0.0111,0.9831,44
115803,0.0371,0.0189,0.9440,78
115819,0.0040,0.0113,0.9846,25
115896,0.0084,0.1070,0.8846,221
115919,0.0237,0.0530,0.9234,185
115974,0.0047,0.0125,0.9828,58
115985,0.9019,0.0885,0.0096,89
116024,0.0058,0.0123,0.9819,27
116038,0.5675,0.2738,0.1586,61
116098,0.3424,0.1594,0.4982,130
116115,0.0482,0.7270,0.2249,124
116116,0.0093,0.0415,0.9492,237
116118,0.0472,0.5379,0.4149,42
116136,0.0035,0.0080,0.9885,74
116181,0.0117,0.0325,0.9557,44
116233,0.0217,0.1901,0.7883,62
116730,0.0035,0.0086,0.9878,33
116744,0.0077,0.1133,0.8790,33
116758,0.0108,0.0986,0.8906,77
116798,0.2117,0.1869,0.6014,324
117266,0.0961,0.8268,0.0771,60
117312,0.9532,0.0360,0.0108,66
117337,0.1213,0.1975,0.6812,103
117339,0.0363,0.0256,0.9381,52
117403,0.0039,0.0080,0.9881,37
117654,0.0052,0.0413,0.9535,55
117656,0.0031,0.0111,0.9858,47
117728,0.0546,0.0667,0.8787,121
117730,0.0035,0.0112,0.9853,40
117751,0.6570,0.2934,0.0496,96
117771,0.0026,0.0144,0.9829,53
117849,0.0215,0.2836,0.6949,137
117878,0.8949,0.0979,0.0072,33
117881,0.1477,0.3018,0.5505,745
117891,0.9642,0.0264,0.0094,56
117895,0.4977,0.1844,0.3179,71
117938,0.4517,0.4125,0.1358,171
117974,0.0114,0.0253,0.9633,33
118029,0.9652,0.0262,0.0086,40
118037,0.0043,0.0454,0.9503,272
118042,0.5207,0.3659,0.1133,56
118052,0.9669,0.0262,0.0069,68
118058,0.9510,0.0382,0.0109,28
118102,0.0031,0.0145,0.9823,66
118157,0.0034,0.0138,0.9828,264
118162,0.1447,0.6063,0.2490,180
118288,0.0374,0.4004,0.5623,304
118297,0.1327,0.5351,0.3322,557
118308,0.0387,0.6806,0.2808,182
118481,0.0055,0.0190,0.9755,76
118503,0.0039,0.0258,0.9703,39
118627,0.0025,0.0125,0.9850,138
118753,0.6568,0.3161,0.0271,73
118766,0.5736,0.3596,0.0668,340
118879,0.9183,0.0708,0.0109,123
118977,0.8197,0.1495,0.0308,59
119016,0.0120,0.0191,0.9689,52
119067,0.0044,0.0481,0.9475,42
119206,0.1093,0.7489,0.1418,37
119229,0.9124,0.0491,0.0385,129
119245,0.0043,0.0154,0.9803,114
119274,0.1111,0.2097,0.6792,79
119296,0.0044,0.0106,0.9850,39
119319,0.0047,0.0164,0.9789,69
119345,0.0038,0.0286,0.9676,78
119403,0.0033,0.0109,0.9858,27
119445,0.9255,0.0619,0.0126,67
119480,0.0061,0.0097,0.9841,47
119510,0.0061,0.0361,0.9577,43
119583,0.0177,0.1180,0.8643,102
119641,0.0034,0.0101,0.9865,30
119659,0.0048,0.0204,0.9749,67
119700,0.7049,0.1666,0.1285,93
119714,0.0070,0.0120,0.9810,45
119771,0.9572,0.0325,0.0103,43
119788,0.5040,0.4761,0.0199,131
119805,0.9575,0.0300,0.0125,151
119819,0.9514,0.0375,0.0111,77
120026,0.8596,0.0844,0.0560,207
120028,0.0154,0.2782,0.7064,53
120098,0.5288,0.4515,0.0197,144
120121,0.0056,0.0174,0.9771,85
120138,0.1007,0.6976,0.2017,146
120142,0.0112,0.0311,0.9577,54
120160,0.0047,0.0164,0.9788,43
120177,0.2111,0.1622,0.6268,62
120199,0.2094,0.3649,0.4256,81
120215,0.0033,0.0153,0.9814,110
120314,0.0033,0.0086,0.9881,32
120335,0.9719,0.0199,0.0082,40
120342,0.9662,0.0266,0.0072,98
120343,0.0060,0.0102,0.9838,59
120455,0.7069,0.2220,0.0711,27
120487,0.0223,0.1256,0.8520,35
120493,0.0028,0.0106,0.9866,34
120496,0.1876,0.5610,0.2514,182
120504,0.3255,0.6420,0.0324,155
120546,0.0030,0.0126,0.9844,76
120569,0.0052,0.0133,0.9815,33
120682,0.0041,0.0090,0.9869,57
120701,0.0034,0.0091,0.9875,28
120711,0.0035,0.0094,0.9871,57
120812,0.0071,0.0103,0.9827,47
120823,0.1414,0.2070,0.6515,26
120876,0.0040,0.0280,0.9680,28
120950,0.0040,0.0175,0.9785,87
120963,0.0042,0.0092,0.9866,113
120982,0.8763,0.0689,0.0548,57
120985,0.0026,0.0150,0.9824,35
121005,0.0050,0.0088,0.9862,91
121007,0.0487,0.0840,0.8673,276
121021,0.5168,0.4588,0.0244,69
121045,0.9693,0.0217,0.0090,110
121099,0.9536,0.0298,0.0167,82
121226,0.0112,0.0173,0.9715,40
121229,0.2974,0.4619,0.2407,132
121287,0.0143,0.0421,0.9436,230
121288,0.0430,0.0360,0.9210,219
121301,0.0038,0.0143,0.9819,87
121463,0.0039,0.0191,0.9770,43
121505,0.0040,0.0086,0.9874,39
121526,0.1800,0.5046,0.3154,37
121541,0.8901,0.1011,0.0088,64
121549,0.0051,0.0606,0.9343,132
121616,0.0094,0.0115,0.9791,40
121690,0.0030,0.0111,0.9859,24
121755,0.0112,0.0162,0.9726,75
121771,0.5798,0.3379,0.0823,34
121859,0.0059,0.0372,0.9568,36
121920,0.1091,0.0556,0.8353,47
122219,0.0146,0.0330,0.9524,52
122312,0.0039,0.0094,0.9867,56
122324,0.1133,0.1111,0.7756,63
122452,0.0025,0.0104,0.9871,68
122592,0.0072,0.0188,0.9739,142
122641,0.0040,0.0154,0.9806,107
122668,0.0040,0.0078,0.9883,42
122678,0.0030,0.0110,0.9860,40
122825,0.8995,0.0777,0.0228,51
122855,0.0070,0.0277,0.9653,55
122924,0.0040,0.0204,0.9756,108
122937,0.0037,0.0097,0.9866,67
122947,0.0046,0.0431,0.9524,124
122990,0.0257,0.0237,0.9506,31
123074,0.0029,0.0199,0.9772,31
123094,0.0065,0.0105,0.9829,171
123105,0.0030,0.0096,0.9875,44
123118,0.0036,0.0081,0.9883,23
123161,0.1060,0.7927,0.1013,234
123266,0.0034,0.0098,0.9868,32
123286,0.0117,0.0135,0.9748,33
123305,0.9559,0.0361,0.0080,87
123312,0.0165,0.0589,0.9246,108
123333,0.0062,0.0449,0.9489,25
123342,0.0030,0.0166,0.9804,33
123411,0.1751,0.0862,0.7387,97
123577,0.2862,0.6856,0.0282,53
123613,0.0028,0.0176,0.9796,70
123664,0.0093,0.1348,0.8559,33
123669,0.2644,0.6800,0.0556,45
123682,0.0026,0.0191,0.9783,57
123697,0.2013,0.1667,0.6320,96
123713,0.0414,0.0364,0.9221,146
123716,0.0046,0.0090,0.9864,151
123946,0.0617,0.0398,0.8986,88
123953,0.1194,0.2832,0.5974,164
124070,0.0071,0.0101,0.9828,40
124079,0.0043,0.0113,0.9844,81
124111,0.5733,0.2574,0.1693,75
124150,0.0053,0.0195,0.9752,48
124452,0.0056,0.0332,0.9612,67
124520,0.0063,0.0092,0.9845,56
124525,0.0182,0.0710,0.9108,218
124574,0.0027,0.0107,0.9866,65
124589,0.0238,0.0591,0.9171,89
124605,0.0049,0.0367,0.9584,227
124661,0.8411,0.1302,0.0287,61
124665,0.0033,0.0099,0.9869,44
124714,0.0046,0.0134,0.9820,37
124803,0.0034,0.0166,0.9799,38
124810,0.1962,0.5254,0.2785,229
124832,0.0033,0.0278,0.9689,129
124846,0.0112,0.0240,0.9647,318
124864,0.9556,0.0386,0.0057,73
124870,0.9296,0.0629,0.0076,140
124991,0.0061,0.0107,0.9832,26
125001,0.0032,0.0094,0.9874,45
125026,0.1277,0.8119,0.0604,35
125094,0.1019,0.7019,0.1963,267
125099,0.9482,0.0440,0.0078,63
125128,0.8459,0.1075,0.0466,287
125148,0.0035,0.0210,0.9755,67
125188,0.0134,0.0254,0.9613,103
125200,0.0031,0.0122,0.9848,109
125206,0.0025,0.0128,0.9848,19
125233,0.0060,0.0213,0.9727,57
125245,0.8654,0.1233,0.0113,514
125286,0.0082,0.0878,0.9040,292
125288,0.0034,0.0078,0.9888,75
125307,0.0042,0.0152,0.9806,107
125308,0.0749,0.0620,0.8631,65
125344,0.4295,0.5465,0.0240,117
125515,0.0035,0.0113,0.9852,38
125541,0.0320,0.5437,0.4243,218
125569,0.0081,0.0760,0.9159,135
125598,0.6406,0.3448,0.0145,55
125705,0.0169,0.0488,0.9343,30
125791,0.0108,0.0197,0.9694,413
125960,0.0088,0.0431,0.9480,79
126017,0.4238,0.4132,0.1629,42
126027,0.0113,0.0284,0.9603,116
126159,0.0100,0.1444,0.8456,207
126221,0.7873,0.1959,0.0168,34
126233,0.2043,0.4593,0.3364,98
126237,0.0029,0.0109,0.9862,47
126242,0.1414,0.6685,0.1900,31
126317,0.0636,0.0585,0.8780,73
126322,0.0297,0.0370,0.9333,118
126333,0.6926,0.1571,0.1503,28
126343,0.2383,0.6741,0.0876,36
126374,0.0209,0.4457,0.5335,188
126486,0.2347,0.5928,0.1725,30
126558,0.0208,0.0461,0.9331,126
126572,0.0686,0.5131,0.4183,211
126671,0.0676,0.2866,0.6458,167
126689,0.9534,0.0400,0.0067,65
126807,0.0033,0.0120,0.9847,84
126876,0.0038,0.0098,0.9864,48
126912,0.0050,0.0127,0.9822,137
126980,0.9727,0.0209,0.0064,43
127058,0.0031,0.0101,0.9867,60
127216,0.4566,0.1613,0.3821,33
127286,0.0085,0.0177,0.9738,125
127345,0.0444,0.2876,0.6680,102
127362,0.3294,0.6328,0.0378,164
127384,0.0039,0.0234,0.9727,91
127435,0.8672,0.1130,0.0199,499
127442,0.6429,0.3424,0.0147,196
127457,0.0038,0.0225,0.9736,67
127480,0.0214,0.0662,0.9124,190
127532,0.0222,0.3599,0.6179,147
127534,0.3804,0.6036,0.0160,63
127569,0.0739,0.8717,0.0543,242
127580,0.4466,0.1248,0.4286,36
127583,0.1481,0.5814,0.2705,277
127584,0.0049,0.0136,0.9814,25
127702,0.0291,0.1333,0.8377,238
127710,0.0668,0.0370,0.8962,82
127939,0.0236,0.0581,0.9183,322
127985,0.0129,0.1072,0.8800,40
128047,0.0043,0.0193,0.9764,156
128099,0.9525,0.0286,0.0189,155
128210,0.0029,0.0097,0.9874,40
128253,0.0359,0.0605,0.9036,53
128636,0.0043,0.0243,0.9715,129
128637,0.0032,0.0120,0.9848,107
128660,0.0063,0.0162,0.9775,212
128688,0.9535,0.0402,0.0063,38
128696,0.9068,0.0792,0.0140,146
128771,0.0043,0.0094,0.9863,124
128784,0.0065,0.0302,0.9633,67
128811,0.0842,0.1051,0.8107,19
128831,0.0043,0.0089,0.9868,57
128856,0.8384,0.1524,0.0092,69
128861,0.0242,0.0284,0.9474,34
128913,0.0042,0.0098,0.9860,78
128932,0.0061,0.0411,0.9529,190
129011,0.0056,0.0247,0.9698,35
129055,0.3036,0.1957,0.5007,306
129099,0.0397,0.4614,0.4989,45
129134,0.0030,0.0152,0.9818,273
129138,0.5810,0.3970,0.0221,112
129150,0.0568,0.0434,0.8998,237
129336,0.0030,0.0119,0.9851,51
129362,0.0133,0.0344,0.9523,144
129376,0.0093,0.0201,0.9706,36
129402,0.0048,0.0486,0.9465,35
129444,0.0031,0.0090,0.9878,44
129446,0.0114,0.0239,0.9647,30
129463,0.0807,0.8669,0.0525,52
129624,0.0190,0.0152,0.9658,70
129630,0.0027,0.0118,0.9855,58
129796,0.8896,0.0944,0.0160,37
129799,0.0034,0.0137,0.9829,39
129805,0.0247,0.0180,0.9573,59
129807,0.0069,0.0125,0.9806,71
129821,0.1194,0.1204,0.7603,198
129911,0.0504,0.5055,0.4441,144
130022,0.8296,0.1431,0.0274,98
130183,0.1697,0.2474,0.5829,254
130281,0.0035,0.0102,0.9863,31
130499,0.0034,0.0114,0.9852,212
130604,0.0040,0.0184,0.9776,43
130607,0.0032,0.0096,0.9872,35
130743,0.9475,0.0419,0.0106,243
130760,0.9733,0.0203,0.0064,65
130767,0.0045,0.0098,0.9857,89
130807,0.0081,0.0104,0.9814,79
130808,0.0055,0.0197,0.9747,43
130825,0.0475,0.2508,0.7017,114
130858,0.2863,0.2027,0.5110,140
130867,0.0076,0.0223,0.9701,72
130905,0.0049,0.0182,0.9769,57
130923,0.1631,0.2080,0.6290,76
130934,0.0639,0.2781,0.6580,69
130940,0.9474,0.0464,0.0061,63
130952,0.0041,0.0114,0.9845,61
131014,0.0330,0.1461,0.8208,27
131045,0.6129,0.2475,0.1395,132
131105,0.0099,0.0178,0.9723,53
131136,0.1450,0.8273,0.0277,44
131232,0.9354,0.0531,0.0116,99
131262,0.8470,0.1282,0.0249,35
131273,0.8688,0.1076,0.0235,87
131308,0.6885,0.2804,0.0311,24
131318,0.0030,0.0120,0.9851,40
131348,0.9207,0.0682,0.0110,41
131424,0.0031,0.0182,0.9787,40
131427,0.0065,0.0115,0.9820,86
131633,0.0294,0.0581,0.9125,461
131653,0.3925,0.2181,0.3894,424
131656,0.3298,0.4468,0.2233,37
131692,0.1183,0.6584,0.2233,232
131860,0.0243,0.3522,0.6234,38
131887,0.9461,0.0358,0.0181,49
132337,0.0066,0.0323,0.9611,114
132342,0.0034,0.0170,0.9796,169
132454,0.0034,0.0081,0.9885,71
132460,0.0040,0.0122,0.9839,41
132470,0.0049,0.0355,0.9596,207
132576,0.0118,0.0107,0.9775,142
132612,0.1648,0.7560,0.0791,183
132615,0.0293,0.2548,0.7158,262
132651,0.1343,0.4781,0.3876,27
132654,0.1086,0.8646,0.0268,55
132681,0.0047,0.0094,0.9859,38
132781,0.1188,0.8533,0.0279,60
132888,0.0444,0.1290,0.8266,315
132902,0.0040,0.0113,0.9847,33
132908,0.0036,0.0105,0.9858,51
132927,0.0051,0.0124,0.9825,68
132960,0.0108,0.0283,0.9610,96
132986,0.0299,0.6936,0.2766,72
132988,0.0187,0.1892,0.7921,72
133001,0.0429,0.2740,0.6831,138
133023,0.6929,0.2908,0.0162,65
133069,0.0236,0.5217,0.4546,198
133149,0.4173,0.4934,0.0894,219
133270,0.0909,0.7328,0.1764,142
133272,0.0112,0.2033,0.7855,207
133338,0.0340,0.0510,0.9150,200
133343,0.6914,0.2897,0.0189,277
133419,0.0216,0.2863,0.6921,234
133425,0.9672,0.0256,0.0072,29
133472,0.9681,0.0240,0.0079,95
133553,0.5864,0.2265,0.1871,302
133768,0.0044,0.0312,0.9644,117
133772,0.0027,0.0198,0.9775,42
133835,0.0060,0.0098,0.9842,35
133904,0.0072,0.0154,0.9774,36
133938,0.0633,0.0309,0.9058,365
134042,0.0034,0.0108,0.9859,34
134255,0.0033,0.0102,0.9865,79
134266,0.5181,0.2110,0.2710,213
134307,0.2363,0.1614,0.6023,61
134309,0.0096,0.0146,0.9758,51
134314,0.4029,0.2000,0.3971,84
134420,0.6773,0.2102,0.1125,111
134460,0.0267,0.0234,0.9499,121
134513,0.0940,0.1696,0.7364,101
134524,0.1546,0.6033,0.2421,123
134566,0.8689,0.0989,0.0322,292
134595,0.9696,0.0240,0.0064,41
134627,0.0049,0.0345,0.9605,93
134639,0.0085,0.0511,0.9405,112
134653,0.0043,0.0117,0.9840,62
134695,0.0045,0.0127,0.9828,29
134783,0.7721,0.2054,0.0225,66
134852,0.0034,0.0115,0.9851,30
135058,0.0039,0.0101,0.9860,37
135106,0.0031,0.0103,0.9866,80
135126,0.1026,0.5976,0.2998,187
135213,0.9150,0.0782,0.0068,101
135220,0.0080,0.0679,0.9241,76
135723,0.0039,0.0097,0.9864,130
135756,0.2381,0.7342,0.0277,26
135853,0.0131,0.0415,0.9453,255
135866,0.0041,0.0331,0.9628,304
135871,0.0252,0.3648,0.6101,154
135875,0.0028,0.0180,0.9791,25
135892,0.0082,0.0347,0.9571,690
135999,0.0520,0.2361,0.7119,743
136010,0.3334,0.5775,0.0891,346
136022,0.1028,0.5360,0.3612,176
136048,0.0059,0.0469,0.9472,72
136061,0.7245,0.2503,0.0252,178
136074,0.0114,0.2731,0.7155,108
136196,0.1528,0.0936,0.7536,110
136225,0.0037,0.0137,0.9826,44
136243,0.3944,0.5409,0.0647,374
136270,0.2788,0.1568,0.5644,60
136281,0.0077,0.0132,0.9792,93
136305,0.0043,0.0093,0.9865,36
136339,0.9717,0.0210,0.0073,41
136508,0.0146,0.0594,0.9260,83
136536,0.7663,0.2045,0.0292,31
136588,0.0098,0.0142,0.9760,77
136631,0.0118,0.0416,0.9466,187
136648,0.0067,0.0211,0.9722,43
136685,0.9552,0.0350,0.0098,40
136696,0.0153,0.0639,0.9208,225
136726,0.0049,0.0197,0.9753,62
136736,0.0078,0.0162,0.9760,109
136739,0.2474,0.4607,0.2918,70
136817,0.0051,0.0205,0.9744,48
136826,0.0931,0.8630,0.0439,70
136855,0.0031,0.0124,0.9845,36
136946,0.0084,0.0191,0.9726,143
136977,0.2852,0.6368,0.0780,158
137141,0.0162,0.2741,0.7097,35
137168,0.0132,0.0270,0.9598,324
137234,0.0116,0.0223,0.9661,66
137267,0.1305,0.3009,0.5686,63
137281,0.9370,0.0375,0.0254,47
137583,0.0714,0.5401,0.3885,69
137666,0.0617,0.3253,0.6130,21
137671,0.0259,0.1368,0.8373,126
137761,0.0054,0.0197,0.9750,106
137812,0.0155,0.0543,0.9302,58
137855,0.5812,0.4071,0.0117,108
137921,0.9627,0.0292,0.0081,57
137937,0.0029,0.0109,0.9862,91
137947,0.8518,0.1357,0.0126,232
138009,0.0133,0.0378,0.9489,98
138019,0.0324,0.0575,0.9102,29
138039,0.0032,0.0138,0.9829,199
138119,0.9386,0.0498,0.0116,90
138127,0.0236,0.1092,0.8672,143
138152,0.0099,0.0222,0.9679,43
138214,0.9710,0.0227,0.0063,57
138246,0.0034,0.0180,0.9786,99
138251,0.6793,0.2996,0.0211,72
138256,0.0044,0.0139,0.9818,48
138344,0.9656,0.0259,0.0085,68
138374,0.0047,0.0180,0.9772,51
138405,0.0047,0.0292,0.9661,255
138414,0.0027,0.0109,0.9865,75
138498,0.0063,0.0583,0.9354,40
138526,0.0049,0.0354,0.9597,72
138560,0.0101,0.0132,0.9768,99
138587,0.0080,0.0446,0.9473,68
138595,0.0033,0.0080,0.9887,62
138612,0.0125,0.0192,0.9683,43
138613,0.1173,0.1544,0.7283,158
138625,0.0111,0.0196,0.9693,58
138636,0.0164,0.0253,0.9583,71
138758,0.0645,0.4771,0.4584,35
138857,0.2825,0.5366,0.1810,139
138870,0.0053,0.0090,0.9857,110
138890,0.0033,0.0089,0.9878,25
138896,0.0026,0.0090,0.9884,27
138916,0.0055,0.0144,0.9801,112
138978,0.0358,0.0951,0.8691,803
139063,0.9433,0.0500,0.0067,111
139124,0.0141,0.0787,0.9072,273
139139,0.1261,0.5725,0.3014,154
139149,0.0106,0.0638,0.9256,171
139160,0.0059,0.0185,0.9755,59
139188,0.9616,0.0282,0.0102,63
139239,0.3189,0.6459,0.0353,160
139272,0.0124,0.0214,0.9662,74
139310,0.0077,0.0132,0.9791,59
139394,0.0246,0.5821,0.3933,30
139405,0.0029,0.0202,0.9769,99
139410,0.0451,0.6678,0.2870,99
139453,0.0058,0.0125,0.9817,47
139821,0.0026,0.0161,0.9814,45
139840,0.0024,0.0138,0.9838,70
139859,0.0202,0.1417,0.8381,355
139878,0.0036,0.0210,0.9753,38
139885,0.0141,0.1011,0.8848,325
140000,0.0051,0.0169,0.9779,56
140082,0.0494,0.6517,0.2989,170
140132,0.0048,0.0181,0.9771,97
140166,0.0071,0.0265,0.9664,48
140170,0.0028,0.0123,0.9848,55
140177,0.0579,0.6729,0.2692,81
140221,0.0121,0.0175,0.9703,125
140244,0.0031,0.0127,0.9842,52
140269,0.0093,0.0265,0.9642,29
140284,0.7066,0.1373,0.1561,26
140289,0.4071,0.1367,0.4561,67
140336,0.4648,0.3683,0.1669,189
140360,0.0032,0.0109,0.9859,36
140394,0.0041,0.0099,0.9861,50
140459,0.0340,0.1420,0.8240,81
140483,0.1216,0.6570,0.2214,55
140516,0.3624,0.4096,0.2279,107
140592,0.0152,0.2577,0.7271,1473
140678,0.0150,0.0430,0.9420,52
140698,0.6639,0.3224,0.0137,70
140726,0.0093,0.0097,0.9809,58
140764,0.0047,0.0082,0.9871,61
140803,0.3959,0.4136,0.1905,62
140951,0.3008,0.3920,0.3072,24
140977,0.0042,0.0390,0.9568,62
140998,0.0047,0.0205,0.9748,40
141009,0.0044,0.0121,0.9836,110
141141,0.1190,0.6920,0.1889,36
141183,0.6061,0.3131,0.0807,43
141288,0.0034,0.0125,0.9842,47
141302,0.0041,0.0085,0.9874,31
141309,0.0126,0.0187,0.9687,80
141573,0.0034,0.0098,0.9868,40
141603,0.0086,0.0320,0.9594,51
141649,0.1050,0.1835,0.7115,287
142186,0.9290,0.0581,0.0129,138
142286,0.0038,0.0099,0.9862,24
142334,0.0041,0.0416,0.9543,33
142436,0.0035,0.0117,0.9848,24
142445,0.0224,0.0606,0.9170,86
142456,0.3526,0.6186,0.0289,53
142462,0.0185,0.1564,0.8251,86
142468,0.0116,0.0183,0.9700,42
142506,0.0054,0.0096,0.9850,32
142526,0.0856,0.1019,0.8126,65
142555,0.0212,0.0169,0.9619,34
142578,0.0033,0.0102,0.9865,64
142622,0.9203,0.0388,0.0409,82
142774,0.8877,0.0683,0.0440,171
142846,0.0449,0.1494,0.8056,106
142865,0.2998,0.6812,0.0190,63
142871,0.0882,0.8689,0.0429,28
142873,0.0973,0.8608,0.0419,107
142913,0.2816,0.2579,0.4605,50
142949,0.0031,0.0146,0.9823,36
142960,0.0034,0.0182,0.9784,56
143139,0.0405,0.8578,0.1017,44
143150,0.1053,0.7749,0.1197,44
143182,0.1489,0.8197,0.0314,35
143633,0.0850,0.3175,0.5975,29
143641,0.0062,0.0100,0.9838,45
143677,0.0139,0.0114,0.9747,99
143725,0.9551,0.0292,0.0157,64
143994,0.0044,0.0130,0.9825,77
144040,0.0039,0.0085,0.9876,37
144065,0.0126,0.0447,0.9427,56
144139,0.3627,0.6032,0.0341,49
144155,0.0037,0.0123,0.9840,33
144191,0.0069,0.0118,0.9812,59
144205,0.0071,0.0182,0.9747,37
144234,0.7543,0.1069,0.1387,78
144276,0.0824,0.6964,0.2212,116
144306,0.0431,0.0474,0.9095,38
144361,0.0035,0.0088,0.9878,63
144439,0.0030,0.0086,0.9884,30
144468,0.9671,0.0267,0.0062,34
144668,0.0035,0.0118,0.9847,39
144698,0.0447,0.6453,0.3099,52
144709,0.0040,0.0136,0.9824,41
144738,0.1946,0.1960,0.6093,87
144792,0.2896,0.1939,0.5165,154
144827,0.0642,0.6208,0.3150,113
144850,0.0224,0.0982,0.8794,186
144878,0.9659,0.0257,0.0084,165
144889,0.0040,0.0168,0.9792,36
144923,0.1732,0.2738,0.5531,24
145032,0.0074,0.0357,0.9568,60
145039,0.0129,0.0338,0.9532,55
145157,0.0032,0.0099,0.9869,48
145449,0.0031,0.0091,0.9877,38
145553,0.0416,0.0508,0.9076,104
145572,0.0125,0.1204,0.8671,36
145575,0.0045,0.0114,0.9841,42
145580,0.0085,0.1968,0.7947,73
145603,0.0278,0.1610,0.8113,66
145617,0.0065,0.0130,0.9805,132
145649,0.0043,0.0108,0.9849,40
145679,0.0027,0.0138,0.9835,99
145685,0.0069,0.0601,0.9330,89
145750,0.0139,0.0205,0.9656,128
145963,0.0046,0.0107,0.9847,45
145982,0.7835,0.1848,0.0317,160
146000,0.3267,0.6402,0.0331,128
146002,0.1181,0.7989,0.0830,98
146014,0.0871,0.5440,0.3689,49
146050,0.3152,0.5720,0.1128,183
146095,0.0246,0.0619,0.9135,101
146158,0.0026,0.0198,0.9776,45
146189,0.0070,0.0297,0.9633,156
146216,0.0043,0.0091,0.9866,31
146391,0.6287,0.3564,0.0150,74
146568,0.0362,0.2456,0.7182,153
146570,0.0052,0.0468,0.9481,105
146593,0.0354,0.2677,0.6969,21
146612,0.0030,0.0264,0.9706,38
146623,0.9484,0.0452,0.0064,57
146634,0.9085,0.0743,0.0172,155
146677,0.0039,0.0074,0.9887,57
146685,0.9532,0.0349,0.0119,307
146868,0.0031,0.0093,0.9876,30
146942,0.5069,0.3410,0.1521,503
146981,0.0849,0.0578,0.8573,72
147006,0.6418,0.1817,0.1764,85
147025,0.8853,0.1032,0.0114,35
147059,0.5216,0.3690,0.1094,322
147250,0.8590,0.1202,0.0208,57
147275,0.0035,0.0131,0.9835,238
147327,0.0077,0.0164,0.9759,167
147370,0.2095,0.4761,0.3144,307
147381,0.5786,0.2896,0.1319,155
147446,0.0046,0.0292,0.9662,305
147487,0.9296,0.0644,0.0060,45
147537,0.0041,0.0073,0.9886,49
147622,0.0030,0.0120,0.9850,98
147678,0.9625,0.0289,0.0086,35
147686,0.9507,0.0400,0.0094,72
147713,0.2825,0.2944,0.4231,138
147846,0.0048,0.0115,0.9838,60
147851,0.9588,0.0353,0.0059,30
147883,0.0036,0.0172,0.9792,47
147930,0.0769,0.0646,0.8585,712
147937,0.0046,0.0190,0.9763,59
147962,0.0044,0.0091,0.9864,28
147981,0.2028,0.1314,0.6658,98
148006,0.7184,0.2433,0.0383,70
148007,0.1888,0.6407,0.1705,27
148136,0.0031,0.0136,0.9833,53
148187,0.3367,0.6283,0.0351,130
148270,0.3953,0.5827,0.0219,33
148331,0.0047,0.0183,0.9770,58
148534,0.0040,0.0095,0.9866,104
148690,0.0138,0.1883,0.7979,159
148708,0.0055,0.0977,0.8967,118
148711,0.1593,0.8029,0.0378,158
148754,0.0324,0.1950,0.7726,181
148767,0.0044,0.0096,0.9860,65
148787,0.0029,0.0120,0.9851,68
148899,0.0063,0.0179,0.9758,239
148923,0.7985,0.1788,0.0227,228
148970,0.6898,0.2638,0.0464,260
149051,0.0045,0.0090,0.9865,93
149091,0.8804,0.1013,0.0183,102
149124,0.0136,0.0449,0.9414,33
149188,0.2827,0.1129,0.6044,41
149211,0.9054,0.0767,0.0179,51
149255,0.0286,0.4745,0.4968,47
149365,0.0031,0.0104,0.9865,51
149465,0.0031,0.0105,0.9863,135
149572,0.0028,0.0125,0.9847,120
149604,0.0036,0.0195,0.9769,46
149606,0.0081,0.0173,0.9746,135
149621,0.0445,0.0280,0.9274,172
149634,0.0806,0.1580,0.7614,114
149670,0.0030,0.0211,0.9759,40
149672,0.0059,0.0483,0.9457,28
149701,0.0295,0.2137,0.7568,241
149910,0.0418,0.2879,0.6702,155
150023,0.0037,0.0307,0.9656,94
150039,0.0047,0.0092,0.9862,24
150088,0.8760,0.1118,0.0122,179
150126,0.9216,0.0671,0.0112,56
150142,0.2547,0.5627,0.1826,139
150151,0.0026,0.0151,0.9823,49
150162,0.0052,0.0111,0.9837,60
150171,0.0030,0.0138,0.9832,453
150217,0.0061,0.0323,0.9616,72
150264,0.0140,0.0505,0.9356,163
150267,0.0067,0.0098,0.9835,91
150341,0.0717,0.8597,0.0686,40
150413,0.0178,0.0208,0.9614,62
150508,0.0050,0.0183,0.9767,89
150546,0.0040,0.0091,0.9869,78
150555,0.0884,0.5289,0.3827,60
150642,0.0295,0.1818,0.7887,98
150689,0.0045,0.0104,0.9851,77
150695,0.9407,0.0486,0.0108,185
150698,0.0034,0.0210,0.9757,136
150739,0.0153,0.0133,0.9715,27
150744,0.7480,0.2370,0.0150,137
150906,0.0221,0.0625,0.9154,66
150939,0.0131,0.0216,0.9652,27
150984,0.0521,0.7012,0.2467,35
151065,0.0181,0.3701,0.6118,47
151105,0.1307,0.8085,0.0608,183
151150,0.5717,0.2897,0.1386,107
151169,0.0038,0.0145,0.9816,74
151179,0.9566,0.0379,0.0055,30
151183,0.0517,0.0412,0.9072,49
151238,0.1806,0.7878,0.0316,100
151242,0.9434,0.0485,0.0081,73
151266,0.0957,0.0419,0.8624,39
151289,0.0245,0.0255,0.9500,32
151315,0.0035,0.0172,0.9793,43
151341,0.4851,0.4322,0.0828,202
151388,0.0046,0.0121,0.9833,28
151438,0.0146,0.0383,0.9471,74
151444,0.0026,0.0102,0.9872,51
151579,0.0030,0.0201,0.9769,56
151598,0.0464,0.1926,0.7610,255
151860,0.0035,0.0098,0.9867,59
151879,0.0032,0.0087,0.9881,75
151918,0.0035,0.0096,0.9869,80
151932,0.0065,0.0422,0.9513,123
152067,0.0028,0.0114,0.9858,85
152095,0.0027,0.0100,0.9874,97
152108,0.0037,0.0089,0.9874,158
152126,0.0063,0.0207,0.9730,102
152145,0.9448,0.0478,0.0075,74
152171,0.0096,0.0169,0.9736,42
152196,0.5265,0.2112,0.2623,131
152227,0.0025,0.0191,0.9783,53
152281,0.1174,0.1029,0.7797,502
152642,0.0047,0.0128,0.9825,55
152707,0.4715,0.3005,0.2280,145
152709,0.0051,0.0151,0.9797,114
152742,0.0055,0.0100,0.9845,28
152749,0.0036,0.0091,0.9873,34
152824,0.9721,0.0188,0.0091,35
152830,0.0127,0.0165,0.9708,55
152927,0.0048,0.0206,0.9746,22
152934,0.0038,0.0150,0.9812,94
152936,0.0058,0.0087,0.9855,78
153206,0.0052,0.0264,0.9684,41
153231,0.1389,0.6969,0.1641,457
153295,0.0039,0.0208,0.9753,135
153301,0.0257,0.2531,0.7212,86
153306,0.4164,0.3865,0.1971,28
153361,0.0159,0.0232,0.9609,187
153375,0.0050,0.0104,0.9846,175
153394,0.0076,0.0125,0.9799,45
153494,0.0030,0.0130,0.9839,39
153507,0.0042,0.0106,0.9852,57
153512,0.0078,0.0556,0.9366,224
153570,0.0044,0.0629,0.9327,78
153614,0.0031,0.0102,0.9867,56
153725,0.0029,0.0108,0.9863,104
154079,0.9164,0.0566,0.0270,119
154131,0.0063,0.0098,0.9839,42
154168,0.0056,0.0157,0.9787,118
154312,0.0037,0.0156,0.9807,45
154336,0.0026,0.0168,0.9806,69
154414,0.0300,0.7225,0.2475,98
154418,0.0808,0.5317,0.3875,75
154436,0.0142,0.0164,0.9694,104
154491,0.0033,0.0252,0.9715,28
154500,0.0062,0.0123,0.9814,31
154564,0.0031,0.0138,0.9830,37
154572,0.8891,0.0886,0.0224,50
154588,0.8461,0.1152,0.0386,76
154617,0.0041,0.0088,0.9871,27
154684,0.0035,0.0090,0.9875,76
154703,0.0103,0.0274,0.9623,383
154783,0.0065,0.0488,0.9448,114
154814,0.0028,0.0097,0.9875,38
154838,0.0038,0.0121,0.9840,125
154906,0.0055,0.0189,0.9755,216
154988,0.0036,0.0114,0.9849,126
155116,0.0241,0.0615,0.9145,116
155126,0.0115,0.0251,0.9635,138
155136,0.0069,0.0096,0.9835,22
155150,0.0037,0.0155,0.9808,74
155277,0.0096,0.0925,0.8978,95
155336,0.0148,0.0939,0.8914,64
155381,0.0038,0.0098,0.9864,108
155388,0.0126,0.0354,0.9520,71
155414,0.2103,0.0809,0.7088,118
155431,0.1093,0.8201,0.0706,30
155498,0.0057,0.0241,0.9702,36
155517,0.9698,0.0222,0.0080,36
155550,0.2163,0.5629,0.2207,131
155811,0.8772,0.1077,0.0151,62
155835,0.0101,0.0264,0.9634,90
155844,0.9660,0.0267,0.0073,24
155922,0.0142,0.0301,0.9557,37
156013,0.7502,0.1588,0.0909,362
156024,0.0102,0.0140,0.9758,81
156047,0.0057,0.0120,0.9823,26
156099,0.0044,0.0112,0.9844,132
156127,0.0097,0.1372,0.8531,97
156210,0.0168,0.0664,0.9168,84
156259,0.0085,0.0097,0.9818,52
156276,0.9076,0.0761,0.0163,172
156329,0.0030,0.0134,0.9836,63
156396,0.0390,0.0413,0.9197,96
156423,0.0241,0.0563,0.9196,57
156695,0.0062,0.0202,0.9735,166
156722,0.0028,0.0184,0.9788,49
156749,0.0050,0.0103,0.9847,81
156775,0.1200,0.7988,0.0812,66
156812,0.9661,0.0236,0.0103,109
156870,0.0526,0.1295,0.8179,96
156933,0.0326,0.1202,0.8472,42
156957,0.0031,0.0112,0.9857,64
157046,0.0041,0.0086,0.9873,26
157107,0.0031,0.0174,0.9795,79
157111,0.8220,0.1696,0.0084,46
157114,0.0106,0.0219,0.9674,78
157273,0.0413,0.2417,0.7170,30
157433,0.0124,0.1186,0.8690,152
157545,0.0035,0.0178,0.9787,118
157636,0.0596,0.6289,0.3115,155
157680,0.0095,0.0200,0.9705,137
157681,0.0818,0.7890,0.1292,39
157832,0.0033,0.0099,0.9868,30
157838,0.0259,0.0243,0.9499,83
157851,0.8672,0.1156,0.0172,227
157952,0.0036,0.0524,0.9441,77
157968,0.0033,0.0115,0.9853,148
158053,0.6645,0.2050,0.1306,24
158094,0.0160,0.0545,0.9295,602
158109,0.0063,0.0129,0.9807,68
158185,0.0032,0.0110,0.9858,103
158236,0.7355,0.2458,0.0187,66
158254,0.2634,0.6495,0.0872,166
158316,0.0029,0.0106,0.9865,35
158418,0.0038,0.0084,0.9878,99
158466,0.1292,0.7127,0.1582,811
158480,0.0046,0.0116,0.9839,56
158488,0.0150,0.0191,0.9658,27
158493,0.0039,0.0111,0.9850,80
158507,0.8837,0.0966,0.0197,340
158558,0.0031,0.0099,0.9870,47
158625,0.0034,0.0104,0.9862,63
158672,0.0256,0.2322,0.7422,68
158699,0.0160,0.4229,0.5610,44
158723,0.0104,0.0669,0.9227,113
158770,0.0451,0.0686,0.8862,111
159010,0.8745,0.1065,0.0190,118
159093,0.0034,0.0115,0.9851,256
159098,0.0048,0.0115,0.9837,52
159142,0.0050,0.0542,0.9408,120
159144,0.0043,0.0121,0.9836,27
159159,0.0500,0.8575,0.0926,30
159164,0.0061,0.0214,0.9725,93
159172,0.0158,0.0296,0.9546,159
159204,0.0072,0.0174,0.9754,119
159217,0.0573,0.1107,0.8320,305
159247,0.4275,0.4812,0.0914,58
159263,0.0076,0.0113,0.9811,77
159297,0.0059,0.0121,0.9820,57
159313,0.0041,0.0088,0.9871,77
159455,0.0409,0.8381,0.1210,130
159502,0.0046,0.0344,0.9610,51
159638,0.0041,0.0121,0.9838,86
159654,0.5906,0.3762,0.0332,36
159948,0.0078,0.0151,0.9771,36
160006,0.0034,0.0138,0.9828,117
160014,0.0031,0.0093,0.9877,33
160062,0.8373,0.1474,0.0152,72
160119,0.0040,0.0100,0.9860,51
160181,0.0181,0.0325,0.9494,163
160257,0.0026,0.0121,0.9853,132
160282,0.3178,0.0994,0.5827,72
160291,0.0095,0.0170,0.9736,189
160328,0.0368,0.5826,0.3806,127
160435,0.0069,0.0330,0.9601,31
160558,0.0086,0.0180,0.9734,112
160599,0.0461,0.4138,0.5401,466
160624,0.4611,0.3124,0.2265,40
160627,0.0107,0.0148,0.9745,47
160628,0.0192,0.0537,0.9271,36
160742,0.2611,0.1933,0.5455,164
160746,0.0058,0.0159,0.9784,34
160750,0.0145,0.0160,0.9695,96
160771,0.2089,0.3794,0.4117,75
160811,0.0158,0.0202,0.9641,30
160865,0.0068,0.0210,0.9722,183
160932,0.3080,0.1756,0.5165,360
160949,0.0048,0.0083,0.9868,84
161009,0.0051,0.0109,0.9841,80
161141,0.9493,0.0322,0.0185,101
161148,0.0877,0.0482,0.8641,38
161149,0.0062,0.0460,0.9478,32
161374,0.0026,0.0093,0.9881,41
161382,0.0033,0.0220,0.9747,26
161412,0.0038,0.0135,0.9827,43
161446,0.0099,0.0481,0.9421,143
161459,0.2120,0.4964,0.2916,59
161474,0.0034,0.0093,0.9873,45
161487,0.0035,0.0076,0.9889,32
161495,0.3699,0.2334,0.3967,262
161540,0.0039,0.0093,0.9868,53
161544,0.0105,0.0087,0.9808,38
161556,0.0561,0.8860,0.0579,21
161588,0.7643,0.1757,0.0600,99
161593,0.0034,0.0210,0.9756,105
161597,0.8511,0.1053,0.0436,127
161662,0.0025,0.0126,0.9850,37
161765,0.0032,0.0151,0.9817,29
161780,0.0460,0.3036,0.6504,89
161802,0.0138,0.2792,0.7070,80
161819,0.0031,0.0088,0.9882,31
161887,0.0033,0.0159,0.9808,44
161942,0.9501,0.0380,0.0119,49
161985,0.0049,0.0629,0.9322,78
161991,0.9052,0.0729,0.0218,253
161995,0.0111,0.1100,0.8789,128
161996,0.0054,0.0110,0.9836,37
162028,0.5559,0.3499,0.0942,123
162029,0.0656,0.3309,0.6035,254
162164,0.0072,0.0154,0.9774,126
162194,0.0784,0.1293,0.7923,53
162206,0.0462,0.2436,0.7102,39
162595,0.0101,0.0520,0.9379,43
162597,0.0030,0.0091,0.9879,98
162619,0.5455,0.4349,0.0196,134
162649,0.0186,0.2335,0.7479,61
162714,0.0061,0.0142,0.9797,51
162788,0.4278,0.3842,0.1881,103
162827,0.4569,0.3487,0.1944,59
162835,0.0116,0.0161,0.9723,29
162921,0.0026,0.0188,0.9786,51
162927,0.0049,0.0080,0.9870,25
162960,0.0029,0.0116,0.9854,43
162961,0.0068,0.0265,0.9668,193
163023,0.0084,0.0271,0.9645,72
163179,0.0027,0.0140,0.9833,45
163416,0.0064,0.0123,0.9813,100
163445,0.9420,0.0451,0.0129,38
163553,0.8016,0.1064,0.0919,203
163649,0.0223,0.0726,0.9052,56
163665,0.3117,0.5142,0.1740,76
163843,0.0029,0.0116,0.9855,83
163876,0.0124,0.0328,0.9548,53
163898,0.1017,0.4120,0.4862,110
163907,0.0038,0.0108,0.9854,64
163928,0.0094,0.0207,0.9700,44
163968,0.0058,0.0148,0.9795,231
164017,0.0031,0.0111,0.9858,53
164317,0.9363,0.0545,0.0091,72
164465,0.0056,0.0089,0.9855,71
164481,0.0028,0.0198,0.9773,33
164533,0.1144,0.4508,0.4348,256
164561,0.0426,0.1000,0.8575,162
164705,0.9568,0.0343,0.0089,124
164795,0.0038,0.0122,0.9841,91
164930,0.0090,0.0122,0.9788,107
165001,0.6233,0.3578,0.0189,115
165019,0.0048,0.0132,0.9820,58
165029,0.2139,0.5895,0.1966,45
165031,0.0255,0.0271,0.9475,59
165035,0.3081,0.4687,0.2232,31
165083,0.0092,0.0184,0.9725,55
165193,0.0148,0.0640,0.9213,152
165290,0.0180,0.0125,0.9695,45
165292,0.0333,0.7084,0.2583,127
165416,0.0028,0.0229,0.9743,27
165477,0.0096,0.0399,0.9505,105
165697,0.4451,0.3426,0.2122,188
165709,0.0159,0.0379,0.9462,106
165805,0.0116,0.0176,0.9708,60
165871,0.0076,0.0194,0.9730,156
165912,0.3148,0.2168,0.4685,576
165984,0.2850,0.5240,0.1910,32
165994,0.2046,0.1268,0.6686,90
166019,0.0136,0.0152,0.9711,94
166048,0.0225,0.0222,0.9553,105
166087,0.0039,0.0095,0.9867,58
166191,0.9515,0.0379,0.0106,145
166204,0.0094,0.0226,0.9681,32
166373,0.0060,0.0182,0.9758,31
166408,0.0383,0.2588,0.7029,170
166415,0.8334,0.1227,0.0438,477
166443,0.0312,0.0977,0.8711,203
166500,0.7109,0.2483,0.0408,37
166524,0.0042,0.0139,0.9820,91
166537,0.0040,0.0260,0.9700,72
166605,0.0036,0.0248,0.9716,115
166623,0.3070,0.5132,0.1798,119
166646,0.0292,0.0790,0.8918,60
166663,0.0062,0.0117,0.9820,134
166667,0.0158,0.1008,0.8834,64
166710,0.1697,0.7761,0.0541,53
166719,0.8552,0.1365,0.0083,49
166803,0.7389,0.2350,0.0261,92
166809,0.9597,0.0327,0.0076,95
166815,0.0030,0.0133,0.9837,49
166876,0.0045,0.0090,0.9865,37
166919,0.0070,0.0161,0.9769,36
166965,0.5591,0.1914,0.2495,157
166971,0.0048,0.0185,0.9768,79
166987,0.5770,0.2389,0.1841,32
166991,0.0039,0.0459,0.9501,96
167014,0.9676,0.0253,0.0071,103
167025,0.8490,0.1071,0.0439,67
167115,0.0028,0.0142,0.9830,87
167139,0.0051,0.0105,0.9844,79
167154,0.1166,0.7765,0.1069,43
167172,0.0037,0.0088,0.9875,26
167221,0.0160,0.0837,0.9003,57
167258,0.0037,0.0102,0.9861,67
167350,0.4839,0.4041,0.1120,519
167402,0.3780,0.1575,0.4645,34
167406,0.0295,0.1459,0.8247,118
167413,0.0034,0.0421,0.9545,126
167449,0.0220,0.3811,0.5968,52
167480,0.0080,0.0382,0.9538,85
167555,0.0031,0.0089,0.9880,34
167580,0.0124,0.0275,0.9602,61
167592,0.0100,0.0147,0.9753,63
167596,0.9340,0.0477,0.0183,49
167605,0.0041,0.0296,0.9663,132
167629,0.0082,0.1030,0.8888,222
167734,0.3723,0.2526,0.3751,188
167770,0.9344,0.0533,0.0123,43
167789,0.1475,0.4535,0.3990,101
167796,0.0067,0.0404,0.9529,99
167870,0.0395,0.4404,0.5201,27
168385,0.0028,0.0088,0.9884,33
168518,0.0028,0.0097,0.9875,53
168544,0.1961,0.6679,0.1360,106
168552,0.0041,0.0128,0.9831,36
168561,0.0163,0.2753,0.7084,65
168584,0.7969,0.1728,0.0303,76
168657,0.0185,0.0693,0.9121,134
168667,0.4562,0.1839,0.3599,47
168682,0.0030,0.0086,0.9884,29
168874,0.0057,0.0227,0.9716,39
168892,0.0263,0.2664,0.7073,19
168971,0.9408,0.0536,0.0056,50
168989,0.0031,0.0132,0.9838,32
169002,0.2436,0.2682,0.4882,118
169018,0.0648,0.7417,0.1934,107
169036,0.0033,0.0143,0.9825,31
169072,0.0084,0.0121,0.9796,36
169145,0.0030,0.0108,0.9862,36
169150,0.0033,0.0098,0.9869,60
169153,0.1986,0.6087,0.1926,135
169223,0.4301,0.5377,0.0322,48
169260,0.0380,0.4415,0.5205,77
169287,0.0089,0.0438,0.9473,55
169322,0.0031,0.0122,0.9848,99
169352,0.0051,0.0092,0.9856,90
169420,0.1888,0.1520,0.6592,42
169437,0.6472,0.3036,0.0492,94
169756,0.1501,0.6954,0.1545,275
169773,0.3750,0.5373,0.0877,266
169832,0.0049,0.0080,0.9871,45
169905,0.9368,0.0514,0.0118,65
169921,0.0062,0.0122,0.9816,30
169928,0.0047,0.0145,0.9808,43
169937,0.0065,0.0115,0.9821,117
169939,0.0118,0.0131,0.9751,38
170015,0.0038,0.0116,0.9846,20
170109,0.3948,0.5480,0.0572,323
170156,0.0040,0.0481,0.9479,31
170160,0.1344,0.1111,0.7546,95
170164,0.0496,0.0549,0.8955,47
170173,0.5570,0.3472,0.0958,435
170182,0.4826,0.4895,0.0279,52
170220,0.0218,0.0289,0.9493,99
170224,0.0042,0.0168,0.9791,143
170248,0.9652,0.0243,0.0105,237
170348,0.1156,0.7307,0.1537,36
170367,0.0039,0.0086,0.9875,45
170377,0.5965,0.3793,0.0241,83
170582,0.0027,0.0207,0.9766,81
170682,0.0031,0.0111,0.9859,28
170745,0.9179,0.0732,0.0089,233
170819,0.0045,0.0089,0.9865,69
170885,0.0158,0.0124,0.9719,33
170997,0.0047,0.0198,0.9756,39
171073,0.8306,0.0849,0.0845,25
171470,0.0223,0.0775,0.9002,512
171485,0.0083,0.0245,0.9671,242
171519,0.1325,0.3128,0.5548,125
171593,0.8938,0.0987,0.0075,126
171620,0.0892,0.4837,0.4272,80
171633,0.6355,0.2973,0.0672,64
171688,0.0126,0.0241,0.9633,72
172031,0.0043,0.0168,0.9789,39
172075,0.0035,0.0163,0.9801,58
172189,0.0031,0.0175,0.9794,30
172239,0.7244,0.1577,0.1180,55
172362,0.0220,0.3887,0.5893,58
172404,0.0200,0.1334,0.8466,182
172422,0.7337,0.2329,0.0334,144
172491,0.8841,0.0943,0.0216,98
172541,0.0160,0.2209,0.7632,99
172581,0.0995,0.8196,0.0810,123
172647,0.0325,0.1412,0.8263,26
172689,0.0975,0.5563,0.3462,78
172708,0.0042,0.0111,0.9847,58
172727,0.0064,0.0132,0.9804,68
172730,0.0054,0.0110,0.9836,83
172775,0.0135,0.0166,0.9699,75
172825,0.0227,0.5630,0.4143,77
173027,0.1325,0.0775,0.7901,58
173060,0.9294,0.0637,0.0069,85
173159,0.0057,0.0133,0.9810,38
173215,0.0290,0.1561,0.8149,47
173272,0.0109,0.0133,0.9759,61
173275,0.0038,0.0213,0.9749,50
173286,0.2188,0.2295,0.5517,143
173416,0.0032,0.0096,0.9872,94
173460,0.1989,0.7168,0.0843,41
173478,0.0037,0.0080,0.9882,29
173519,0.0028,0.0150,0.9823,65
173544,0.0032,0.0105,0.9863,339
173563,0.0994,0.8733,0.0272,33
173602,0.0036,0.0161,0.9802,37
173692,0.0053,0.0244,0.9703,169
174181,0.0154,0.2783,0.7063,97
174210,0.0024,0.0108,0.9867,60
174233,0.0068,0.0109,0.9823,87
174361,0.0036,0.0121,0.9843,18
174366,0.8688,0.1060,0.0252,113
174369,0.0095,0.0166,0.9739,32
174398,0.0050,0.0102,0.9848,65
174486,0.0104,0.0218,0.9677,77
174506,0.0047,0.0230,0.9723,63
174541,0.0154,0.0232,0.9615,27
174563,0.0041,0.0119,0.9840,38
174605,0.0049,0.0132,0.9819,171
174622,0.0040,0.0075,0.9884,103
174698,0.0200,0.0872,0.8928,132
174727,0.0095,0.0845,0.9060,171
174734,0.0030,0.0106,0.9863,39
174781,0.8566,0.1339,0.0095,41
174835,0.0027,0.0185,0.9787,64
174871,0.9479,0.0437,0.0084,154
174924,0.0057,0.0522,0.9422,32
174933,0.0045,0.0080,0.9875,17
174958,0.0309,0.0208,0.9482,382
175046,0.0101,0.0111,0.9787,37
175117,0.0042,0.0098,0.9860,45
175176,0.0026,0.0181,0.9793,42
175186,0.0276,0.0582,0.9142,84
175189,0.0078,0.0781,0.9142,228
175218,0.0084,0.0196,0.9720,34
175234,0.0039,0.0098,0.9863,38
175235,0.0046,0.0090,0.9864,34
175267,0.0345,0.1211,0.8445,57
175378,0.2566,0.3350,0.4084,155
175379,0.0562,0.3195,0.6243,75
175380,0.0435,0.1069,0.8496,76
175445,0.6959,0.1496,0.1545,93
175468,0.0108,0.0538,0.9354,251
175477,0.0467,0.1790,0.7744,266
175495,0.3771,0.2959,0.3270,30
175549,0.0262,0.4709,0.5029,51
175681,0.0052,0.0087,0.9861,94
175713,0.0040,0.0101,0.9858,71
175915,0.5591,0.2844,0.1565,159
175989,0.0468,0.3102,0.6430,202
176071,0.1145,0.3901,0.4953,289
176101,0.0113,0.0662,0.9225,42
176127,0.0116,0.0206,0.9678,51
176130,0.0044,0.0094,0.9861,62
176131,0.0158,0.0524,0.9318,74
176209,0.0087,0.0122,0.9791,50
176217,0.0069,0.0125,0.9806,248
176220,0.1266,0.2451,0.6283,177
176225,0.0032,0.0139,0.9829,55
176247,0.9493,0.0372,0.0135,125
176253,0.2724,0.7032,0.0244,125
176301,0.0508,0.0528,0.8964,215
176324,0.0038,0.0123,0.9839,87
176354,0.4790,0.1587,0.3623,135
176362,0.0037,0.0109,0.9854,28
176382,0.0169,0.2552,0.7279,72
176460,0.0992,0.5936,0.3073,35
176465,0.0079,0.0238,0.9683,73
176473,0.0094,0.0713,0.9193,66
176477,0.5749,0.3969,0.0282,58
176510,0.9356,0.0479,0.0165,76
176543,0.0040,0.0073,0.9886,25
176607,0.0048,0.0210,0.9742,66
176678,0.2111,0.1063,0.6826,81
176801,0.0027,0.0087,0.9886,48
176851,0.0033,0.0088,0.9879,48
176862,0.0029,0.0115,0.9855,102
176941,0.0071,0.0538,0.9391,160
176974,0.0049,0.0317,0.9634,106
176996,0.0862,0.7262,0.1876,139
177085,0.0271,0.6299,0.3430,230
177100,0.0032,0.0194,0.9774,88
177108,0.0091,0.2580,0.7329,135
177110,0.0124,0.2182,0.7695,229
177372,0.0029,0.0093,0.9878,63
177373,0.6750,0.3083,0.0167,181
177414,0.8897,0.1023,0.0080,66
177610,0.3480,0.6261,0.0259,112
177657,0.0532,0.0312,0.9156,46
177667,0.0046,0.0137,0.9817,27
177733,0.1794,0.1782,0.6425,109
177747,0.2753,0.2704,0.4543,441
177789,0.0112,0.0416,0.9472,103
177856,0.4248,0.5029,0.0723,23
177870,0.0062,0.0150,0.9789,144
177879,0.3048,0.5099,0.1854,61
177882,0.0189,0.0313,0.9499,146
177903,0.0102,0.0250,0.9649,334
177911,0.0060,0.0194,0.9747,55
177918,0.0029,0.0102,0.9869,84
177934,0.0091,0.0206,0.9704,55
177941,0.1720,0.0898,0.7383,209
178013,0.1716,0.2184,0.6100,90
178026,0.3941,0.4410,0.1649,204
178040,0.9650,0.0276,0.0074,74
178160,0.8012,0.1838,0.0149,76
178487,0.5351,0.3784,0.0865,87
178528,0.8759,0.1102,0.0140,45
178549,0.0041,0.0334,0.9625,47
178615,0.0054,0.0173,0.9773,49
178616,0.0398,0.6129,0.3473,70
178673,0.0280,0.0882,0.8838,108
178677,0.8688,0.1083,0.0229,80
178752,0.3484,0.6317,0.0199,33
178755,0.3512,0.4854,0.1635,136
178838,0.0075,0.0209,0.9716,335
178904,0.0043,0.0101,0.9856,80
178951,0.9266,0.0649,0.0085,67
178969,0.1580,0.6084,0.2336,147
178978,0.0036,0.0235,0.9729,26
178980,0.0300,0.4299,0.5401,68
178996,0.0106,0.0226,0.9668,35
179011,0.0872,0.5711,0.3417,65
179064,0.0124,0.0200,0.9677,154
179142,0.0049,0.0095,0.9856,44
179158,0.0034,0.0120,0.9846,58
179162,0.0055,0.0152,0.9793,71
179254,0.0297,0.3221,0.6481,117
179535,0.8398,0.1432,0.0170,226
179584,0.5622,0.4080,0.0298,36
179595,0.9264,0.0493,0.0243,125
179602,0.0060,0.0395,0.9546,56
179656,0.9521,0.0345,0.0134,152
179757,0.0039,0.0190,0.9770,16
179781,0.0088,0.0138,0.9774,108
180102,0.4156,0.3994,0.1850,130
180104,0.3132,0.4733,0.2135,112
180203,0.0073,0.0135,0.9792,53
180232,0.0054,0.0266,0.9680,59
180291,0.0034,0.0102,0.9864,69
180313,0.0059,0.0347,0.9594,37
180370,0.0056,0.0389,0.9555,35
180401,0.1269,0.0500,0.8231,139
180403,0.0031,0.0130,0.9840,104
180636,0.9734,0.0174,0.0093,94
180641,0.0032,0.0095,0.9874,180
180671,0.5914,0.3750,0.0336,46
180750,0.0039,0.0095,0.9865,23
180792,0.0139,0.0245,0.9616,37
180795,0.1428,0.0932,0.7641,88
181349,0.0168,0.0150,0.9682,90
181368,0.0173,0.0198,0.9629,45
181476,0.0035,0.0167,0.9798,99
181481,0.0102,0.0349,0.9549,46
181586,0.0055,0.0390,0.9555,59
181597,0.0038,0.0095,0.9867,26
181826,0.0283,0.0571,0.9146,83
181837,0.9038,0.0830,0.0132,88
181861,0.0108,0.1850,0.8042,81
181863,0.0059,0.0126,0.9815,71
181904,0.0467,0.2829,0.6705,145
181975,0.0180,0.0827,0.8993,152
181997,0.5120,0.4532,0.0348,97
182013,0.0767,0.0495,0.8738,110
182044,0.0032,0.0106,0.9862,92
182075,0.5329,0.4486,0.0185,43
182176,0.0366,0.2699,0.6934,363
182200,0.0032,0.0110,0.9858,40
182215,0.0924,0.2826,0.6250,96
182260,0.5504,0.4048,0.0448,99
182373,0.0548,0.5720,0.3731,217
182483,0.1167,0.7643,0.1191,143
182550,0.0291,0.2200,0.7509,143
182552,0.0038,0.0080,0.9882,44
182573,0.0030,0.0095,0.9875,115
182829,0.2527,0.6515,0.0958,68
182858,0.0146,0.0293,0.9560,133
182911,0.0227,0.1356,0.8417,361
182930,0.0036,0.0099,0.9865,32
182954,0.8338,0.1576,0.0086,34
183114,0.0594,0.4408,0.4997,105
183358,0.0594,0.8535,0.0871,113
183377,0.0307,0.0302,0.9390,71
183491,0.4249,0.5534,0.0217,116
183503,0.0805,0.8964,0.0231,124
183531,0.0038,0.0240,0.9722,211
183555,0.0465,0.1278,0.8257,79
183657,0.0032,0.0298,0.9670,62
183661,0.0208,0.1581,0.8211,28
183736,0.0025,0.0117,0.9858,88
183746,0.0044,0.0084,0.9872,104
183809,0.0028,0.0095,0.9876,78
183830,0.0947,0.2196,0.6857,39
183875,0.0515,0.8417,0.1069,26
183932,0.1656,0.1927,0.6417,209
183939,0.2584,0.7085,0.0331,305
183948,0.0037,0.0264,0.9700,179
184064,0.0034,0.0112,0.9854,91
184138,0.0044,0.0127,0.9829,26
184186,0.0030,0.0158,0.9812,101
184206,0.9124,0.0678,0.0198,254
184247,0.0041,0.0083,0.9876,37
184269,0.0275,0.1554,0.8170,61
184299,0.0033,0.0110,0.9857,54
184338,0.4653,0.1517,0.3830,40
184427,0.0055,0.0185,0.9759,48
184709,0.1277,0.2228,0.6496,50
184717,0.1918,0.7606,0.0477,66
184776,0.0081,0.0452,0.9466,140
184781,0.0036,0.0161,0.9803,62
184837,0.0036,0.0104,0.9860,44
184878,0.1140,0.8628,0.0233,21
184972,0.1491,0.2017,0.6492,751
185018,0.0894,0.6734,0.2371,198
185056,0.0034,0.0164,0.9803,121
185089,0.9689,0.0238,0.0072,93
185096,0.0029,0.0097,0.9874,51
185129,0.1494,0.1078,0.7428,46
185147,0.0394,0.7570,0.2037,222
185239,0.0030,0.0138,0.9832,87
185310,0.1248,0.2258,0.6493,59
185311,0.4717,0.3873,0.1410,130
185314,0.6613,0.3181,0.0206,35
185346,0.0049,0.0621,0.9331,60
185545,0.0120,0.0339,0.9542,91
185573,0.0050,0.0079,0.9871,54
185626,0.0042,0.0140,0.9818,30
185653,0.0236,0.0195,0.9569,36
185807,0.0048,0.0349,0.9603,93
185925,0.0047,0.0103,0.9850,51
185959,0.0034,0.0088,0.9879,58
185982,0.0067,0.0223,0.9710,32
185997,0.2032,0.3237,0.4731,366
186005,0.0760,0.0879,0.8360,190
186012,0.2756,0.1207,0.6038,63
186066,0.0032,0.0109,0.9859,109
186195,0.0031,0.0086,0.9883,45
186449,0.0035,0.0162,0.9803,54
186461,0.0038,0.0075,0.9887,30
186485,0.0061,0.0921,0.9018,99
186505,0.1418,0.7799,0.0782,76
186603,0.9453,0.0470,0.0077,85
186622,0.8268,0.1290,0.0442,217
186675,0.9283,0.0592,0.0125,72
186950,0.0579,0.2685,0.6736,164
186969,0.8253,0.1526,0.0220,47
186990,0.0578,0.3295,0.6127,61
187168,0.0045,0.0119,0.9835,57
187174,0.0064,0.0458,0.9478,108
187208,0.0073,0.1355,0.8572,90
187209,0.0032,0.0348,0.9620,27
187260,0.8945,0.0906,0.0149,159
187291,0.0029,0.0116,0.9855,130
187298,0.0074,0.0094,0.9832,87
187337,0.3937,0.4071,0.1992,60
187390,0.1012,0.0787,0.8200,174
187421,0.0054,0.0167,0.9778,32
187482,0.4544,0.3252,0.2204,271
187487,0.0376,0.0336,0.9289,232
187489,0.1772,0.0885,0.7343,145
187492,0.4510,0.3778,0.1712,239
187589,0.0318,0.4514,0.5168,198
187746,0.0031,0.0123,0.9846,74
187792,0.9676,0.0209,0.0115,55
187873,0.6304,0.2335,0.1361,107
187900,0.0403,0.1774,0.7823,142
188044,0.7910,0.1884,0.0206,258
188049,0.0129,0.0210,0.9661,227
188056,0.0096,0.0114,0.9790,76
188057,0.3896,0.1596,0.4508,47
188078,0.0175,0.0861,0.8964,28
188109,0.0096,0.0337,0.9567,81
188113,0.1101,0.0928,0.7971,264
188172,0.0034,0.0096,0.9869,68
188219,0.0134,0.1036,0.8829,26
188223,0.0030,0.0122,0.9848,32
188227,0.0024,0.0109,0.9867,53
188273,0.0030,0.0101,0.9868,97
188356,0.0031,0.0248,0.9721,47
188439,0.0359,0.0657,0.8984,212
188440,0.0117,0.0351,0.9532,162
188517,0.3094,0.0602,0.6303,63
188622,0.0026,0.0101,0.9873,70
188640,0.7957,0.1909,0.0134,36
188738,0.0107,0.1661,0.8232,189
189098,0.0044,0.0159,0.9797,167
189136,0.0034,0.0101,0.9865,54
189203,0.0202,0.0512,0.9285,42
189330,0.3789,0.5204,0.1007,26
189408,0.0032,0.0138,0.9830,98
189445,0.0036,0.0183,0.9781,238
189573,0.0039,0.0085,0.9876,25
189589,0.6220,0.2590,0.1190,53
189599,0.0036,0.0083,0.9880,117
189609,0.0393,0.0245,0.9362,82
189652,0.0049,0.0097,0.9855,134
189653,0.0029,0.0120,0.9851,32
189669,0.0035,0.0099,0.9866,30
189707,0.0031,0.0113,0.9856,41
189712,0.0032,0.0117,0.9851,30
189718,0.0027,0.0127,0.9846,123
189853,0.4485,0.4247,0.1267,127
189878,0.0034,0.0083,0.9883,87
189941,0.0034,0.0223,0.9742,69
190009,0.6820,0.2955,0.0225,73
190203,0.0903,0.8293,0.0803,40
190267,0.8862,0.1012,0.0126,36
190299,0.0050,0.0291,0.9659,94
190302,0.0145,0.0206,0.9650,215
190354,0.0120,0.0343,0.9536,185
190407,0.0517,0.3516,0.5967,60
190427,0.4086,0.2969,0.2945,99
190465,0.0807,0.2856,0.6336,215
190540,0.6663,0.2168,0.1169,214
190575,0.0309,0.0725,0.8966,54
190597,0.0037,0.0098,0.9865,37
190616,0.0092,0.0307,0.9601,65
190725,0.9432,0.0423,0.0145,34
190771,0.0045,0.0233,0.9722,146
190783,0.0220,0.0432,0.9347,77
190985,0.3350,0.6482,0.0168,33
191000,0.1195,0.0771,0.8034,69
191003,0.0024,0.0128,0.9848,36
191008,0.0042,0.0102,0.9856,48
191023,0.0029,0.0085,0.9887,95
191033,0.0809,0.0628,0.8562,32
191054,0.0068,0.0094,0.9839,52
191087,0.0028,0.0091,0.9880,49
191154,0.0039,0.0093,0.9868,149
191213,0.3888,0.5900,0.0212,78
191389,0.1936,0.0568,0.7496,31
191407,0.0080,0.0184,0.9737,111
191426,0.2355,0.5331,0.2315,42
191817,0.0072,0.0142,0.9786,137
191832,0.9320,0.0589,0.0091,58
191852,0.0027,0.0131,0.9842,33
191907,0.0031,0.0263,0.9706,65
191973,0.0560,0.4735,0.4705,135
192035,0.0807,0.4439,0.4754,56
192082,0.1506,0.3927,0.4568,138
192113,0.0060,0.0208,0.9732,29
192164,0.0033,0.0115,0.9852,32
192810,0.0895,0.2929,0.6177,109
192860,0.0031,0.0087,0.9883,44
192865,0.0031,0.0209,0.9760,350
192870,0.0053,0.0085,0.9863,60
192936,0.0652,0.8123,0.1225,51
192939,0.0230,0.0401,0.9369,149
192941,0.8660,0.1217,0.0123,60
192949,0.0067,0.0453,0.9480,104
192969,0.0045,0.0109,0.9846,59
193020,0.0512,0.0849,0.8639,65
193068,0.0035,0.0106,0.9859,42
193074,0.0081,0.0094,0.9825,43
193149,0.0033,0.0080,0.9887,87
193150,0.0563,0.8449,0.0988,179
193195,0.0234,0.0449,0.9316,75
193209,0.4426,0.4458,0.1116,275
193267,0.4679,0.2565,0.2756,39
193337,0.0036,0.0088,0.9876,33
193371,0.0551,0.1341,0.8108,39
193380,0.0163,0.0261,0.9576,138
193396,0.9165,0.0757,0.0078,47
193406,0.0108,0.0772,0.9120,45
193410,0.1544,0.2616,0.5840,57
193476,0.5889,0.3960,0.0151,54
193489,0.0637,0.0925,0.8438,33
194023,0.1820,0.7407,0.0773,100
194032,0.1614,0.3369,0.5018,67
194037,0.0355,0.3052,0.6593,50
194203,0.0047,0.0175,0.9778,108
194283,0.0028,0.0105,0.9867,19
194291,0.0050,0.0189,0.9762,103
194374,0.0039,0.0083,0.9878,28
194472,0.5162,0.4087,0.0751,244
194489,0.1677,0.3888,0.4435,281
194599,0.0032,0.0118,0.9850,36
194635,0.0029,0.0118,0.9853,120
194690,0.0316,0.1585,0.8099,189
194726,0.0916,0.0744,0.8340,207
194779,0.0031,0.0124,0.9846,137
194807,0.0039,0.0193,0.9768,29
194844,0.7826,0.2054,0.0120,183
194861,0.0779,0.8442,0.0779,23
194875,0.0811,0.0580,0.8609,46
194885,0.9416,0.0361,0.0223,57
194901,0.0029,0.0154,0.9816,231
194923,0.9748,0.0163,0.0089,159
194963,0.9003,0.0835,0.0162,106
194986,0.0027,0.0124,0.9849,93
195005,0.5394,0.3304,0.1301,221
195099,0.0039,0.0093,0.9868,29
195265,0.9645,0.0257,0.0098,46
195316,0.5518,0.2475,0.2006,40
195328,0.0195,0.0677,0.9128,272
195396,0.0035,0.0152,0.9813,84
195410,0.8625,0.1132,0.0243,318
195466,0.0658,0.0446,0.8896,78
195476,0.0034,0.0105,0.9861,124
195499,0.5055,0.4467,0.0479,149
195586,0.0055,0.0373,0.9572,113
196069,0.0066,0.0082,0.9851,36
196093,0.0047,0.0256,0.9696,105
196139,0.0063,0.0086,0.9851,64
196149,0.0083,0.0149,0.9768,44
196224,0.0037,0.0126,0.9837,130
196229,0.9352,0.0439,0.0209,27
196260,0.0024,0.0109,0.9867,40
196316,0.1698,0.2459,0.5844,36
196321,0.0246,0.0556,0.9198,114
196365,0.0146,0.0148,0.9707,655
196409,0.7529,0.2302,0.0169,50
196456,0.0050,0.0078,0.9871,46
196566,0.0032,0.0110,0.9857,51
197034,0.0125,0.0307,0.9569,128
197035,0.8332,0.1447,0.0221,180
197239,0.0043,0.0091,0.9866,80
197346,0.0033,0.0121,0.9845,54
197614,0.0753,0.0646,0.8601,32
197727,0.4244,0.1259,0.4497,96
197735,0.0035,0.0101,0.9864,31
197777,0.0040,0.0099,0.9862,51
198101,0.0145,0.0461,0.9395,259
198171,0.8698,0.1056,0.0246,321
198188,0.1983,0.7553,0.0463,185
198205,0.2804,0.4690,0.2506,536
198393,0.0042,0.0119,0.9839,49
198683,0.0058,0.0132,0.9810,81
198700,0.9101,0.0792,0.0107,39
199136,0.0036,0.0103,0.9861,53
199178,0.0031,0.0082,0.9887,59
199185,0.9700,0.0222,0.0078,94
199196,0.0060,0.0087,0.9853,117
199346,0.2404,0.6000,0.1597,50
199358,0.0037,0.0105,0.9857,44
199367,0.0151,0.0522,0.9327,40
199380,0.0072,0.0249,0.9679,43
199415,0.2114,0.3577,0.4308,235
199419,0.0061,0.0110,0.9829,49
199443,0.0040,0.0100,0.9860,26
199478,0.9304,0.0634,0.0062,57
199487,0.0033,0.0190,0.9777,31
199499,0.0071,0.0260,0.9669,57
199517,0.0054,0.0110,0.9836,50
199572,0.0062,0.0229,0.9709,125
199593,0.5731,0.3948,0.0322,80
199606,0.1232,0.7560,0.1208,530
199615,0.0043,0.0075,0.9882,94
199618,0.4623,0.4865,0.0512,365
199816,0.9356,0.0579,0.0065,46
199866,0.0697,0.0476,0.8827,60
199920,0.0054,0.0252,0.9694,41
199924,0.9604,0.0304,0.0092,116
200090,0.0121,0.0157,0.9722,79
200110,0.0056,0.0171,0.9774,89
200175,0.0896,0.7673,0.1431,36
200180,0.0560,0.0295,0.9145,96
200497,0.0197,0.0183,0.9621,89
200541,0.9516,0.0368,0.0116,69
200589,0.6268,0.2425,0.1308,205
200623,0.0157,0.0398,0.9445,78
200664,0.0031,0.0097,0.9871,40
200685,0.1709,0.1608,0.6684,120
200767,0.0115,0.0538,0.9347,92
200806,0.1039,0.8576,0.0385,155
200822,0.0331,0.0558,0.9111,148
200870,0.0225,0.1828,0.7947,117
200891,0.0619,0.0386,0.8995,77
200930,0.8340,0.1488,0.0173,71
201254,0.1006,0.8526,0.0468,115
201337,0.0312,0.3759,0.5929,99
201406,0.7610,0.2264,0.0127,392
201448,0.0265,0.0231,0.9503,91
201475,0.0042,0.0146,0.9812,44
201495,0.1339,0.1897,0.6764,290
201554,0.0080,0.0186,0.9734,100
201569,0.0279,0.1076,0.8645,131
201621,0.0141,0.0210,0.9649,26
201681,0.0067,0.0239,0.9693,33
201747,0.0035,0.0088,0.9877,64
201832,0.0446,0.1722,0.7832,101
201842,0.1031,0.2021,0.6948,92
201870,0.0068,0.0217,0.9715,197
201875,0.0101,0.0169,0.9730,144
201895,0.0028,0.0087,0.9884,23
201923,0.1426,0.8205,0.0370,49
201936,0.0037,0.0098,0.9865,67
202053,0.0282,0.1188,0.8530,118
202071,0.3691,0.1299,0.5009,115
202206,0.0076,0.0169,0.9754,115
202251,0.3764,0.3017,0.3220,56
202323,0.0136,0.0257,0.9607,38
202330,0.0108,0.0406,0.9486,35
202504,0.9631,0.0284,0.0085,52
202557,0.2787,0.6982,0.0231,82
202561,0.0857,0.8838,0.0305,122
202580,0.5017,0.4652,0.0330,272
202823,0.7225,0.2128,0.0647,174
202879,0.0046,0.0121,0.9833,83
202886,0.0065,0.0134,0.9802,97
202891,0.0044,0.0094,0.9862,68
203161,0.0150,0.0460,0.9390,338
203183,0.0027,0.0101,0.9872,68
203272,0.0058,0.0142,0.9800,42
203288,0.8998,0.0911,0.0091,77
203294,0.0321,0.5767,0.3912,132
203621,0.0081,0.0216,0.9702,49
203647,0.5319,0.4278,0.0403,182
203651,0.0485,0.4232,0.5283,247
203658,0.0067,0.0440,0.9493,57
203705,0.0034,0.0072,0.9894,38
203712,0.0076,0.0116,0.9809,74
203777,0.0045,0.0180,0.9775,30
203825,0.2292,0.6344,0.1364,43
203872,0.9494,0.0395,0.0111,67
204076,0.0044,0.0124,0.9832,48
204141,0.0184,0.3859,0.5957,137
204143,0.0047,0.0323,0.9630,96
204199,0.0073,0.0145,0.9782,31
204216,0.0055,0.0080,0.9865,49
204296,0.0092,0.0182,0.9726,21
204310,0.0029,0.0100,0.9871,51
204322,0.2447,0.7066,0.0487,48
204363,0.3607,0.3904,0.2489,102
204462,0.9577,0.0287,0.0136,66
204592,0.0393,0.1016,0.8591,120
204652,0.1835,0.4325,0.3840,47
204655,0.0147,0.1275,0.8578,140
204702,0.7304,0.1347,0.1349,101
204712,0.0044,0.0081,0.9875,28
204731,0.0076,0.0197,0.9727,58
204747,0.0337,0.1351,0.8312,257
205014,0.0273,0.0957,0.8770,282
205039,0.0025,0.0144,0.9831,46
205115,0.5547,0.1483,0.2970,122
205131,0.3451,0.4315,0.2233,100
205140,0.1393,0.1192,0.7415,204
205180,0.0061,0.0143,0.9797,33
205181,0.0078,0.0112,0.9810,79
205390,0.0028,0.0109,0.9863,46
205490,0.0036,0.0141,0.9823,51
205496,0.0924,0.0833,0.8243,253
205526,0.7709,0.1760,0.0531,95
205665,0.0057,0.0189,0.9754,156
205780,0.3211,0.5561,0.1228,98
205846,0.2923,0.6757,0.0320,133
205857,0.8720,0.1142,0.0137,47
205868,0.7712,0.2184,0.0104,119
205908,0.0581,0.2887,0.6532,78
205992,0.9472,0.0426,0.0102,81
206069,0.1092,0.1630,0.7278,150
206103,0.0033,0.0095,0.9873,38
206127,0.0642,0.1213,0.8145,130
206206,0.0037,0.0094,0.9869,53
206216,0.0076,0.0272,0.9652,199
206240,0.0123,0.0177,0.9700,28
206253,0.0042,0.0100,0.9858,67
206255,0.4141,0.5041,0.0817,27
206287,0.2546,0.6297,0.1156,113
206393,0.0033,0.0088,0.9879,102
206403,0.0449,0.1457,0.8094,55
206459,0.0358,0.2737,0.6904,83
206501,0.1393,0.6955,0.1651,89
206569,0.0027,0.0129,0.9844,60
206740,0.0123,0.0322,0.9555,32
206744,0.0093,0.0153,0.9754,30
206804,0.0033,0.0143,0.9824,42
206844,0.0223,0.0486,0.9290,89
206923,0.0028,0.0104,0.9868,65
206931,0.0056,0.0122,0.9823,30
207595,0.8743,0.1049,0.0207,79
207662,0.0040,0.0123,0.9837,46
207752,0.0744,0.0433,0.8823,93
207980,0.0028,0.0104,0.9868,50
208043,0.0043,0.0069,0.9889,38
208045,0.0036,0.0095,0.9869,64
208060,0.1909,0.7515,0.0576,42
208142,0.0667,0.0913,0.8420,35
208147,0.0037,0.0105,0.9859,28
208176,0.0076,0.0396,0.9528,412
208195,0.0142,0.0180,0.9678,173
208202,0.0164,0.0691,0.9145,71
208220,0.0034,0.0225,0.9741,51
208231,0.0099,0.0768,0.9133,110
208287,0.0060,0.0194,0.9746,110
208545,0.0041,0.0167,0.9792,46
208560,0.1102,0.1064,0.7834,95
208642,0.4251,0.3106,0.2643,100
208654,0.0033,0.0122,0.9845,41
208762,0.0210,0.3136,0.6654,26
208772,0.0038,0.0205,0.9757,27
208791,0.5250,0.4442,0.0308,67
208831,0.0054,0.0093,0.9853,69
208834,0.8753,0.1057,0.0190,114
208945,0.0035,0.0115,0.9850,58
208959,0.2351,0.6149,0.1500,34
208966,0.0085,0.1898,0.8017,59
208977,0.9756,0.0170,0.0074,48
208997,0.9482,0.0424,0.0094,47
209072,0.2154,0.2805,0.5041,101
209073,0.3768,0.5173,0.1060,182
209102,0.5225,0.1838,0.2937,191
209117,0.0278,0.0272,0.9450,124
209132,0.3879,0.4410,0.1712,637
209135,0.0468,0.3285,0.6246,200
209176,0.8228,0.1467,0.0305,468
209221,0.0616,0.0968,0.8416,92
209295,0.0050,0.0211,0.9739,44
209360,0.0029,0.0251,0.9721,53
209398,0.0091,0.0201,0.9708,27
209414,0.0031,0.0073,0.9896,43
209458,0.0064,0.0099,0.9837,83
209583,0.0046,0.0115,0.9839,90
209643,0.0241,0.0325,0.9434,32
209784,0.0025,0.0102,0.9873,35
209819,0.0822,0.0735,0.8442,135
209858,0.1593,0.7621,0.0786,28
209873,0.0069,0.0455,0.9477,112
209920,0.0989,0.8554,0.0456,135
209963,0.0043,0.0208,0.9750,170
209968,0.0042,0.0124,0.9834,42
210006,0.0070,0.0107,0.9823,28
210112,0.5157,0.2435,0.2408,237
210138,0.0035,0.0078,0.9886,50
210147,0.9460,0.0455,0.0085,43
210210,0.0325,0.0964,0.8711,202
210489,0.1446,0.7728,0.0827,63
210500,0.0033,0.0103,0.9864,30
210647,0.0036,0.0095,0.9869,38
210688,0.0405,0.4973,0.4622,189
210720,0.0253,0.0675,0.9073,223
210757,0.0047,0.0229,0.9724,50
210778,0.0032,0.0088,0.9879,26
210792,0.2025,0.3448,0.4526,107
210851,0.0041,0.0094,0.9865,81
210997,0.0030,0.0084,0.9886,70
211092,0.4682,0.4999,0.0318,60
211349,0.6606,0.3181,0.0213,125
211423,0.6996,0.1474,0.1530,90
211462,0.3029,0.6442,0.0529,113
211468,0.3569,0.1737,0.4693,32
211521,0.0525,0.3061,0.6414,76
211612,0.5536,0.4277,0.0187,176
211627,0.0077,0.0114,0.9810,66
211631,0.9079,0.0548,0.0372,42
211663,0.0040,0.0093,0.9867,45
211685,0.0035,0.0089,0.9876,29
211715,0.2606,0.6285,0.1108,31
212220,0.0029,0.0116,0.9855,59
212311,0.9424,0.0475,0.0101,91
212321,0.0127,0.0255,0.9618,244
212327,0.0100,0.0249,0.9651,30
212331,0.0046,0.0118,0.9836,30
212354,0.0354,0.1974,0.7672,427
212380,0.0032,0.0150,0.9818,40
212426,0.0095,0.0116,0.9790,37
212429,0.2169,0.7314,0.0517,68
212435,0.0669,0.1021,0.8309,108
212446,0.0042,0.0074,0.9884,68
212457,0.9687,0.0215,0.0098,98
212472,0.0025,0.0082,0.9892,81
212486,0.0028,0.0100,0.9873,125
212491,0.0047,0.0103,0.9850,70
212519,0.0070,0.0487,0.9442,39
212598,0.0045,0.0111,0.9843,28
212784,0.0040,0.0085,0.9875,92
213051,0.0065,0.0089,0.9846,28
213052,0.9205,0.0721,0.0075,92
213069,0.0031,0.0100,0.9870,24
213163,0.0032,0.0116,0.9852,292
213305,0.0222,0.4855,0.4924,69
213401,0.0057,0.0113,0.9830,127
213537,0.0038,0.0175,0.9787,119
213868,0.0148,0.0664,0.9188,148
214002,0.0818,0.0606,0.8576,156
214013,0.0085,0.0674,0.9240,90
214092,0.7979,0.1879,0.0143,32
214120,0.0091,0.0283,0.9626,24
214160,0.0049,0.0103,0.9847,26
214175,0.0108,0.0180,0.9712,99
214177,0.0028,0.0095,0.9877,98
214214,0.0069,0.0890,0.9041,40
214225,0.0031,0.0118,0.9851,71
214346,0.0041,0.0095,0.9865,95
214532,0.6859,0.3000,0.0140,31
214581,0.3692,0.2432,0.3876,69
214589,0.0029,0.0095,0.9875,45
214628,0.9699,0.0238,0.0063,85
214634,0.2727,0.5328,0.1945,26
214635,0.0034,0.0107,0.9859,27
214657,0.0113,0.0357,0.9530,71
214809,0.0035,0.0116,0.9849,28
214865,0.0036,0.0102,0.9862,35
214957,0.0040,0.0237,0.9723,62
215027,0.0052,0.0176,0.9772,153
215222,0.0081,0.0504,0.9415,73
215238,0.0044,0.0099,0.9857,38
215243,0.0047,0.0178,0.9776,29
215284,0.0026,0.0141,0.9833,138
215422,0.0031,0.0113,0.9857,26
215438,0.8928,0.0444,0.0628,38
215475,0.3200,0.6457,0.0343,75
215498,0.0069,0.0104,0.9827,151
215511,0.0094,0.0855,0.9052,188
215560,0.7006,0.2690,0.0305,26
215707,0.0209,0.1486,0.8305,66
215763,0.1007,0.8332,0.0661,124
215777,0.9680,0.0235,0.0086,54
215778,0.0040,0.0088,0.9872,87
215798,0.0615,0.1371,0.8013,57
215828,0.0114,0.0613,0.9273,172
215921,0.0040,0.0136,0.9824,155
216108,0.0033,0.0122,0.9845,33
216132,0.0035,0.0236,0.9729,213
216265,0.0036,0.0096,0.9868,49
216274,0.0053,0.0331,0.9616,51
216314,0.0638,0.1280,0.8082,256
216345,0.0030,0.0100,0.9871,88
216353,0.0054,0.0377,0.9569,76
216538,0.0067,0.0409,0.9524,47
216576,0.0033,0.0102,0.9866,37
216594,0.9532,0.0316,0.0151,38
216666,0.0029,0.0211,0.9760,315
216675,0.0031,0.0105,0.9865,32
216703,0.0030,0.0121,0.9849,57
216708,0.0092,0.0144,0.9764,187
216788,0.0026,0.0119,0.9856,54
216811,0.0034,0.0135,0.9831,26
216888,0.0158,0.0696,0.9146,61
216900,0.0026,0.0114,0.9860,66
217008,0.0098,0.0131,0.9770,32
217116,0.0034,0.0102,0.9864,50
217118,0.0057,0.0386,0.9557,31
217132,0.6848,0.1555,0.1597,53
217136,0.0045,0.0189,0.9766,130
217167,0.0038,0.0119,0.9843,97
217280,0.0043,0.0127,0.9830,82
217285,0.0029,0.0125,0.9846,35
217566,0.0059,0.0113,0.9827,86
217596,0.0035,0.0089,0.9876,77
217643,0.9314,0.0537,0.0149,295
217675,0.0040,0.0156,0.9804,137
217691,0.8412,0.1505,0.0083,79
217707,0.3395,0.6165,0.0440,136
217905,0.0071,0.0701,0.9228,110
217936,0.6543,0.3241,0.0216,125
218009,0.0049,0.0106,0.9845,46
218012,0.0034,0.0093,0.9873,58
218064,0.6072,0.2099,0.1829,83
218207,0.0610,0.6077,0.3313,356
218295,0.0038,0.0336,0.9625,64
218385,0.7841,0.1736,0.0423,33
218560,0.0058,0.0117,0.9825,47
218567,0.1341,0.4478,0.4181,33
218606,0.0101,0.1968,0.7932,67
218607,0.0060,0.0116,0.9824,32
218669,0.0055,0.0096,0.9849,54
218906,0.0037,0.0101,0.9862,92
218940,0.0034,0.0091,0.9875,35
218948,0.0031,0.0084,0.9885,75
219089,0.0035,0.0124,0.9842,45
219176,0.0066,0.0501,0.9433,31
219204,0.0029,0.0110,0.9861,70
219208,0.1905,0.7877,0.0218,73
219247,0.0044,0.0199,0.9757,120
219297,0.0042,0.0106,0.9852,47
219303,0.0033,0.0074,0.9894,45
219404,0.0039,0.0136,0.9825,222
219421,0.5808,0.3919,0.0274,97
219422,0.4999,0.3776,0.1225,131
219482,0.0033,0.0115,0.9853,42
219487,0.0034,0.0105,0.9860,39
219688,0.0029,0.0117,0.9854,72
219767,0.9688,0.0236,0.0076,119
219829,0.0384,0.0941,0.8675,172
220072,0.0076,0.0111,0.9813,112
220092,0.0148,0.0203,0.9648,25
220102,0.0185,0.0284,0.9530,17
220111,0.0031,0.0128,0.9841,90
220178,0.0041,0.0168,0.9792,47
220220,0.0038,0.0105,0.9857,112
220233,0.0201,0.0292,0.9507,36
220254,0.0040,0.0085,0.9875,48
220280,0.0032,0.0088,0.9880,53
220298,0.0037,0.0101,0.9862,61
220315,0.0028,0.0096,0.9876,51
220374,0.0027,0.0214,0.9759,36
220386,0.0035,0.0107,0.9857,35
220411,0.0030,0.0128,0.9842,102
220455,0.0033,0.0087,0.9881,31
220472,0.0031,0.0100,0.9869,134
220490,0.0043,0.0081,0.9876,87
220546,0.0030,0.0147,0.9823,31
220580,0.0030,0.0138,0.9832,43
220628,0.0605,0.0396,0.8999,66
220707,0.0085,0.0412,0.9503,145
220711,0.0039,0.0124,0.9837,129
220724,0.8881,0.0981,0.0137,35
220823,0.0035,0.0090,0.9876,40
220827,0.0037,0.0160,0.9803,36
220896,0.0172,0.0556,0.9271,127
220908,0.0046,0.0114,0.9840,20
220924,0.4144,0.5710,0.0146,38
220987,0.0038,0.0210,0.9752,93
221015,0.8277,0.1524,0.0199,130
221140,0.1707,0.3073,0.5220,121
221175,0.0039,0.0371,0.9589,31
221208,0.0037,0.0131,0.9833,47
221235,0.0704,0.6038,0.3258,158
221247,0.0048,0.0336,0.9616,121
221280,0.2902,0.4946,0.2152,659
221481,0.0055,0.0128,0.9817,73
221563,0.0030,0.0106,0.9864,67
221592,0.0032,0.0261,0.9707,35
221606,0.0398,0.8555,0.1047,96
221653,0.0029,0.0137,0.9834,91
221677,0.0046,0.0147,0.9807,96
221715,0.1983,0.1773,0.6243,74
221738,0.1060,0.2390,0.6550,43
221775,0.0110,0.2450,0.7440,89
221862,0.6651,0.3152,0.0197,85
221910,0.0034,0.0114,0.9852,239
222013,0.0033,0.0129,0.9839,57
222017,0.0046,0.0095,0.9859,94
222231,0.0162,0.1044,0.8794,52
222250,0.0050,0.0805,0.9145,84
222322,0.0659,0.7640,0.1701,65
222351,0.0562,0.0508,0.8929,207
222371,0.0034,0.0100,0.9866,93
222408,0.1831,0.7924,0.0245,36
222422,0.0470,0.2911,0.6619,553
222577,0.0027,0.0258,0.9715,62
222582,0.0030,0.0206,0.9763,38
222620,0.0051,0.0101,0.9848,75
222685,0.0059,0.0114,0.9827,69
222722,0.0134,0.0459,0.9407,41
222776,0.0112,0.0759,0.9129,159
222810,0.9665,0.0251,0.0084,86
222853,0.1986,0.1351,0.6663,26
222862,0.0627,0.2299,0.7074,127
222891,0.0048,0.0147,0.9805,176
222947,0.0045,0.0108,0.9847,67
222986,0.0034,0.0088,0.9878,21
222990,0.0064,0.0311,0.9624,111
222996,0.0255,0.3428,0.6317,35
223036,0.9720,0.0207,0.0074,37
223066,0.0955,0.8532,0.0513,72
223085,0.0056,0.0112,0.9832,76
223094,0.0040,0.0085,0.9875,99
223182,0.0269,0.0159,0.9572,65
223187,0.0047,0.0162,0.9791,118
223417,0.9010,0.0887,0.0103,96
223419,0.1191,0.7718,0.1091,49
223436,0.7188,0.2695,0.0117,49
223445,0.9339,0.0592,0.0069,73
223448,0.0046,0.0417,0.9537,29
223450,0.8930,0.0669,0.0401,100
223518,0.0213,0.0386,0.9401,103
223543,0.8164,0.1339,0.0497,243
223614,0.0141,0.0217,0.9642,392
223681,0.0545,0.8511,0.0944,132
223797,0.0071,0.0111,0.9819,45
223952,0.0048,0.0086,0.9866,35
224092,0.0508,0.0806,0.8686,319
224094,0.0037,0.0147,0.9816,101
224182,0.1248,0.8193,0.0560,107
224559,0.1162,0.7324,0.1514,35
224699,0.1152,0.0584,0.8264,86
224745,0.0703,0.4023,0.5274,149
224788,0.8533,0.1316,0.0150,64
224884,0.0260,0.2058,0.7682,37
225243,0.0335,0.7471,0.2194,72
225250,0.0035,0.0092,0.9873,114
225310,0.0102,0.0175,0.9722,30
225332,0.9226,0.0627,0.0146,62
225406,0.0532,0.1235,0.8233,168
225446,0.0041,0.0094,0.9866,40
225503,0.0031,0.0205,0.9764,36
225589,0.1270,0.8220,0.0510,77
225666,0.0026,0.0161,0.9813,55
225670,0.1193,0.7281,0.1527,46
225677,0.0051,0.0549,0.9400,157
225710,0.0032,0.0102,0.9867,65
225739,0.0281,0.4823,0.4897,127
225762,0.0061,0.0261,0.9678,28
225859,0.0101,0.0533,0.9366,40
225977,0.0032,0.0096,0.9872,32
225996,0.1277,0.6544,0.2180,416
226011,0.0363,0.1566,0.8071,130
226078,0.0217,0.0204,0.9579,57
226435,0.0035,0.0349,0.9616,41
226488,0.9594,0.0319,0.0086,28
226526,0.0064,0.0105,0.9831,137
226527,0.0050,0.0159,0.9791,22
226563,0.0054,0.0135,0.9812,58
226603,0.1441,0.7883,0.0676,144
226659,0.1657,0.0809,0.7534,120
226706,0.9547,0.0386,0.0067,141
226729,0.5209,0.3952,0.0839,158
226751,0.1807,0.7937,0.0255,154
226950,0.0049,0.0138,0.9812,72
226988,0.0031,0.0140,0.9829,77
226999,0.9368,0.0525,0.0107,161
227070,0.0039,0.0099,0.9862,26
227083,0.0033,0.0098,0.9868,180
227100,0.0060,0.0100,0.9840,36
227168,0.8302,0.1558,0.0140,296
227187,0.0036,0.0092,0.9873,64
227251,0.2262,0.2890,0.4848,204
227339,0.0245,0.1246,0.8508,63
227342,0.0802,0.8235,0.0963,133
227371,0.0180,0.3384,0.6436,35
227384,0.0057,0.0277,0.9665,27
227461,0.0029,0.0149,0.9822,84
227474,0.5330,0.3750,0.0920,107
227535,0.0059,0.0130,0.9811,53
227558,0.0161,0.0472,0.9368,27
227588,0.0048,0.0082,0.9870,26
227607,0.0035,0.0119,0.9846,24
227697,0.1150,0.4011,0.4839,46
227922,0.0079,0.0123,0.9799,116
228428,0.0031,0.0119,0.9850,78
228451,0.0046,0.0097,0.9857,53
228474,0.8491,0.1350,0.0159,168
228561,0.0032,0.0088,0.9880,47
228586,0.2124,0.7621,0.0255,87
228619,0.1550,0.7921,0.0530,63
228852,0.7637,0.0947,0.1415,118
228899,0.9172,0.0697,0.0132,130
228929,0.0068,0.0084,0.9849,55
228937,0.0040,0.0108,0.9852,28
228987,0.0204,0.1307,0.8489,64
229036,0.0067,0.0295,0.9638,50
229053,0.0043,0.0078,0.9879,26
229120,0.9450,0.0459,0.0091,110
229123,0.7374,0.2292,0.0334,77
229278,0.0027,0.0111,0.9862,69
229300,0.4354,0.4916,0.0730,115
229310,0.0038,0.0131,0.9831,28
229406,0.0063,0.0261,0.9676,59
229622,0.6486,0.3343,0.0171,33
229653,0.2227,0.2706,0.5068,27
229723,0.0042,0.0080,0.9879,47
229733,0.0041,0.0106,0.9853,47
229757,0.0033,0.0079,0.9887,76
229773,0.0046,0.0142,0.9812,153
229792,0.2083,0.7715,0.0202,46
229819,0.0033,0.0159,0.9808,98
229828,0.0757,0.0910,0.8333,220
229832,0.0030,0.0146,0.9824,39
229979,0.9345,0.0556,0.0099,45
229984,0.0807,0.7151,0.2042,103
230039,0.9357,0.0523,0.0119,310
230078,0.0065,0.0107,0.9828,67
230083,0.0072,0.0378,0.9550,123
230130,0.0030,0.0148,0.9822,65
230205,0.4554,0.3500,0.1946,544
230224,0.4234,0.1077,0.4689,38
230266,0.0254,0.0608,0.9138,146
230310,0.0274,0.4058,0.5668,59
230421,0.3510,0.6328,0.0161,63
230431,0.0029,0.0162,0.9809,58
230435,0.2129,0.6607,0.1264,44
230448,0.0049,0.0143,0.9808,123
230813,0.8467,0.1047,0.0485,89
230932,0.0265,0.3325,0.6410,113
230943,0.1926,0.6454,0.1620,49
231029,0.0190,0.0881,0.8929,64
231036,0.1849,0.1034,0.7117,91
231038,0.0307,0.0215,0.9477,40
231056,0.0094,0.0370,0.9536,107
231062,0.1292,0.7473,0.1236,135
231068,0.0066,0.0440,0.9494,46
231075,0.0068,0.0307,0.9625,35
231266,0.0307,0.0495,0.9198,76
231269,0.0033,0.0334,0.9634,115
231271,0.0347,0.3388,0.6265,30
231291,0.9490,0.0410,0.0100,116
231303,0.0040,0.0193,0.9767,155
231359,0.7671,0.1478,0.0851,57
231366,0.1025,0.7002,0.1973,145
231413,0.0089,0.0170,0.9741,74
231425,0.0443,0.1997,0.7559,122
231429,0.0035,0.0086,0.9879,135
231430,0.0046,0.0184,0.9770,343
231432,0.0051,0.0157,0.9792,44
231576,0.0607,0.1567,0.7826,279
231612,0.9688,0.0240,0.0072,86
231631,0.0040,0.0084,0.9876,69
231728,0.6583,0.2453,0.0964,82
231747,0.0040,0.0109,0.9851,67
231784,0.1028,0.7987,0.0985,67
231831,0.0048,0.0080,0.9872,52
231856,0.0039,0.0097,0.9864,29
231904,0.0041,0.0136,0.9823,20
231952,0.0211,0.0454,0.9335,254
231960,0.0033,0.0093,0.9874,37
232004,0.9627,0.0292,0.0080,309
232041,0.0032,0.0133,0.9835,52
232134,0.0041,0.0100,0.9860,20
232141,0.0041,0.0147,0.9811,136
232155,0.9341,0.0584,0.0074,71
232158,0.8520,0.1165,0.0315,82
232175,0.0662,0.1091,0.8247,193
232215,0.4258,0.2984,0.2758,68
232321,0.0272,0.0948,0.8780,53
232329,0.0222,0.0296,0.9481,86
232341,0.0040,0.0097,0.9863,31
232349,0.6459,0.3009,0.0532,34
232364,0.0172,0.2761,0.7067,31
232427,0.0040,0.0080,0.9880,62
232434,0.4381,0.1235,0.4383,56
232572,0.9349,0.0559,0.0091,71
232599,0.9180,0.0730,0.0090,45
232610,0.9713,0.0205,0.0082,71
232623,0.0034,0.0087,0.9878,32
232880,0.0035,0.0240,0.9725,71
232929,0.9122,0.0718,0.0160,176
232981,0.8681,0.1210,0.0109,47
233030,0.0030,0.0087,0.9883,58
233059,0.0071,0.0151,0.9778,53
233107,0.0560,0.7246,0.2194,32
233110,0.1108,0.7952,0.0940,34
233533,0.1752,0.4766,0.3482,185
233588,0.2572,0.1040,0.6388,54
233621,0.3386,0.1157,0.5457,48
233674,0.0052,0.0298,0.9649,59
233677,0.8443,0.1388,0.0170,258
233687,0.0058,0.0108,0.9835,92
233788,0.8847,0.0735,0.0418,406
233791,0.9475,0.0431,0.0094,84
233794,0.0265,0.0663,0.9072,82
234074,0.0140,0.0366,0.9495,86
234093,0.0037,0.0176,0.9787,94
234136,0.0030,0.0174,0.9796,136
234182,0.0043,0.0234,0.9723,214
234198,0.2373,0.3315,0.4313,300
234204,0.0054,0.0087,0.9859,54
234258,0.2810,0.2172,0.5018,212
234331,0.1091,0.4901,0.4007,96
234382,0.0026,0.0099,0.9875,22
234419,0.2303,0.2655,0.5041,216
235411,0.9326,0.0407,0.0267,56
235460,0.9382,0.0397,0.0221,52
235677,0.0044,0.0121,0.9835,195
235790,0.0035,0.0122,0.9843,45
236059,0.0043,0.0101,0.9856,83
236102,0.0247,0.0540,0.9213,41
236143,0.0283,0.0544,0.9173,50
236172,0.0039,0.0135,0.9826,60
236282,0.0124,0.0478,0.9398,425
236303,0.0471,0.2984,0.6545,90
236389,0.0067,0.0151,0.9783,48
236413,0.0370,0.0551,0.9079,125
236519,0.0034,0.0221,0.9746,96
236522,0.0844,0.5846,0.3310,118
236536,0.0037,0.0181,0.9781,50
236541,0.0035,0.0119,0.9846,26
236542,0.0041,0.0282,0.9677,26
236579,0.0050,0.0135,0.9815,26
236596,0.0031,0.0235,0.9734,33
236621,0.0186,0.0193,0.9621,65
236627,0.2304,0.7282,0.0414,33
236676,0.0048,0.0707,0.9245,49
236680,0.2637,0.4905,0.2458,46
236752,0.0091,0.1524,0.8385,76
236786,0.0039,0.0097,0.9864,29
236788,0.0031,0.0146,0.9823,86
236813,0.8765,0.0526,0.0708,71
236964,0.0043,0.0166,0.9791,71
236999,0.0028,0.0090,0.9882,56
237084,0.1834,0.3208,0.4957,468
237110,0.0562,0.8769,0.0669,86
237123,0.9100,0.0762,0.0138,162
237159,0.0038,0.0271,0.9691,32
237194,0.0041,0.0118,0.9841,34
237198,0.0616,0.5788,0.3596,82
237211,0.0114,0.0106,0.9780,43
237354,0.0430,0.0298,0.9272,198
237368,0.0036,0.0100,0.9864,63
237419,0.0617,0.4191,0.5192,49
237450,0.0035,0.0088,0.9877,46
237493,0.0065,0.0830,0.9105,91
237512,0.0073,0.0185,0.9742,28
237590,0.0199,0.0339,0.9462,106
237719,0.0054,0.0177,0.9770,101
237773,0.4231,0.1485,0.4284,189
237820,0.8033,0.1775,0.0193,133
237833,0.9230,0.0656,0.0114,198
237941,0.0119,0.0123,0.9758,28
237985,0.0045,0.0137,0.9817,142
237990,0.0033,0.0095,0.9872,41
238095,0.8752,0.1080,0.0168,63
238129,0.0818,0.3471,0.5711,151
238176,0.2425,0.7292,0.0283,136
238213,0.5752,0.3040,0.1209,437
238219,0.0190,0.1504,0.8306,203
238233,0.0107,0.0565,0.9328,59
238280,0.0653,0.3331,0.6017,166
238340,0.0060,0.0093,0.9846,92
238401,0.0703,0.2518,0.6780,151
238452,0.0039,0.0226,0.9735,79
238567,0.0039,0.0228,0.9733,53
238634,0.0404,0.2366,0.7231,82
238638,0.0032,0.0092,0.9876,45
238650,0.0054,0.0171,0.9774,27
238843,0.0090,0.0121,0.9789,105
238852,0.0131,0.0148,0.9721,33
238869,0.8878,0.0893,0.0229,44
239004,0.2245,0.5391,0.2364,94
239023,0.7733,0.1860,0.0407,90
239069,0.0040,0.0082,0.9878,70
239087,0.0053,0.0106,0.9841,32
239165,0.0999,0.8448,0.0553,187
239175,0.8917,0.0962,0.0120,123
239237,0.8271,0.0733,0.0996,278
239247,0.0750,0.3051,0.6200,57
239306,0.8337,0.1542,0.0121,53
239352,0.0047,0.0136,0.9817,91
239379,0.1000,0.1475,0.7526,82
239455,0.0036,0.0114,0.9849,32
239646,0.9354,0.0315,0.0331,42
239679,0.0074,0.0227,0.9699,71
239703,0.1823,0.2054,0.6123,267
239793,0.0035,0.0092,0.9873,77
239801,0.9726,0.0203,0.0071,52
239837,0.1456,0.6394,0.2150,198
239909,0.0027,0.0118,0.9855,31
239928,0.0039,0.0109,0.9852,81
239959,0.0075,0.0079,0.9846,39
239960,0.0175,0.0774,0.9051,125
240104,0.0205,0.0692,0.9103,102
240113,0.0954,0.7454,0.1591,198
240142,0.0079,0.0318,0.9602,72
240172,0.5171,0.4503,0.0326,222
240290,0.0057,0.0358,0.9586,86
240312,0.0837,0.7132,0.2032,183
240384,0.1071,0.4813,0.4115,180
240446,0.0059,0.0131,0.9811,39
240626,0.0070,0.0104,0.9827,28
240651,0.0050,0.0149,0.9801,69
240661,0.0059,0.0080,0.9861,74
240686,0.0055,0.0243,0.9702,165
240696,0.0057,0.0153,0.9790,51
240763,0.1976,0.3151,0.4873,165
240790,0.2671,0.2084,0.5245,121
240791,0.0048,0.0139,0.9813,48
240840,0.0032,0.0093,0.9874,43
240947,0.7826,0.1905,0.0270,291
241027,0.0054,0.0574,0.9372,152
241097,0.0560,0.1483,0.7957,286
241180,0.0540,0.1318,0.8142,441
241260,0.0589,0.0928,0.8483,107
241287,0.0235,0.0602,0.9163,447
241326,0.0039,0.0100,0.9861,55
241344,0.8961,0.0908,0.0131,98
241460,0.1759,0.0492,0.7749,57
241491,0.4253,0.5119,0.0628,26
241701,0.0064,0.0186,0.9750,84
241704,0.0051,0.0160,0.9788,99
241721,0.1692,0.0559,0.7749,24
241738,0.1521,0.3324,0.5155,49
241762,0.0044,0.0092,0.9865,36
241765,0.0507,0.0440,0.9052,49
241816,0.9103,0.0639,0.0258,80
241827,0.8388,0.0959,0.0653,45
241856,0.0136,0.0223,0.9641,396
242076,0.3494,0.6087,0.0419,32
242172,0.0036,0.0230,0.9734,98
242193,0.0040,0.0364,0.9595,22
242207,0.0038,0.0207,0.9755,166
242288,0.0039,0.0092,0.9869,35
242291,0.0057,0.0175,0.9768,55
242299,0.0039,0.0211,0.9751,150
242304,0.0031,0.0186,0.9784,18
242362,0.0040,0.0105,0.9854,36
242419,0.2932,0.6405,0.0664,127
242465,0.0055,0.0365,0.9580,308
242512,0.2361,0.4207,0.3431,303
242544,0.0040,0.0093,0.9867,86
242564,0.0049,0.0197,0.9753,35
242601,0.7052,0.2811,0.0136,134
242686,0.0029,0.0213,0.9758,86
242696,0.2924,0.6677,0.0399,78
242705,0.0036,0.0112,0.9852,67
242715,0.7591,0.1888,0.0521,668
242792,0.0076,0.0143,0.9781,29
242815,0.0758,0.2929,0.6313,112
242817,0.0043,0.0118,0.9839,25
243209,0.0062,0.0099,0.9839,18
243276,0.1473,0.7295,0.1233,28
243404,0.0050,0.0079,0.9872,82
243440,0.0042,0.0109,0.9849,26
243482,0.0037,0.0093,0.9870,36
243548,0.5203,0.1893,0.2904,44
243722,0.0037,0.0092,0.9872,403
243732,0.0029,0.0203,0.9767,39
243748,0.7593,0.2153,0.0254,80
243751,0.0303,0.1163,0.8533,111
243823,0.0056,0.0147,0.9796,19
244020,0.0228,0.0369,0.9404,251
244114,0.0042,0.0103,0.9856,32
244196,0.0049,0.0133,0.9818,79
244223,0.0343,0.1661,0.7997,254
244523,0.0075,0.0206,0.9719,54
244532,0.9708,0.0200,0.0092,32
244571,0.5865,0.3704,0.0432,150
244657,0.3679,0.3408,0.2914,277
244665,0.0067,0.0990,0.8943,141
244692,0.0036,0.0193,0.9771,122
244782,0.0063,0.0136,0.9801,131
244786,0.2892,0.6763,0.0345,36
244915,0.0062,0.0526,0.9412,42
244951,0.0063,0.0259,0.9678,26
245376,0.0086,0.0285,0.9630,45
245380,0.4583,0.5058,0.0359,171
245431,0.8644,0.1129,0.0227,53
245457,0.0088,0.0108,0.9804,29
245476,0.0029,0.0097,0.9874,41
245491,0.0216,0.3822,0.5963,131
245552,0.0425,0.0856,0.8718,35
245638,0.2328,0.7353,0.0319,180
245661,0.4148,0.5406,0.0446,42
245705,0.0129,0.0279,0.9592,28
245718,0.9213,0.0643,0.0144,149
245770,0.9571,0.0343,0.0085,94
245800,0.7806,0.1854,0.0340,218
245823,0.5321,0.2892,0.1787,219
245850,0.1459,0.3785,0.4757,297
246025,0.0068,0.0289,0.9643,137
246091,0.0037,0.0132,0.9831,31
246111,0.0048,0.0108,0.9844,35
246119,0.9222,0.0709,0.0069,32
246145,0.0124,0.0668,0.9208,102
246167,0.0335,0.0184,0.9481,99
246207,0.0126,0.0922,0.8951,43
246229,0.8541,0.1256,0.0203,71
246283,0.0122,0.0696,0.9182,58
246363,0.0053,0.0076,0.9871,50
246412,0.0626,0.0834,0.8541,91
246422,0.0070,0.0674,0.9256,29
246434,0.2797,0.6892,0.0311,174
246501,0.0038,0.0130,0.9832,104
246508,0.0027,0.0125,0.9848,57
246564,0.2637,0.6364,0.1000,104
246584,0.0519,0.7423,0.2057,45
246701,0.4295,0.4924,0.0781,196
246723,0.8832,0.1031,0.0137,170
246752,0.0046,0.0097,0.9856,27
247152,0.0057,0.0104,0.9840,70
247155,0.0052,0.0186,0.9762,159
247171,0.0048,0.0090,0.9862,44
247197,0.0087,0.0224,0.9689,42
247203,0.0042,0.0221,0.9737,103
247237,0.0767,0.6252,0.2981,127
247248,0.0028,0.0111,0.9861,63
247261,0.0046,0.0198,0.9756,81
247299,0.0179,0.1759,0.8062,73
247341,0.0030,0.0102,0.9868,27
247407,0.5427,0.4209,0.0364,163
247412,0.0038,0.0392,0.9570,89
247443,0.0135,0.0156,0.9709,36
247487,0.0048,0.0107,0.9844,36
247501,0.0037,0.0082,0.9881,36
247534,0.0051,0.0088,0.9861,71
247539,0.8935,0.0564,0.0501,46
247541,0.0133,0.0371,0.9496,163
247542,0.0049,0.0189,0.9762,63
247545,0.0058,0.0346,0.9597,173
247604,0.0045,0.0084,0.9870,97
247630,0.0102,0.0247,0.9651,84
247669,0.0358,0.8693,0.0949,142
247675,0.0028,0.0087,0.9885,34
247680,0.0028,0.0104,0.9868,51
247718,0.2503,0.1959,0.5538,52
247732,0.2165,0.1115,0.6719,80
247749,0.8508,0.1098,0.0394,26
247753,0.0263,0.7566,0.2171,122
247767,0.0057,0.0344,0.9599,48
247819,0.8504,0.1401,0.0095,193
247846,0.0029,0.0124,0.9846,47
247849,0.0054,0.0276,0.9670,212
247873,0.0083,0.0758,0.9159,132
248104,0.0381,0.0808,0.8811,73
248118,0.0520,0.0672,0.8808,163
248206,0.2722,0.6822,0.0456,156
248235,0.9134,0.0682,0.0183,249
248275,0.2246,0.7540,0.0215,54
248278,0.1988,0.7630,0.0381,73
248315,0.1164,0.3592,0.5244,188
248398,0.8076,0.1705,0.0219,27
248413,0.5308,0.3121,0.1571,125
248419,0.0176,0.0415,0.9409,89
248439,0.0051,0.0356,0.9594,97
248471,0.1756,0.7880,0.0364,119
248488,0.0043,0.0126,0.9831,35
248567,0.0991,0.8081,0.0928,44
248611,0.0102,0.0304,0.9595,95
248612,0.0927,0.0828,0.8245,79
248659,0.2125,0.1101,0.6774,113
248746,0.5232,0.4269,0.0499,145
248771,0.3834,0.5412,0.0754,83
248783,0.8634,0.1155,0.0211,37
248876,0.0040,0.0111,0.9849,68
248894,0.6471,0.1868,0.1661,116
248916,0.0038,0.0117,0.9845,138
248937,0.0530,0.3523,0.5946,158
249011,0.0512,0.5348,0.4140,88
249020,0.0032,0.0115,0.9854,29
249042,0.0041,0.0162,0.9797,72
249122,0.0024,0.0133,0.9844,101
249144,0.0051,0.0417,0.9531,64
249183,0.0040,0.0421,0.9539,105
249249,0.0035,0.0261,0.9703,128
249284,0.0184,0.0538,0.9278,94
249324,0.0098,0.0448,0.9454,97
249379,0.0035,0.0350,0.9614,133
249421,0.1147,0.8539,0.0314,63
249447,0.0067,0.0186,0.9747,66
249489,0.0070,0.0773,0.9157,73
249527,0.0029,0.0248,0.9724,51
249583,0.0122,0.0195,0.9683,211
249602,0.0294,0.2668,0.7039,164
249619,0.6892,0.2641,0.0468,81
249634,0.7415,0.2471,0.0115,92
249647,0.0233,0.3373,0.6394,140
249650,0.0560,0.8756,0.0684,189
249651,0.0810,0.8051,0.1139,140
249691,0.0385,0.3225,0.6391,87
249730,0.0682,0.8851,0.0468,72
249734,0.2029,0.1379,0.6593,63
249740,0.0036,0.0262,0.9702,60
249799,0.0051,0.0482,0.9467,158
249808,0.0045,0.0095,0.9861,145
249819,0.7501,0.2276,0.0222,83
249841,0.0030,0.0099,0.9871,39
250460,0.0039,0.0111,0.9850,38
250571,0.0964,0.6391,0.2645,34
250582,0.1024,0.7451,0.1525,53
250592,0.0488,0.1476,0.8036,185
250638,0.0037,0.0124,0.9839,239
250647,0.0063,0.0515,0.9422,80
250833,0.0031,0.0096,0.9873,53
250909,0.0042,0.0120,0.9838,28
250914,0.0070,0.0202,0.9727,121
250934,0.0028,0.0128,0.9844,85
250971,0.0034,0.0101,0.9865,34
250988,0.8416,0.1342,0.0241,47
251008,0.5303,0.3128,0.1568,174
251058,0.5047,0.2373,0.2580,106
251458,0.0049,0.0082,0.9869,28
251470,0.0271,0.6378,0.3352,151
251495,0.0084,0.0982,0.8934,84
251512,0.0496,0.0515,0.8989,33
251783,0.0145,0.0475,0.9380,101
251784,0.0053,0.0130,0.9817,35
251876,0.0031,0.0108,0.9861,46
251878,0.0032,0.0175,0.9793,137
251899,0.0032,0.0087,0.9881,58
251957,0.0048,0.0105,0.9847,31
251965,0.0051,0.0095,0.9854,31
252000,0.0057,0.0117,0.9826,93
252092,0.0157,0.0177,0.9666,26
252253,0.2728,0.6576,0.0696,184
252293,0.0062,0.0314,0.9624,116
252299,0.0246,0.0394,0.9360,40
252336,0.0040,0.0161,0.9800,58
252405,0.6882,0.2937,0.0181,57
252466,0.0052,0.0121,0.9827,45
252468,0.2811,0.2909,0.4280,536
252471,0.0059,0.0140,0.9801,154
252476,0.0113,0.1402,0.8485,62
252545,0.0054,0.0230,0.9717,202
252622,0.0065,0.0122,0.9813,24
252637,0.0238,0.0550,0.9212,147
252638,0.0037,0.0137,0.9826,73
252682,0.0031,0.0224,0.9745,325
252683,0.5030,0.1739,0.3231,59
252712,0.0042,0.0194,0.9765,82
252760,0.0035,0.0133,0.9832,34
252832,0.0504,0.5348,0.4148,18
252853,0.0039,0.0171,0.9790,27
252866,0.0028,0.0104,0.9868,81
252878,0.9609,0.0272,0.0119,236
252911,0.0116,0.1015,0.8869,58
252960,0.0036,0.0090,0.9873,45
252982,0.0121,0.0361,0.9518,80
253010,0.0066,0.0184,0.9750,54
253023,0.6190,0.3410,0.0400,229
253026,0.0035,0.0124,0.9841,50
253081,0.0283,0.4041,0.5676,49
253089,0.0057,0.0097,0.9846,28
253101,0.0334,0.0307,0.9359,32
253118,0.0191,0.0517,0.9293,199
253178,0.0088,0.1262,0.8649,38
253196,0.1402,0.1532,0.7066,171
253241,0.0063,0.0527,0.9409,166
253256,0.0053,0.0238,0.9709,126
253425,0.4046,0.5081,0.0874,216
253450,0.0263,0.6745,0.2992,195
253504,0.0359,0.7945,0.1696,61
253623,0.8753,0.0620,0.0627,57
253710,0.0101,0.1061,0.8838,105
253746,0.9120,0.0823,0.0057,58
253751,0.0099,0.0795,0.9106,97
254062,0.0085,0.0169,0.9745,60
254069,0.0030,0.0094,0.9876,113
254075,0.0041,0.0365,0.9594,141
254167,0.0029,0.0108,0.9863,54
254187,0.0107,0.0389,0.9504,87
254192,0.0124,0.0249,0.9627,68
254215,0.0056,0.0085,0.9860,29
254224,0.0041,0.0106,0.9853,47
254235,0.2492,0.2764,0.4744,223
254240,0.0057,0.0193,0.9750,40
254276,0.0083,0.0174,0.9743,30
254563,0.0031,0.0078,0.9891,27
254564,0.9319,0.0576,0.0104,130
254590,0.0698,0.0683,0.8620,95
254615,0.3606,0.1718,0.4676,169
254621,0.9406,0.0484,0.0110,203
254622,0.1045,0.8542,0.0413,117
254733,0.9600,0.0340,0.0060,41
254742,0.8915,0.1002,0.0083,47
254764,0.0029,0.0164,0.9807,57
254774,0.0037,0.0336,0.9627,49
254796,0.1080,0.8449,0.0471,67
254806,0.9670,0.0247,0.0083,51
254931,0.0037,0.0085,0.9877,74
254985,0.0064,0.0236,0.9699,136
255034,0.0176,0.0229,0.9595,21
255038,0.1911,0.3233,0.4857,92
255046,0.0033,0.0094,0.9873,33
255062,0.1349,0.7862,0.0789,187
255329,0.4846,0.3819,0.1335,607
255470,0.2519,0.1471,0.6010,79
255603,0.0054,0.0146,0.9800,18
255627,0.9737,0.0178,0.0085,62
255632,0.0340,0.1871,0.7790,92
255688,0.0144,0.0948,0.8908,37
255718,0.5579,0.3036,0.1385,157
255750,0.6526,0.2722,0.0752,49
255820,0.0095,0.0336,0.9569,81
255831,0.0038,0.0091,0.9871,25
255993,0.0904,0.7709,0.1386,214
256084,0.0049,0.0165,0.9786,358
256238,0.0040,0.0269,0.9692,65
256279,0.0049,0.0144,0.9807,136
256293,0.0185,0.0484,0.9331,27
256331,0.0090,0.0916,0.8993,48
256340,0.0274,0.0474,0.9251,80
256357,0.0037,0.0181,0.9782,112
256422,0.9537,0.0400,0.0064,74
256470,0.9314,0.0551,0.0135,42
256484,0.0046,0.0113,0.9842,58
256507,0.0378,0.3405,0.6217,25
256537,0.7331,0.2384,0.0285,59
256538,0.7860,0.2004,0.0136,107
256561,0.0047,0.0378,0.9575,101
256565,0.7659,0.2251,0.0090,64
256585,0.9668,0.0261,0.0071,86
256604,0.0125,0.3076,0.6799,133
256607,0.7421,0.2380,0.0199,81
256617,0.3913,0.5710,0.0377,326
256643,0.0028,0.0119,0.9853,72
256648,0.0150,0.0735,0.9116,253
256675,0.1808,0.7268,0.0924,116
257000,0.0076,0.0454,0.9470,337
257015,0.0268,0.0463,0.9269,126
257036,0.0860,0.2262,0.6877,28
257044,0.0496,0.6863,0.2641,115
257057,0.1289,0.7753,0.0958,317
257071,0.2155,0.3681,0.4163,81
257134,0.9652,0.0283,0.0065,32
257179,0.1891,0.7416,0.0693,190
257186,0.0339,0.7291,0.2370,145
257191,0.8579,0.1107,0.0314,56
257209,0.5686,0.4098,0.0216,94
257253,0.4169,0.3683,0.2147,265
257261,0.1821,0.5816,0.2362,128
257600,0.1771,0.1538,0.6691,590
257654,0.0205,0.3864,0.5931,90
257664,0.0170,0.3612,0.6219,157
257710,0.0034,0.0217,0.9749,114
257722,0.0146,0.0961,0.8894,39
257732,0.0041,0.0139,0.9820,76
257744,0.5346,0.4190,0.0464,68
258488,0.9587,0.0335,0.0078,73
258492,0.0097,0.0445,0.9458,158
258533,0.0106,0.0183,0.9711,30
258602,0.0541,0.8379,0.1081,334
258612,0.3508,0.4495,0.1997,158
258623,0.1070,0.0841,0.8089,89
258636,0.2292,0.4040,0.3668,518
258646,0.0103,0.0130,0.9767,121
258706,0.0085,0.0119,0.9796,74
258864,0.0061,0.0381,0.9559,98
258879,0.0037,0.0284,0.9679,151
258898,0.9642,0.0288,0.0070,114
259067,0.9135,0.0770,0.0095,34
259097,0.2199,0.1781,0.6020,24
259111,0.0204,0.3867,0.5929,156
259115,0.8010,0.1514,0.0477,60
259138,0.0042,0.0195,0.9763,118
259197,0.0037,0.0106,0.9857,86
259236,0.0042,0.0101,0.9858,123
259251,0.0086,0.0238,0.9676,28
259288,0.0121,0.0120,0.9759,108
259403,0.0032,0.0137,0.9831,72
259417,0.0066,0.0185,0.9749,61
259427,0.0028,0.0113,0.9859,70
259431,0.0096,0.0143,0.9761,192
259455,0.0306,0.0534,0.9160,462
259535,0.0055,0.0440,0.9505,37
259540,0.0927,0.5682,0.3391,92
259659,0.0497,0.0861,0.8642,52
259688,0.0090,0.0210,0.9700,182
259738,0.0032,0.0263,0.9705,33
259751,0.0046,0.0203,0.9751,48
259789,0.0045,0.0140,0.9815,118
259823,0.3415,0.1952,0.4633,72
259852,0.0036,0.0146,0.9818,37
260037,0.0038,0.0117,0.9845,22
260085,0.0599,0.0411,0.8989,71
260144,0.0060,0.0178,0.9763,138
260280,0.0038,0.0079,0.9883,96
260331,0.0032,0.0109,0.9859,110
260347,0.0032,0.0093,0.9875,75
260395,0.0031,0.0093,0.9876,20
260434,0.0043,0.0075,0.9882,30
260445,0.4745,0.4987,0.0269,91
260525,0.0193,0.4118,0.5689,117
260559,0.0040,0.0242,0.9718,41
260597,0.3673,0.6020,0.0306,110
260599,0.0069,0.0555,0.9375,31
260651,0.0045,0.0120,0.9835,42
260722,0.9275,0.0478,0.0247,37
260737,0.0448,0.9100,0.0453,59
260931,0.0321,0.2489,0.7190,236
261077,0.3496,0.5204,0.1300,213
261153,0.0109,0.1276,0.8615,266
261174,0.0044,0.0095,0.9861,113
261200,0.1162,0.5145,0.3694,50
261299,0.0036,0.0107,0.9856,42
261358,0.0039,0.0089,0.9872,35
261385,0.0079,0.0163,0.9758,196
261644,0.6743,0.2852,0.0406,22
261887,0.2872,0.6089,0.1039,1112
261896,0.0068,0.0127,0.9804,27
261980,0.0070,0.0736,0.9194,171
262001,0.0279,0.2159,0.7562,121
262020,0.8908,0.0797,0.0295,301
262050,0.0026,0.0138,0.9836,53
262081,0.9390,0.0487,0.0122,36
262168,0.9669,0.0273,0.0058,95
262322,0.2683,0.3662,0.3655,279
262395,0.0040,0.0105,0.9855,28
262506,0.9732,0.0178,0.0091,154
262507,0.9592,0.0309,0.0099,63
262516,0.5791,0.3870,0.0339,61
262524,0.0128,0.1614,0.8257,37
262607,0.0223,0.0273,0.9504,85
262630,0.0032,0.0190,0.9779,25
262656,0.1095,0.6184,0.2721,249
262761,0.3953,0.5746,0.0301,97
262764,0.9709,0.0225,0.0067,32
262776,0.9140,0.0783,0.0077,60
262782,0.0172,0.4227,0.5601,111
262798,0.8561,0.0589,0.0849,92
262810,0.1921,0.7802,0.0277,65
263276,0.2758,0.6684,0.0558,68
263331,0.0074,0.0103,0.9823,63
263371,0.0229,0.2184,0.7588,297
263404,0.0037,0.0119,0.9844,72
263411,0.9260,0.0574,0.0166,36
263543,0.0662,0.5605,0.3734,49
263562,0.0052,0.0118,0.9830,40
263601,0.0041,0.0075,0.9885,31
263685,0.2293,0.6999,0.0708,85
263702,0.0037,0.0086,0.9877,54
263707,0.0145,0.0486,0.9370,156
263793,0.0064,0.0094,0.9841,68
264393,0.0529,0.5824,0.3647,52
264410,0.0232,0.1626,0.8141,255
264514,0.0053,0.0477,0.9470,33
264519,0.0509,0.1597,0.7894,144
264523,0.0076,0.0132,0.9792,62
264552,0.0646,0.1612,0.7743,59
264566,0.0163,0.0687,0.9150,65
264641,0.0162,0.1083,0.8756,83
264793,0.0042,0.0104,0.9854,42
265003,0.7759,0.1679,0.0562,198
265015,0.0037,0.0087,0.9876,54
265148,0.0031,0.0154,0.9815,104
265152,0.0036,0.0101,0.9864,36
265158,0.0031,0.0075,0.9894,92
265163,0.1619,0.7438,0.0943,421
265172,0.0027,0.0117,0.9857,32
265257,0.8153,0.0841,0.1006,312
265265,0.0029,0.0138,0.9832,21
265289,0.0136,0.1312,0.8552,57
265304,0.0040,0.0086,0.9874,34
265432,0.0046,0.0076,0.9878,24
265494,0.0032,0.0086,0.9882,39
265594,0.0088,0.0228,0.9684,210
265595,0.0039,0.0090,0.9871,30
265612,0.0074,0.0151,0.9776,45
265719,0.0039,0.0122,0.9838,82
265791,0.0114,0.0141,0.9745,55
265825,0.4456,0.1876,0.3668,152
265953,0.0045,0.0382,0.9574,77
265989,0.1198,0.8551,0.0251,36
266021,0.0530,0.8774,0.0697,33
266099,0.0508,0.1209,0.8283,52
266103,0.0075,0.0863,0.9062,93
266327,0.1247,0.7974,0.0779,210
266400,0.0136,0.0354,0.9510,107
266414,0.8857,0.0996,0.0146,100
266546,0.0029,0.0084,0.9887,26
266565,0.0025,0.0123,0.9852,69
266608,0.0056,0.0118,0.9826,44
266672,0.0073,0.0713,0.9214,39
266829,0.0960,0.8002,0.1038,51
266848,0.1720,0.5580,0.2701,93
266883,0.0043,0.0218,0.9739,372
266920,0.0027,0.0107,0.9867,126
267002,0.0781,0.3399,0.5821,184
267017,0.2642,0.6036,0.1322,127
267028,0.0216,0.3474,0.6310,144
267148,0.0166,0.0374,0.9460,73
267228,0.0505,0.1979,0.7515,193
267433,0.0099,0.0502,0.9399,54
267468,0.0072,0.0097,0.9831,29
267506,0.0096,0.0169,0.9735,60
267564,0.2135,0.3454,0.4411,208
267611,0.4249,0.5385,0.0366,76
267667,0.0025,0.0138,0.9836,44
267674,0.0044,0.0124,0.9832,62
267711,0.8710,0.1132,0.0158,112
267754,0.0074,0.0101,0.9825,70
267769,0.0070,0.0297,0.9633,59
267786,0.0171,0.1284,0.8544,185
267865,0.0039,0.0151,0.9810,39
267866,0.4699,0.5093,0.0208,42
267887,0.0043,0.0097,0.9860,41
267965,0.0026,0.0121,0.9853,74
267994,0.0040,0.0154,0.9805,88
268056,0.0073,0.0239,0.9687,420
268080,0.0268,0.0480,0.9253,85
268133,0.0037,0.0094,0.9869,55
268153,0.0242,0.5238,0.4520,173
268155,0.3986,0.4195,0.1820,40
268231,0.0493,0.6394,0.3113,334
268233,0.2373,0.7186,0.0441,655
268245,0.3986,0.5716,0.0298,320
268434,0.0074,0.0101,0.9825,82
268452,0.0046,0.0104,0.9850,36
268494,0.4506,0.3929,0.1565,48
268530,0.0030,0.0096,0.9875,66
269032,0.0042,0.0105,0.9853,92
269134,0.3416,0.3949,0.2636,446
269287,0.0031,0.0111,0.9858,37
269304,0.2053,0.7180,0.0767,64
269375,0.0076,0.0138,0.9786,149
269491,0.0061,0.0568,0.9371,71
269505,0.8776,0.1105,0.0119,63
269516,0.6359,0.2710,0.0931,83
269598,0.0046,0.0414,0.9540,137
269629,0.0031,0.0162,0.9807,90
269664,0.0144,0.0442,0.9414,123
269674,0.0093,0.0145,0.9762,42
269698,0.0820,0.2288,0.6892,254
269716,0.9210,0.0698,0.0092,228
269844,0.0028,0.0158,0.9814,131
269872,0.0042,0.0173,0.9785,132
269887,0.0060,0.0179,0.9761,28
270007,0.0430,0.0242,0.9327,23
270015,0.0039,0.0134,0.9827,68
270053,0.0040,0.0247,0.9713,28
270056,0.0477,0.0816,0.8707,127
270099,0.0082,0.0125,0.9794,72
270105,0.0033,0.0223,0.9744,55
270121,0.0383,0.2716,0.6902,160
270128,0.0074,0.1588,0.8338,35
270134,0.1532,0.8215,0.0253,31
270158,0.0042,0.0233,0.9726,54
270238,0.2817,0.1858,0.5324,35
270244,0.0121,0.0668,0.9211,127
270245,0.0029,0.0096,0.9875,29
270251,0.1272,0.4497,0.4231,61
270282,0.2776,0.6721,0.0503,55
270320,0.0044,0.0195,0.9761,72
270354,0.0703,0.3404,0.5893,44
270374,0.0295,0.0659,0.9046,216
270378,0.8554,0.1286,0.0161,108
270690,0.0087,0.0152,0.9761,137
270694,0.6651,0.3122,0.0227,81
270737,0.2768,0.4489,0.2743,93
270752,0.0078,0.0612,0.9310,42
270754,0.0107,0.0199,0.9694,41
270766,0.0262,0.6223,0.3515,35
270767,0.0279,0.6919,0.2802,51
270797,0.0076,0.0106,0.9818,124
270881,0.1019,0.1082,0.7899,163
270889,0.0026,0.0119,0.9855,36
270912,0.0048,0.0089,0.9863,24
270925,0.0654,0.5708,0.3638,90
270926,0.0096,0.0128,0.9776,98
270965,0.3335,0.5460,0.1206,251
271146,0.0052,0.0151,0.9796,47
271190,0.0054,0.0318,0.9628,156
271267,0.0054,0.0108,0.9838,30
271312,0.0035,0.0456,0.9509,307
271327,0.0070,0.0748,0.9182,27
271339,0.0083,0.0334,0.9583,52
271359,0.0022,0.0125,0.9853,23
271436,0.0115,0.0346,0.9539,50
271465,0.8813,0.0617,0.0570,114
271597,0.2152,0.5885,0.1963,134
271604,0.0034,0.0150,0.9816,49
271617,0.0095,0.0273,0.9632,55
271660,0.1508,0.2110,0.6382,160
271662,0.0041,0.0114,0.9844,39
271666,0.0116,0.1079,0.8805,184
271669,0.0731,0.2747,0.6522,166
271699,0.0445,0.4396,0.5159,66
271720,0.0212,0.0788,0.9001,150
271827,0.1846,0.2466,0.5688,64
271839,0.1004,0.7075,0.1921,29
271879,0.3364,0.3890,0.2747,52
271884,0.0039,0.0193,0.9768,47
271887,0.0417,0.0246,0.9337,65
271913,0.0035,0.0099,0.9865,54
271989,0.0056,0.0302,0.9642,61
272042,0.8113,0.0781,0.1106,72
272094,0.0051,0.0091,0.9859,38
272095,0.0168,0.0759,0.9073,89
272129,0.9580,0.0334,0.0087,23
272158,0.0030,0.0096,0.9874,128
272406,0.0474,0.8128,0.1398,48
272566,0.0529,0.7655,0.1815,196
272632,0.0038,0.0175,0.9788,24
272651,0.1133,0.8543,0.0324,31
272654,0.8802,0.0913,0.0285,101
272763,0.0065,0.0385,0.9550,147
272774,0.0330,0.8015,0.1655,104
272785,0.0050,0.0542,0.9409,38
272823,0.0144,0.0205,0.9650,109
272838,0.0065,0.0098,0.9837,98
272852,0.0033,0.0143,0.9824,90
272885,0.0047,0.0329,0.9624,61
272901,0.0033,0.0161,0.9806,110
273351,0.0041,0.0085,0.9874,77
273358,0.0301,0.0875,0.8824,124
273363,0.0096,0.2291,0.7613,92
273375,0.0041,0.0107,0.9852,88
273376,0.0040,0.0142,0.9818,33
273385,0.0034,0.0094,0.9872,27
273397,0.2881,0.6671,0.0448,372
273399,0.0255,0.1070,0.8675,165
273464,0.2504,0.4591,0.2905,149
273468,0.2666,0.5439,0.1895,161
273479,0.0222,0.0210,0.9568,48
273488,0.9359,0.0552,0.0089,104
273547,0.0255,0.1221,0.8524,76
273578,0.0079,0.0175,0.9746,40
273587,0.0723,0.1207,0.8071,44
273670,0.5069,0.4528,0.0403,62
273702,0.0043,0.0091,0.9866,49
273748,0.0041,0.0091,0.9868,92
273826,0.9723,0.0200,0.0078,107
273859,0.0067,0.0282,0.9652,116
273872,0.0026,0.0115,0.9859,64
273898,0.0026,0.0103,0.9870,30
273964,0.0027,0.0188,0.9785,39
274140,0.0328,0.0408,0.9264,148
274194,0.0034,0.0098,0.9868,104
274247,0.0438,0.1477,0.8085,155
274274,0.0040,0.0104,0.9856,33
274306,0.0052,0.0136,0.9813,33
274367,0.4049,0.1913,0.4038,209
274497,0.1376,0.7609,0.1015,35
274510,0.0175,0.0595,0.9231,61
274531,0.0819,0.0514,0.8668,45
274534,0.3350,0.4983,0.1667,128
274552,0.0038,0.0138,0.9824,162
274554,0.0033,0.0102,0.9865,44
274568,0.0045,0.0151,0.9805,102
274571,0.0116,0.0118,0.9766,29
274584,0.9615,0.0302,0.0084,59
274608,0.0118,0.0234,0.9648,115
274651,0.0042,0.0090,0.9868,83
274673,0.0684,0.8724,0.0592,130
274798,0.0096,0.0234,0.9670,57
274973,0.0028,0.0078,0.9893,107
275032,0.3603,0.5548,0.0849,454
275113,0.0038,0.0082,0.9880,56
275124,0.0032,0.0104,0.9864,92
275142,0.0039,0.0135,0.9826,58
275589,0.9604,0.0293,0.0104,41
275609,0.1010,0.3111,0.5879,38
275678,0.0041,0.0166,0.9793,40
275820,0.0233,0.0209,0.9558,125
275833,0.7498,0.2290,0.0212,200
275866,0.0031,0.0091,0.9878,31
275868,0.0466,0.0550,0.8985,165
275872,0.0030,0.0103,0.9867,54
275904,0.0038,0.0083,0.9878,30
275910,0.0035,0.0153,0.9812,44
275964,0.0059,0.0220,0.9721,132
276000,0.0077,0.0115,0.9808,117
276235,0.0052,0.0257,0.9691,43
276248,0.8900,0.0922,0.0178,74
276276,0.0173,0.0260,0.9567,73
276287,0.0055,0.0326,0.9620,49
276323,0.0048,0.0105,0.9847,58
276365,0.0045,0.0107,0.9848,45
276411,0.4910,0.3862,0.1228,32
276419,0.0053,0.0096,0.9850,25
276471,0.6822,0.3028,0.0150,49
276522,0.4122,0.2387,0.3491,203
276533,0.9538,0.0335,0.0127,202
276546,0.0043,0.0346,0.9611,41
276678,0.0033,0.0140,0.9827,56
276698,0.0035,0.0199,0.9766,38
276704,0.0038,0.0139,0.9823,199
276774,0.0464,0.3830,0.5706,49
276779,0.0069,0.0275,0.9656,155
276782,0.0096,0.1318,0.8586,141
276910,0.0037,0.0111,0.9853,118
276977,0.8395,0.1248,0.0357,60
276983,0.0052,0.0100,0.9847,24
277049,0.6774,0.2344,0.0882,183
277077,0.9595,0.0326,0.0079,73
277123,0.0029,0.0123,0.9849,22
277135,0.1136,0.3783,0.5080,157
277743,0.0058,0.0104,0.9838,34
277766,0.0136,0.0207,0.9657,163
277801,0.6579,0.2182,0.1239,160
277903,0.1692,0.1605,0.6703,133
278070,0.3266,0.2853,0.3881,805
278085,0.0073,0.0280,0.9647,105
278091,0.0392,0.0940,0.8668,271
278113,0.0049,0.0429,0.9522,75
278119,0.9465,0.0467,0.0068,49
278162,0.0030,0.0102,0.9867,45
278175,0.0078,0.0189,0.9733,117
278210,0.7651,0.1987,0.0362,226
278213,0.4716,0.2831,0.2453,21
278249,0.0811,0.2217,0.6972,166
278434,0.0067,0.0305,0.9628,92
278501,0.0046,0.0123,0.9831,68
278503,0.0032,0.0087,0.9882,123
278552,0.1100,0.5510,0.3390,157
278635,0.0141,0.0220,0.9639,73
278688,0.9457,0.0399,0.0144,164
278706,0.0105,0.0224,0.9672,144
278729,0.9637,0.0257,0.0107,66
278733,0.0031,0.0104,0.9865,48
278761,0.0986,0.6878,0.2135,168
278799,0.0044,0.0120,0.9836,36
278815,0.0028,0.0156,0.9816,26
278851,0.9600,0.0318,0.0082,58
278881,0.0051,0.0244,0.9704,116
278888,0.0035,0.0097,0.9868,83
278906,0.0029,0.0154,0.9817,31
278914,0.0039,0.0240,0.9721,93
278930,0.0194,0.0512,0.9294,115
278933,0.0376,0.6557,0.3067,33
278966,0.9488,0.0329,0.0183,92
279137,0.0174,0.4660,0.5166,48
279143,0.0194,0.0611,0.9196,158
279152,0.0029,0.0097,0.9875,30
279260,0.9612,0.0313,0.0075,51
279266,0.0039,0.0092,0.9869,53
279345,0.0232,0.0278,0.9489,102
279368,0.9040,0.0671,0.0290,30
279389,0.3104,0.5826,0.1070,51
279422,0.0033,0.0080,0.9887,40
279430,0.0032,0.0153,0.9815,47
279449,0.0292,0.0529,0.9180,103
279605,0.0176,0.0432,0.9393,155
279685,0.7554,0.2334,0.0111,67
279689,0.9552,0.0392,0.0056,56
279745,0.0106,0.0953,0.8942,40
279766,0.0088,0.0229,0.9683,91
279811,0.0094,0.0118,0.9787,78
279819,0.0038,0.0324,0.9638,147
279821,0.0035,0.0083,0.9881,42
279829,0.0028,0.0174,0.9798,62
279871,0.0030,0.0104,0.9865,117
279896,0.0131,0.0132,0.9737,42
279924,0.5062,0.2912,0.2026,47
279926,0.0034,0.0218,0.9748,30
279929,0.0053,0.0192,0.9755,178
280052,0.0734,0.0963,0.8303,472
280058,0.0039,0.0116,0.9845,82
280117,0.6013,0.3608,0.0378,221
280128,0.0119,0.0347,0.9534,99
280135,0.0043,0.0204,0.9753,156
280163,0.1009,0.1261,0.7730,194
280170,0.9045,0.0819,0.0136,485
280282,0.0040,0.0108,0.9852,49
280313,0.0066,0.0136,0.9798,43
280541,0.1215,0.8162,0.0623,60
280559,0.0043,0.0099,0.9858,28
280583,0.0032,0.0117,0.9850,36
280588,0.0405,0.7176,0.2420,56
280612,0.9251,0.0662,0.0087,58
280614,0.6156,0.3632,0.0212,70
280635,0.0037,0.0296,0.9667,83
280649,0.0091,0.0149,0.9760,47
280650,0.0047,0.0141,0.9812,100
280673,0.0050,0.0108,0.9843,28
280738,0.0043,0.0091,0.9865,36
280793,0.0144,0.0245,0.9612,39
280820,0.0102,0.0132,0.9766,78
280897,0.0036,0.0087,0.9877,88
280929,0.0110,0.0608,0.9282,155
280947,0.1728,0.7397,0.0875,115
281084,0.0032,0.0139,0.9829,18
281136,0.0051,0.0134,0.9815,66
281211,0.0082,0.0204,0.9714,176
281221,0.2374,0.7158,0.0468,119
281268,0.0065,0.0105,0.9829,27
281313,0.3256,0.3977,0.2767,275
281330,0.0059,0.0140,0.9801,118
281418,0.0035,0.0153,0.9813,101
281439,0.0036,0.0141,0.9823,75
281454,0.0031,0.0145,0.9824,86
281512,0.0073,0.0735,0.9192,229
281531,0.0026,0.0111,0.9863,30
281582,0.4162,0.4131,0.1707,27
281635,0.8914,0.0964,0.0122,127
281641,0.2320,0.1468,0.6213,435
281704,0.1445,0.8209,0.0346,212
281730,0.9424,0.0482,0.0094,182
281752,0.8777,0.1141,0.0082,74
281772,0.9231,0.0666,0.0104,103
281777,0.0467,0.0258,0.9275,122
281806,0.9725,0.0161,0.0114,78
281824,0.0336,0.0992,0.8672,188
281860,0.0048,0.0072,0.9879,65
281870,0.9018,0.0837,0.0146,97
281891,0.0413,0.0199,0.9388,64
281937,0.0123,0.0193,0.9684,22
281948,0.4753,0.0820,0.4427,29
282015,0.0563,0.2880,0.6556,60
282096,0.1124,0.7437,0.1440,28
282253,0.0064,0.0097,0.9838,153
282295,0.8006,0.1664,0.0330,323
282375,0.0198,0.0265,0.9537,223
282460,0.0815,0.6453,0.2733,194
282633,0.5978,0.3767,0.0256,262
282748,0.0031,0.0105,0.9865,64
282787,0.8737,0.1006,0.0257,288
282830,0.7173,0.2154,0.0673,71
282831,0.0046,0.0151,0.9803,56
282836,0.0032,0.0109,0.9859,50
282852,0.4956,0.4630,0.0414,260
282880,0.1264,0.8138,0.0599,71
282958,0.0200,0.0225,0.9576,70
283092,0.0035,0.0096,0.9869,78
283236,0.0038,0.0096,0.9865,84
283366,0.0115,0.0234,0.9651,36
283395,0.9423,0.0507,0.0070,32
283427,0.0050,0.0249,0.9701,29
283438,0.0028,0.0144,0.9828,41
283552,0.0046,0.0086,0.9868,21
283608,0.0257,0.1553,0.8190,31
283617,0.0144,0.0130,0.9725,44
283634,0.0755,0.0774,0.8471,64
283774,0.0028,0.0105,0.9867,59
283905,0.0046,0.0082,0.9872,90
284097,0.0100,0.0538,0.9362,86
284136,0.2027,0.4448,0.3525,578
284170,0.0035,0.0152,0.9812,72
284175,0.0344,0.1214,0.8443,251
284214,0.0033,0.0312,0.9656,135
284235,0.0056,0.0204,0.9740,280
284257,0.0048,0.0326,0.9626,202
284265,0.0836,0.7860,0.1304,96
284305,0.1012,0.3809,0.5178,89
284313,0.2926,0.4199,0.2875,254
284319,0.0411,0.3024,0.6565,224
284370,0.0376,0.0612,0.9012,337
284378,0.3579,0.3023,0.3398,385
284385,0.0050,0.0151,0.9798,85
284449,0.0067,0.1195,0.8737,97
284475,0.0031,0.0158,0.9811,58
284476,0.0044,0.0210,0.9746,66
284496,0.2680,0.3999,0.3321,194
284503,0.8884,0.0986,0.0130,87
284548,0.0033,0.0092,0.9875,38
284572,0.0141,0.0127,0.9732,32
284577,0.7456,0.1705,0.0839,181
284630,0.0080,0.0153,0.9766,42
284650,0.8489,0.1391,0.0119,81
284655,0.3794,0.3648,0.2558,92
284721,0.1889,0.2729,0.5383,262
284741,0.1730,0.5147,0.3123,53
284757,0.0141,0.0287,0.9573,34
284760,0.9376,0.0406,0.0218,170
284780,0.5594,0.2113,0.2293,34
284926,0.3486,0.2346,0.4169,84
284939,0.1974,0.7863,0.0163,32
284947,0.0027,0.0152,0.9822,103
284997,0.0027,0.0095,0.9878,69
285008,0.0135,0.0439,0.9425,106
285012,0.0033,0.0106,0.9861,118
285045,0.9663,0.0231,0.0106,27
285066,0.0055,0.0098,0.9847,104
285082,0.9215,0.0676,0.0109,36
285104,0.0044,0.0103,0.9853,70
285125,0.0035,0.0081,0.9884,64
285145,0.0030,0.0096,0.9874,33
285154,0.2438,0.2128,0.5434,83
285365,0.1771,0.5573,0.2656,27
285403,0.0039,0.0185,0.9776,43
285438,0.0029,0.0112,0.9859,71
285466,0.1887,0.5706,0.2407,126
285567,0.0058,0.0101,0.9841,40
285588,0.0667,0.4133,0.5200,273
285691,0.0642,0.3195,0.6164,179
285803,0.0028,0.0091,0.9881,53
285934,0.7930,0.1899,0.0170,102
285944,0.0036,0.0115,0.9849,52
285970,0.0060,0.0315,0.9625,28
285977,0.7786,0.1062,0.1152,68
285993,0.0082,0.0775,0.9143,78
285995,0.0035,0.0295,0.9669,59
286003,0.3236,0.3940,0.2824,263
286037,0.0696,0.1379,0.7925,257
286364,0.0027,0.0093,0.9880,71
286387,0.6695,0.2513,0.0792,48
286414,0.0058,0.0165,0.9777,131
286432,0.0327,0.1446,0.8227,116
286494,0.0032,0.0083,0.9885,43
286508,0.0081,0.0501,0.9418,69
286589,0.8445,0.0832,0.0723,38
286621,0.0039,0.0205,0.9756,81
286708,0.0134,0.0719,0.9147,62
286740,0.0036,0.0147,0.9817,125
286741,0.0029,0.0117,0.9854,33
286756,0.0026,0.0172,0.9802,65
286869,0.6709,0.2429,0.0862,367
286944,0.0050,0.0277,0.9673,200
287108,0.0034,0.0105,0.9861,54
287122,0.0072,0.0634,0.9294,137
287210,0.1119,0.6125,0.2756,117
287214,0.0024,0.0138,0.9838,26
287245,0.0042,0.0195,0.9763,43
287255,0.6830,0.2793,0.0377,113
287268,0.0035,0.0261,0.9705,35
287304,0.9652,0.0278,0.0070,23
287317,0.0031,0.0129,0.9840,35
287364,0.0190,0.1698,0.8112,47
287411,0.6353,0.3399,0.0248,49
287631,0.0189,0.3951,0.5860,150
287653,0.9380,0.0444,0.0176,38
287679,0.0041,0.0130,0.9829,19
287697,0.0034,0.0115,0.9851,98
287744,0.0041,0.0097,0.9862,31
287762,0.9445,0.0406,0.0150,82
287811,0.0494,0.0450,0.9056,299
287861,0.9413,0.0498,0.0089,81
287867,0.0041,0.0227,0.9732,66
287886,0.0241,0.2845,0.6914,103
287923,0.0205,0.1405,0.8390,50
287995,0.2235,0.4283,0.3483,39
287996,0.3356,0.1796,0.4848,282
288009,0.1626,0.2872,0.5501,365
288025,0.0282,0.3220,0.6498,200
288026,0.1340,0.2458,0.6203,145
288036,0.0120,0.0284,0.9595,146
288636,0.0060,0.0106,0.9835,119
288686,0.0031,0.0150,0.9820,71
288725,0.0038,0.0098,0.9864,40
288755,0.0038,0.0149,0.9813,49
288787,0.0241,0.0562,0.9197,141
288795,0.0446,0.0599,0.8954,222
288867,0.2477,0.1950,0.5573,56
288948,0.0050,0.0167,0.9783,142
288985,0.5735,0.4012,0.0253,221
289049,0.0103,0.0403,0.9494,62
289176,0.2975,0.6853,0.0172,45
289206,0.0097,0.0128,0.9775,31
289213,0.0034,0.0093,0.9873,32
289230,0.0066,0.0119,0.9815,129
289248,0.1402,0.1347,0.7251,45
289285,0.0049,0.0131,0.9819,50
289407,0.5458,0.4332,0.0210,55
289430,0.1223,0.1022,0.7755,107
289449,0.0079,0.0312,0.9609,101
289474,0.0177,0.0385,0.9438,56
289478,0.0417,0.8924,0.0660,33
289524,0.0025,0.0124,0.9851,46
289543,0.7991,0.1538,0.0471,72
289571,0.0170,0.0150,0.9680,43
289661,0.0054,0.0128,0.9818,90
289667,0.0042,0.0166,0.9791,100
289716,0.8469,0.1365,0.0167,269
290136,0.5134,0.3397,0.1469,213
290171,0.9296,0.0583,0.0122,157
290377,0.0051,0.0340,0.9609,39
290385,0.0102,0.0210,0.9688,28
290575,0.2031,0.5515,0.2454,73
290584,0.0043,0.0265,0.9693,119
290603,0.0081,0.0147,0.9773,83
290758,0.0205,0.1667,0.8128,229
290804,0.0216,0.4692,0.5092,130
290863,0.0034,0.0153,0.9812,117
290930,0.0136,0.1073,0.8791,337
290948,0.0171,0.1281,0.8547,313
291011,0.5262,0.4527,0.0211,175
291090,0.2468,0.5609,0.1923,157
291249,0.0087,0.0140,0.9773,138
291286,0.9541,0.0392,0.0066,66
291290,0.8023,0.1650,0.0327,37
291426,0.7076,0.2581,0.0343,464
291440,0.0028,0.0085,0.9887,60
291480,0.0058,0.0087,0.9855,41
291502,0.6454,0.3373,0.0174,72
291514,0.2168,0.1175,0.6657,91
291520,0.9351,0.0563,0.0085,112
291552,0.0034,0.0204,0.9763,144
291595,0.0047,0.0113,0.9840,35
291597,0.0458,0.1789,0.7753,71
291608,0.0043,0.0139,0.9819,62
291634,0.1676,0.7835,0.0489,32
291684,0.1647,0.7255,0.1098,31
291694,0.0046,0.0116,0.9838,104
291760,0.0083,0.0184,0.9734,33
291770,0.0317,0.0713,0.8970,179
292092,0.0874,0.1467,0.7659,130
292231,0.0086,0.0166,0.9748,126
292250,0.0037,0.0084,0.9879,141
292258,0.0051,0.0194,0.9755,56
292269,0.0124,0.0408,0.9468,186
292407,0.7068,0.2271,0.0660,193
292480,0.0040,0.0164,0.9796,56
292504,0.9599,0.0298,0.0103,156
292509,0.8118,0.1165,0.0717,58
292556,0.0444,0.0771,0.8785,342
292725,0.0087,0.0200,0.9713,288
292745,0.0027,0.0111,0.9862,38
292755,0.0041,0.0122,0.9837,30
292774,0.0074,0.0149,0.9778,28
292801,0.0029,0.0099,0.9872,37
292830,0.0041,0.0098,0.9861,122
292850,0.0029,0.0109,0.9862,52
292907,0.0207,0.1575,0.8217,191
292911,0.0052,0.0114,0.9834,34
292916,0.0073,0.0241,0.9686,31
292954,0.9316,0.0587,0.0098,83
293030,0.0044,0.0096,0.9860,22
293097,0.0058,0.0129,0.9813,37
293176,0.0047,0.0307,0.9646,120
293177,0.9152,0.0691,0.0157,222
293195,0.0028,0.0119,0.9853,47
293292,0.0162,0.0123,0.9715,28
293319,0.1729,0.1576,0.6695,54
293390,0.2828,0.6146,0.1026,145
293429,0.9201,0.0690,0.0109,110
293497,0.0052,0.0147,0.9801,63
293571,0.0031,0.0099,0.9871,24
293701,0.0053,0.0133,0.9814,56
293712,0.8784,0.1020,0.0196,31
293733,0.0923,0.5800,0.3277,94
294075,0.0033,0.0101,0.9866,33
294184,0.0802,0.7679,0.1519,99
294221,0.0037,0.0090,0.9874,47
294392,0.9620,0.0284,0.0096,56
294434,0.0294,0.0307,0.9400,53
294455,0.9461,0.0378,0.0161,70
294462,0.0304,0.0414,0.9282,61
294466,0.1138,0.7777,0.1084,235
294541,0.0025,0.0125,0.9850,41
294581,0.0191,0.0276,0.9533,152
294637,0.0030,0.0116,0.9853,34
294659,0.0031,0.0083,0.9886,52
294680,0.6173,0.2371,0.1456,65
295047,0.1196,0.4784,0.4020,82
295168,0.0127,0.0169,0.9704,40
295175,0.0668,0.0510,0.8822,96
295205,0.2420,0.4292,0.3288,531
295245,0.0929,0.1462,0.7610,54
295287,0.0033,0.0185,0.9782,36
295336,0.3383,0.5738,0.0879,361
295482,0.0069,0.0121,0.9809,32
295564,0.1486,0.1173,0.7341,77
295588,0.0036,0.0110,0.9854,34
295823,0.5849,0.3425,0.0726,43
295837,0.0532,0.1935,0.7533,55
295887,0.9730,0.0174,0.0096,43
295918,0.0260,0.0538,0.9202,121
295930,0.9345,0.0539,0.0116,38
295962,0.3526,0.2321,0.4153,111
295993,0.3070,0.0617,0.6313,129
296062,0.0035,0.0110,0.9855,68
296095,0.0096,0.0263,0.9641,79
296117,0.0053,0.0100,0.9848,55
296194,0.2524,0.5900,0.1575,190
296201,0.0676,0.4787,0.4537,297
296203,0.0121,0.0533,0.9347,52
296221,0.0042,0.0199,0.9759,143
296302,0.0104,0.0379,0.9517,40
296410,0.0035,0.0091,0.9874,23
296424,0.0044,0.0093,0.9863,35
296440,0.9637,0.0273,0.0090,46
296456,0.0107,0.2086,0.7806,89
296468,0.0305,0.7352,0.2343,147
296475,0.0074,0.0125,0.9801,160
296574,0.0830,0.0797,0.8373,59
296663,0.4818,0.2423,0.2759,99
296686,0.0815,0.8373,0.0811,102
296786,0.2197,0.4926,0.2876,132
296854,0.0138,0.0146,0.9717,22
296876,0.1087,0.3272,0.5641,273
296898,0.9156,0.0648,0.0196,466
297124,0.0029,0.0130,0.9841,117
297169,0.0185,0.0164,0.9651,151
297271,0.0390,0.8392,0.1218,79
297286,0.0062,0.0346,0.9592,37
297290,0.4238,0.3445,0.2318,434
297449,0.0072,0.0259,0.9670,80
297452,0.1683,0.4434,0.3883,51
297733,0.1098,0.4965,0.3937,105
297879,0.9536,0.0364,0.0100,185
297897,0.0035,0.0103,0.9862,72
297984,0.0229,0.2270,0.7501,59
297994,0.0049,0.0097,0.9855,163
298214,0.0030,0.0093,0.9876,32
298219,0.0042,0.0157,0.9801,62
298296,0.0093,0.0304,0.9602,102
298299,0.0031,0.0095,0.9874,31
298306,0.0050,0.0163,0.9787,43
298327,0.0031,0.0105,0.9864,66
298666,0.0050,0.0123,0.9827,98
298747,0.0884,0.8457,0.0659,31
298768,0.0101,0.0251,0.9649,109
298787,0.0037,0.0116,0.9847,28
298897,0.0046,0.0085,0.9869,84
298911,0.0042,0.0440,0.9517,57
298924,0.0092,0.0635,0.9273,238
298956,0.9502,0.0405,0.0092,30
299015,0.0031,0.0120,0.9849,29
299060,0.0049,0.0248,0.9703,331
299075,0.0089,0.1004,0.8907,164
299084,0.8902,0.1014,0.0084,58
299110,0.8944,0.0676,0.0380,162
299142,0.0651,0.1043,0.8306,98
299262,0.0061,0.0102,0.9837,54
299269,0.1640,0.3904,0.4456,93
299274,0.0253,0.0299,0.9448,24
299594,0.5490,0.3176,0.1334,60
299628,0.0048,0.0085,0.9867,53
299638,0.7469,0.2084,0.0447,205
299658,0.0029,0.0092,0.9878,54
299695,0.0701,0.2007,0.7292,42
299706,0.0262,0.0503,0.9235,51
299708,0.0097,0.0239,0.9664,18
299772,0.0035,0.0160,0.9805,58
299782,0.0415,0.1625,0.7960,191
299925,0.0265,0.1767,0.7968,810
299933,0.0664,0.3269,0.6067,221
299945,0.0474,0.0923,0.8603,139
300089,0.9406,0.0469,0.0124,75
300106,0.0183,0.0836,0.8981,659
300127,0.0058,0.0540,0.9401,75
300169,0.0038,0.0088,0.9874,50
300275,0.0053,0.0109,0.9838,107
300297,0.0215,0.0164,0.9621,51
300421,0.0036,0.0174,0.9791,85
300513,0.0024,0.0160,0.9817,43
300524,0.0106,0.0151,0.9743,214
300540,0.0076,0.0130,0.9794,40
300577,0.1770,0.2264,0.5966,750
300589,0.0172,0.0152,0.9676,34
300601,0.5101,0.4608,0.0291,56
300605,0.0035,0.0191,0.9774,43
300612,0.1081,0.0841,0.8078,159
300659,0.8258,0.1605,0.0137,35
300699,0.1109,0.1924,0.6967,50
300867,0.0029,0.0114,0.9857,36
301433,0.8865,0.1019,0.0116,44
301452,0.0048,0.0367,0.9585,30
301562,0.0028,0.0111,0.9860,30
301601,0.9626,0.0305,0.0069,39
301659,0.0031,0.0087,0.9882,37
301665,0.0051,0.0170,0.9779,102
301741,0.1021,0.2594,0.6385,88
301765,0.9511,0.0356,0.0133,62
301957,0.8942,0.0780,0.0278,94
301963,0.1434,0.7584,0.0983,347
301965,0.9213,0.0435,0.0352,57
302044,0.0551,0.0848,0.8601,131
302372,0.9015,0.0524,0.0461,69
302380,0.0066,0.0097,0.9837,100
302411,0.0032,0.0124,0.9844,36
302423,0.0061,0.0512,0.9427,46
302435,0.9631,0.0315,0.0053,22
302531,0.0069,0.0103,0.9829,39
302545,0.0089,0.0645,0.9266,82
302600,0.0164,0.2121,0.7715,62
302607,0.8610,0.1273,0.0117,73
302626,0.0032,0.0092,0.9876,32
302645,0.9372,0.0501,0.0126,186
302656,0.1721,0.7757,0.0522,55
302669,0.0059,0.0104,0.9837,34
302718,0.7513,0.2346,0.0141,119
302746,0.0057,0.0387,0.9556,31
302770,0.0852,0.4608,0.4540,58
302797,0.8466,0.1428,0.0105,34
302931,0.0218,0.3364,0.6418,214
302964,0.0041,0.0236,0.9723,67
303514,0.0139,0.0195,0.9667,38
303528,0.0183,0.0424,0.9394,410
303603,0.0427,0.4313,0.5261,284
303670,0.0109,0.0246,0.9645,57
303881,0.3125,0.4229,0.2647,70
303916,0.0109,0.0119,0.9772,88
303918,0.5245,0.3265,0.1490,51
304254,0.0235,0.0215,0.9550,150
304542,0.3609,0.2631,0.3760,240
304773,0.0032,0.0113,0.9855,19
304786,0.1695,0.4836,0.3468,69
305088,0.0209,0.1373,0.8418,93
305522,0.4210,0.3148,0.2642,73
305551,0.0027,0.0113,0.9859,45
305570,0.2470,0.5172,0.2358,52
305970,0.9112,0.0744,0.0143,42
305984,0.5223,0.3750,0.1028,54
306070,0.0031,0.0096,0.9872,38
306097,0.0050,0.0157,0.9793,41
306108,0.8782,0.1124,0.0094,62
306116,0.0495,0.0253,0.9252,39
306258,0.0027,0.0144,0.9830,37
306268,0.6343,0.2055,0.1602,38
306610,0.0031,0.0123,0.9846,26
306662,0.0031,0.0212,0.9757,49
306670,0.0098,0.0307,0.9596,44
306684,0.1284,0.2134,0.6581,120
306694,0.4549,0.4396,0.1055,224
306970,0.0039,0.0392,0.9569,128
307218,0.0760,0.8864,0.0376,46
307227,0.0040,0.0081,0.9879,68
307232,0.0102,0.0732,0.9166,145
307273,0.8908,0.0994,0.0098,56
307277,0.7912,0.1871,0.0217,175
307284,0.0132,0.0134,0.9734,25
307334,0.9591,0.0322,0.0087,126
307365,0.0031,0.0086,0.9883,26
307390,0.9594,0.0304,0.0102,78
307461,0.0872,0.8074,0.1054,197
307476,0.0042,0.0163,0.9795,33
307491,0.2520,0.6943,0.0537,33
307492,0.0077,0.0111,0.9812,42
307496,0.0030,0.0092,0.9878,57
307501,0.8956,0.0985,0.0059,61
307530,0.0346,0.2487,0.7166,164
307594,0.0102,0.0143,0.9756,153
307604,0.0043,0.0095,0.9862,79
307616,0.0056,0.0082,0.9862,29
307655,0.0126,0.0505,0.9368,122
307679,0.0028,0.0149,0.9823,92
308070,0.0286,0.5467,0.4246,73
308233,0.0597,0.8789,0.0613,34
308246,0.3402,0.3436,0.3162,123
308402,0.0064,0.0191,0.9744,98
308424,0.0046,0.0081,0.9874,69
308449,0.0031,0.0163,0.9806,37
308502,0.0040,0.0139,0.9821,27
308537,0.0042,0.0089,0.9869,42
308677,0.0093,0.0115,0.9792,29
308827,0.0038,0.0092,0.9870,45
308832,0.0028,0.0103,0.9868,28
308952,0.9603,0.0316,0.0080,68
309016,0.0042,0.0151,0.9807,52
309037,0.0113,0.0105,0.9782,49
309039,0.4833,0.5000,0.0168,143
309044,0.0074,0.0132,0.9794,25
309095,0.0031,0.0090,0.9879,24
309104,0.1926,0.3609,0.4465,73
309149,0.5607,0.3973,0.0420,57
309273,0.0068,0.0100,0.9832,27
309363,0.0208,0.0329,0.9463,457
309369,0.9500,0.0424,0.0076,119
309374,0.0035,0.0279,0.9685,47
309376,0.1911,0.4301,0.3788,93
309392,0.8585,0.1297,0.0118,328
309416,0.0087,0.0147,0.9767,143
309483,0.0046,0.0100,0.9854,80
309485,0.0058,0.0170,0.9772,30
309514,0.0050,0.0111,0.9839,27
309536,0.0035,0.0087,0.9878,93
309606,0.0160,0.0833,0.9008,134
309627,0.0675,0.0782,0.8543,56
309656,0.0030,0.0119,0.9851,35
309861,0.0039,0.0239,0.9722,29
309883,0.0039,0.0094,0.9868,39
310060,0.0037,0.0108,0.9855,34
310149,0.0034,0.0097,0.9870,41
310166,0.0090,0.2034,0.7876,112
310638,0.9358,0.0521,0.0120,539
310678,0.0079,0.0638,0.9283,37
310686,0.0034,0.0122,0.9844,70
310708,0.4228,0.5230,0.0542,22
310768,0.0049,0.0140,0.9811,92
310836,0.0036,0.0110,0.9854,27
310838,0.0033,0.0117,0.9850,70
310841,0.0032,0.0214,0.9754,65
310842,0.0059,0.0547,0.9393,149
310860,0.0101,0.0153,0.9746,43
310867,0.0043,0.0130,0.9828,63
310906,0.8654,0.1262,0.0084,90
310941,0.0032,0.0079,0.9889,27
311039,0.0519,0.6629,0.2852,273
311084,0.0811,0.0557,0.8631,177
311111,0.9512,0.0406,0.0082,173
311258,0.0044,0.0113,0.9844,39
311269,0.6243,0.2191,0.1566,73
311301,0.7307,0.2044,0.0648,181
311364,0.5723,0.4072,0.0204,246
311506,0.0047,0.0323,0.9630,33
311508,0.0944,0.0412,0.8645,55
311599,0.0027,0.0129,0.9845,49
311645,0.0056,0.0089,0.9855,103
311649,0.0925,0.1348,0.7727,218
311772,0.0065,0.0204,0.9731,40
311777,0.0068,0.0327,0.9605,104
311804,0.0867,0.2232,0.6901,68
311806,0.0046,0.0125,0.9829,40
311807,0.0033,0.0123,0.9844,26
311814,0.0042,0.0206,0.9752,63
311819,0.0044,0.0099,0.9858,30
312145,0.4845,0.4827,0.0328,116
312177,0.0038,0.0119,0.9843,87
312386,0.9438,0.0469,0.0092,116
312481,0.0034,0.0116,0.9850,93
312505,0.0043,0.0107,0.9850,66
312686,0.1375,0.3238,0.5388,409
312698,0.0037,0.0129,0.9834,76
313013,0.0291,0.3625,0.6083,122
313074,0.0391,0.0322,0.9287,51
313293,0.5229,0.4536,0.0235,34
313525,0.0541,0.6767,0.2692,87
313544,0.0126,0.0381,0.9493,155
313551,0.4142,0.3437,0.2421,277
313552,0.0032,0.0099,0.9868,92
313620,0.3993,0.4305,0.1702,176
313812,0.0027,0.0120,0.9853,63
313896,0.1595,0.7948,0.0457,176
313909,0.0063,0.0996,0.8940,47
313921,0.0362,0.8584,0.1054,68
313951,0.0289,0.6644,0.3067,154
314058,0.2794,0.7007,0.0199,33
314163,0.1154,0.2308,0.6538,136
314274,0.0295,0.6284,0.3421,32
314298,0.6965,0.2231,0.0804,127
314318,0.0286,0.3280,0.6434,34
314381,0.0088,0.0122,0.9790,64
314398,0.0039,0.0109,0.9852,63
314485,0.0053,0.0294,0.9652,58
314524,0.0089,0.1118,0.8793,59
314615,0.1235,0.5767,0.2999,358
314637,0.1922,0.7490,0.0587,47
314706,0.9501,0.0349,0.0149,98
314740,0.0035,0.0116,0.9849,52
314765,0.7613,0.1971,0.0416,69
314800,0.0058,0.0165,0.9778,70
314804,0.2798,0.6240,0.0962,50
314864,0.1972,0.7358,0.0670,147
314905,0.0400,0.1745,0.7855,122
314970,0.0243,0.0442,0.9314,65
314974,0.0163,0.0215,0.9622,177
314975,0.0060,0.0125,0.9815,528
314983,0.0028,0.0161,0.9810,320
315051,0.0069,0.0149,0.9782,190
315157,0.0112,0.0320,0.9567,50
315177,0.0056,0.0150,0.9794,25
315191,0.0042,0.0177,0.9781,68
315239,0.0076,0.0110,0.9814,44
315247,0.0063,0.0117,0.9820,29
315253,0.0040,0.0143,0.9816,55
315282,0.6690,0.2876,0.0434,169
315304,0.9084,0.0820,0.0096,45
315320,0.1307,0.7948,0.0744,28
315340,0.8152,0.1258,0.0590,195
315347,0.0055,0.0276,0.9669,103
315397,0.0615,0.1017,0.8368,246
315744,0.1970,0.1900,0.6129,484
315791,0.0036,0.0217,0.9747,71
315869,0.0060,0.0136,0.9804,33
315878,0.0035,0.0166,0.9799,32
315881,0.0067,0.0373,0.9560,255
315892,0.9610,0.0287,0.0102,42
315937,0.3064,0.6044,0.0892,74
315953,0.0194,0.0987,0.8819,43
315955,0.3191,0.5895,0.0913,56
315964,0.0089,0.0268,0.9643,75
315995,0.0044,0.0106,0.9850,106
316069,0.0031,0.0088,0.9881,119
316072,0.0053,0.0241,0.9706,228
316076,0.0032,0.0166,0.9802,360
316121,0.0036,0.0075,0.9888,41
316133,0.0030,0.0081,0.9889,47
316194,0.9648,0.0289,0.0063,36
316296,0.0047,0.0120,0.9833,43
316371,0.1686,0.2852,0.5463,234
316377,0.0031,0.0136,0.9833,48
316445,0.0041,0.0157,0.9802,51
316474,0.0062,0.0141,0.9797,48
316590,0.4128,0.1879,0.3993,824
316683,0.0879,0.1894,0.7227,280
316687,0.0033,0.0123,0.9844,73
316690,0.0097,0.0477,0.9426,61
316713,0.0062,0.0341,0.9596,142
316716,0.0280,0.4622,0.5098,99
316797,0.0046,0.0417,0.9537,111
316858,0.0264,0.7392,0.2344,122
316952,0.0036,0.0144,0.9820,66
317158,0.0067,0.0192,0.9741,526
317192,0.3440,0.4223,0.2336,97
317228,0.0035,0.0093,0.9872,25
317299,0.0069,0.0130,0.9800,78
317570,0.0044,0.0181,0.9774,95
317646,0.0031,0.0080,0.9888,31
317769,0.0041,0.0300,0.9659,49
317903,0.0034,0.0109,0.9858,39
317909,0.7361,0.2461,0.0177,35
317929,0.8822,0.1085,0.0094,86
317993,0.0097,0.0326,0.9578,91
318059,0.0035,0.0153,0.9811,32
318162,0.0047,0.0207,0.9746,39
318192,0.0052,0.0155,0.9793,133
318242,0.0058,0.0111,0.9831,40
318292,0.0495,0.1060,0.8445,111
318392,0.0158,0.0277,0.9565,100
318397,0.9008,0.0887,0.0105,61
318402,0.0378,0.0618,0.9005,282
318412,0.0288,0.0753,0.8959,207
318479,0.5270,0.4109,0.0621,61
318584,0.0067,0.0147,0.9785,230
318748,0.0045,0.0164,0.9791,39
318751,0.0587,0.3335,0.6078,36
318779,0.0042,0.0215,0.9743,29
318893,0.0027,0.0099,0.9874,137
318943,0.0152,0.0234,0.9615,115
318962,0.0251,0.0215,0.9535,222
318967,0.0053,0.0132,0.9814,33
319051,0.1831,0.0606,0.7563,56
319087,0.0030,0.0101,0.9869,33
319140,0.0079,0.0117,0.9804,47
319293,0.1284,0.8457,0.0258,55
319309,0.0282,0.0258,0.9460,135
319363,0.0588,0.1889,0.7524,296
319405,0.9602,0.0308,0.0090,92
319469,0.9065,0.0809,0.0126,169
319506,0.0078,0.0990,0.8932,150
319519,0.0752,0.1502,0.7746,40
319545,0.0026,0.0120,0.9854,59
320391,0.0033,0.0111,0.9856,45
320407,0.0117,0.0141,0.9742,52
320415,0.0083,0.0178,0.9740,29
320432,0.1449,0.3026,0.5525,59
320433,0.0031,0.0090,0.9880,100
320566,0.0076,0.0115,0.9809,86
320600,0.9469,0.0359,0.0172,131
320606,0.0439,0.7284,0.2277,265
320912,0.0039,0.0081,0.9880,61
320960,0.0171,0.1547,0.8282,42
321424,0.0034,0.0179,0.9786,38
321435,0.0058,0.0549,0.9393,157
321442,0.0049,0.0098,0.9853,58
321494,0.1415,0.6108,0.2478,171
321513,0.0781,0.7580,0.1638,56
321544,0.0053,0.0078,0.9869,27
321556,0.0111,0.0268,0.9621,105
321572,0.0065,0.0098,0.9837,60
321609,0.1832,0.3953,0.4215,117
321642,0.0056,0.0118,0.9827,131
321652,0.0057,0.0456,0.9486,135
321659,0.0103,0.0191,0.9705,202
321663,0.0039,0.0086,0.9875,38
321674,0.1337,0.4245,0.4419,132
321676,0.6800,0.2534,0.0666,58
321682,0.4720,0.0855,0.4425,117
321771,0.0038,0.0121,0.9841,50
321788,0.2040,0.6354,0.1606,139
321899,0.2028,0.7359,0.0612,129
321904,0.0616,0.7264,0.2120,146
321921,0.0059,0.0136,0.9804,44
322230,0.0029,0.0092,0.9879,52
322247,0.0078,0.0113,0.9809,71
322295,0.0034,0.0109,0.9858,52
322323,0.3373,0.6316,0.0310,34
322325,0.2097,0.6840,0.1063,286
322338,0.9725,0.0192,0.0083,76
322353,0.9665,0.0212,0.0122,154
322539,0.9662,0.0276,0.0062,31
322587,0.4663,0.3323,0.2014,71
322630,0.0058,0.0111,0.9830,42
322640,0.0033,0.0101,0.9867,23
322846,0.0060,0.0079,0.9862,28
322851,0.0096,0.0290,0.9615,82
322855,0.0034,0.0180,0.9787,76
322934,0.0804,0.2349,0.6847,71
322950,0.0058,0.0252,0.9690,82
322952,0.0037,0.0168,0.9794,163
323052,0.0042,0.0240,0.9718,124
323054,0.0472,0.2743,0.6785,152
323320,0.0779,0.8616,0.0605,76
323363,0.0110,0.0687,0.9203,338
323378,0.0052,0.0198,0.9750,130
323423,0.0027,0.0094,0.9879,66
323594,0.0040,0.0437,0.9523,95
323804,0.0027,0.0168,0.9804,49
323815,0.0038,0.0164,0.9798,42
323912,0.1139,0.1123,0.7739,250
323942,0.0033,0.0095,0.9872,68
323951,0.0038,0.0090,0.9872,62
323967,0.0058,0.0405,0.9537,52
324002,0.0056,0.0131,0.9813,271
324033,0.1904,0.6185,0.1911,88
324047,0.0398,0.0306,0.9295,176
324068,0.0060,0.0264,0.9676,322
324092,0.0039,0.0104,0.9858,38
324100,0.0429,0.0295,0.9276,137
324134,0.9608,0.0300,0.0092,47
324214,0.2992,0.6685,0.0323,135
324221,0.0201,0.4146,0.5654,245
324229,0.8889,0.0945,0.0166,161
324251,0.0027,0.0119,0.9854,385
324305,0.0053,0.0245,0.9702,39
324443,0.9343,0.0591,0.0066,47
324499,0.0024,0.0110,0.9866,36
324531,0.0027,0.0129,0.9844,73
324614,0.0114,0.0126,0.9760,27
324623,0.0076,0.0099,0.9825,54
324634,0.0097,0.0196,0.9707,211
324768,0.3007,0.3046,0.3946,27
324812,0.9498,0.0353,0.0150,171
324911,0.0032,0.0094,0.9874,119
324996,0.0080,0.0148,0.9772,136
324998,0.0037,0.0093,0.9870,44
325001,0.8454,0.0736,0.0810,25
325010,0.0030,0.0116,0.9854,29
325226,0.0069,0.0137,0.9794,385
325233,0.0029,0.0120,0.9851,53
325572,0.1724,0.6437,0.1839,40
325588,0.0661,0.4582,0.4758,167
325652,0.0111,0.0561,0.9328,93
325736,0.0037,0.0098,0.9865,30
325751,0.0096,0.0101,0.9803,35
325790,0.0206,0.0270,0.9524,89
325817,0.0561,0.3080,0.6359,100
325829,0.0042,0.0083,0.9876,37
325940,0.0034,0.0122,0.9843,153
325982,0.0094,0.1048,0.8858,49
325993,0.0030,0.0089,0.9881,59
325998,0.0093,0.0369,0.9538,168
326086,0.0030,0.0122,0.9848,74
326132,0.0039,0.0222,0.9740,111
326300,0.1654,0.7125,0.1220,26
326413,0.0027,0.0163,0.9810,137
326419,0.3632,0.2947,0.3421,224
326442,0.0192,0.1384,0.8424,32
326512,0.9483,0.0433,0.0084,52
326524,0.0066,0.0231,0.9703,39
326543,0.0026,0.0131,0.9842,62
326680,0.9617,0.0248,0.0135,129
326694,0.0065,0.0103,0.9832,86
326706,0.0129,0.0156,0.9715,47
326724,0.5052,0.4029,0.0919,57
326739,0.5009,0.4827,0.0163,28
326858,0.0045,0.0110,0.9845,128
326911,0.2559,0.4411,0.3030,44
327043,0.0032,0.0212,0.9757,56
327052,0.0054,0.0342,0.9604,33
327070,0.0056,0.0143,0.9801,63
327071,0.1865,0.1814,0.6321,34
327096,0.0046,0.0151,0.9803,109
327105,0.0563,0.7261,0.2176,74
327141,0.0083,0.0341,0.9575,53
327147,0.1245,0.1436,0.7319,37
327165,0.0039,0.0099,0.9861,39
327275,0.0048,0.0179,0.9773,89
327322,0.0060,0.0899,0.9041,37
327370,0.0049,0.0128,0.9823,177
327455,0.0033,0.0177,0.9790,31
327466,0.5823,0.3663,0.0513,161
327471,0.2717,0.5891,0.1392,61
327544,0.0147,0.2081,0.7772,120
327619,0.0085,0.0116,0.9799,80
327784,0.0375,0.0361,0.9264,57
327787,0.9274,0.0510,0.0217,100
327816,0.9401,0.0516,0.0082,21
327886,0.0367,0.7305,0.2328,204
327934,0.0064,0.0440,0.9495,127
327968,0.4087,0.5120,0.0793,55
328080,0.0131,0.0217,0.9652,128
328087,0.0968,0.6402,0.2630,264
328134,0.0027,0.0130,0.9843,108
328157,0.0118,0.0133,0.9749,63
328160,0.0766,0.0697,0.8537,45
328161,0.6433,0.2926,0.0641,65
328213,0.0035,0.0206,0.9759,25
328323,0.8701,0.1039,0.0260,35
328336,0.0029,0.0125,0.9846,41
328341,0.0036,0.0087,0.9877,77
328375,0.0051,0.0315,0.9634,54
328383,0.5631,0.4099,0.0269,28
328412,0.0348,0.6777,0.2875,68
328542,0.0045,0.0150,0.9805,97
328635,0.0228,0.3069,0.6703,195
328665,0.0028,0.0106,0.9866,39
328720,0.6674,0.2825,0.0500,406
328726,0.0044,0.0098,0.9858,128
328754,0.0051,0.0169,0.9780,41
328794,0.0034,0.0126,0.9841,45
328815,0.9594,0.0279,0.0127,77
329395,0.0129,0.0478,0.9392,144
330069,0.6184,0.3408,0.0408,73
330071,0.0228,0.0147,0.9625,112
330081,0.3607,0.3674,0.2719,39
330103,0.4556,0.5229,0.0215,102
330145,0.0032,0.0174,0.9793,64
330187,0.0180,0.0361,0.9459,187
330206,0.0205,0.0209,0.9586,91
330221,0.0037,0.0185,0.9778,69
330222,0.0056,0.0133,0.9811,33
330237,0.0047,0.0094,0.9859,26
330238,0.0025,0.0142,0.9833,28
330263,0.1015,0.0397,0.8588,47
330301,0.0029,0.0110,0.9861,88
330346,0.0063,0.0721,0.9216,58
330349,0.9665,0.0246,0.0089,83
330403,0.4961,0.4720,0.0319,223
330430,0.0053,0.0086,0.9861,85
330493,0.0061,0.0161,0.9778,45
330528,0.0035,0.0086,0.9879,32
330544,0.5712,0.3838,0.0450,366
330587,0.0250,0.4317,0.5434,51
330816,0.0043,0.0088,0.9869,40
330891,0.6878,0.2203,0.0919,46
330937,0.6782,0.2616,0.0602,164
330942,0.9711,0.0205,0.0084,87
330990,0.0038,0.0085,0.9878,140
331047,0.0060,0.0152,0.9788,165
331162,0.5315,0.3382,0.1303,106
331231,0.0042,0.0240,0.9718,103
331349,0.0043,0.0084,0.9873,68
331375,0.5663,0.3452,0.0885,295
331387,0.0047,0.0095,0.9858,82
331423,0.0043,0.0339,0.9618,88
331460,0.0105,0.0761,0.9134,123
331461,0.1277,0.7050,0.1673,126
331659,0.0027,0.0109,0.9864,38
331667,0.0234,0.0394,0.9372,94
331687,0.3653,0.5932,0.0415,38
331691,0.0073,0.0827,0.9100,159
331735,0.2412,0.5826,0.1761,64
331767,0.7572,0.1483,0.0945,275
332015,0.0066,0.0472,0.9462,53
332067,0.2342,0.2174,0.5484,43
332068,0.7520,0.1939,0.0540,411
332081,0.0795,0.8230,0.0975,143
332256,0.2834,0.6974,0.0191,70
332358,0.3790,0.5263,0.0947,198
332507,0.0100,0.0161,0.9739,31
332663,0.6104,0.2226,0.1670,1661
332700,0.0587,0.3920,0.5493,115
332843,0.0042,0.0083,0.9875,51
332851,0.1709,0.6801,0.1490,178
332873,0.0056,0.0203,0.9741,161
332879,0.0035,0.0102,0.9864,37
332887,0.4450,0.5283,0.0268,76
332896,0.0966,0.1074,0.7960,199
333054,0.2837,0.5416,0.1747,146
333059,0.0037,0.0144,0.9818,29
333121,0.9560,0.0378,0.0061,31
333145,0.0048,0.0189,0.9763,93
333170,0.0061,0.0471,0.9469,40
333192,0.0052,0.0173,0.9775,72
333196,0.0037,0.0085,0.9878,80
333235,0.5958,0.3766,0.0277,92
333272,0.0115,0.0226,0.9659,158
333283,0.0097,0.0512,0.9391,290
333288,0.0055,0.0160,0.9785,77
333339,0.7650,0.1865,0.0484,42
333347,0.0034,0.0075,0.9891,18
333411,0.0293,0.0230,0.9477,174
333668,0.0039,0.0173,0.9788,153
333684,0.0035,0.0105,0.9860,82
333718,0.0059,0.0465,0.9476,109
333745,0.1346,0.8209,0.0444,41
333747,0.0035,0.0165,0.9800,56
334035,0.0049,0.0147,0.9804,29
334059,0.0093,0.0359,0.9549,86
334200,0.0114,0.0214,0.9672,101
334212,0.8442,0.1307,0.0251,165
334283,0.0032,0.0120,0.9848,44
334309,0.0041,0.0173,0.9786,186
334314,0.8467,0.1429,0.0105,33
334354,0.0056,0.0140,0.9804,192
334432,0.0043,0.0121,0.9837,28
334503,0.0030,0.0130,0.9839,52
334543,0.0047,0.0127,0.9826,54
334643,0.0275,0.0219,0.9506,69
334645,0.0026,0.0100,0.9873,92
334710,0.1731,0.6336,0.1932,115
334748,0.0349,0.0694,0.8957,125
334777,0.9241,0.0597,0.0162,81
334793,0.0155,0.1517,0.8328,118
334814,0.0911,0.1156,0.7933,209
334894,0.7725,0.1968,0.0307,40
335384,0.0035,0.0165,0.9800,213
335393,0.0064,0.0147,0.9788,218
335473,0.7639,0.2045,0.0316,168
335575,0.0128,0.1152,0.8721,587
335593,0.0289,0.1192,0.8519,56
335696,0.0065,0.0462,0.9473,20
335736,0.0236,0.1096,0.8668,86
335793,0.2828,0.0917,0.6255,50
335973,0.0677,0.3464,0.5859,80
335990,0.0066,0.0647,0.9287,178
336061,0.0105,0.0187,0.9708,74
336578,0.0062,0.0115,0.9823,371
336829,0.7332,0.0927,0.1741,327
336958,0.0050,0.0092,0.9858,31
337036,0.1127,0.1820,0.7052,25
337046,0.0054,0.0111,0.9835,73
337055,0.6535,0.2568,0.0897,141
337076,0.0126,0.0118,0.9756,103
337304,0.0037,0.0095,0.9868,31
337316,0.0075,0.0095,0.9830,61
337321,0.0051,0.0224,0.9724,50
337339,0.0053,0.0108,0.9839,32
337601,0.0039,0.0081,0.9879,77
337604,0.0035,0.0105,0.9860,59
337619,0.7053,0.2742,0.0205,366
337662,0.7933,0.1568,0.0499,80
337682,0.0042,0.0093,0.9865,61
337683,0.0049,0.0116,0.9836,80
337689,0.0115,0.0160,0.9725,62
337706,0.0218,0.0228,0.9554,27
337730,0.0113,0.1860,0.8027,27
337733,0.0033,0.0086,0.9881,94
337758,0.2895,0.6728,0.0377,97
337856,0.0155,0.0146,0.9699,40
338340,0.0600,0.1229,0.8172,67
338472,0.0044,0.0146,0.9810,121
338484,0.0040,0.0154,0.9806,79
338738,0.0348,0.0317,0.9335,144
338740,0.0091,0.0592,0.9317,141
338796,0.0034,0.0221,0.9746,484
338797,0.0047,0.0218,0.9735,87
338859,0.0049,0.0162,0.9789,300
339032,0.9450,0.0439,0.0111,43
339083,0.9208,0.0652,0.0141,98
339119,0.0381,0.2241,0.7378,41
339133,0.0078,0.0274,0.9648,38
339137,0.1389,0.6809,0.1802,44
339159,0.9431,0.0453,0.0117,34
339277,0.0521,0.8340,0.1139,142
339300,0.0141,0.3179,0.6680,88
339306,0.9649,0.0280,0.0071,70
339395,0.0144,0.3088,0.6768,140
339450,0.8786,0.1007,0.0206,96
339525,0.9283,0.0655,0.0062,103
339544,0.8567,0.0915,0.0518,161
339570,0.0030,0.0131,0.9839,54
339578,0.1914,0.7845,0.0241,28
339739,0.0045,0.0143,0.9812,52
339758,0.0036,0.0256,0.9708,53
339814,0.0288,0.2120,0.7592,213
339821,0.0035,0.0085,0.9880,38
339839,0.0075,0.0112,0.9814,42
339850,0.1097,0.6776,0.2127,177
339857,0.0037,0.0098,0.9865,64
339872,0.4043,0.2858,0.3100,38
339892,0.0335,0.1992,0.7673,124
340065,0.0030,0.0130,0.9840,53
340249,0.0048,0.0175,0.9777,22
340305,0.2519,0.6916,0.0564,34
340320,0.0054,0.0385,0.9562,46
340371,0.0772,0.3232,0.5995,77
340375,0.8836,0.0892,0.0272,63
340396,0.0035,0.0093,0.9872,73
340434,0.0345,0.0668,0.8987,105
340567,0.9560,0.0348,0.0092,99
340781,0.0696,0.2394,0.6911,518
340984,0.0077,0.0166,0.9757,80
341036,0.0485,0.0973,0.8542,92
341068,0.0033,0.0115,0.9852,37
341091,0.2297,0.7428,0.0276,78
341137,0.0041,0.0087,0.9872,55
341152,0.0072,0.0235,0.9693,80
341793,0.0691,0.0775,0.8534,198
341822,0.0397,0.2819,0.6783,202
341940,0.0146,0.2630,0.7224,385
341972,0.0044,0.0157,0.9799,55
342032,0.7742,0.2018,0.0240,380
342235,0.0044,0.0173,0.9783,67
342242,0.9269,0.0667,0.0064,50
342304,0.9720,0.0196,0.0084,39
342374,0.0060,0.0354,0.9586,389
342463,0.0047,0.0155,0.9798,37
342481,0.7584,0.1039,0.1377,63
342507,0.0039,0.0093,0.9868,77
342596,0.1157,0.2657,0.6186,173
342603,0.1844,0.6518,0.1638,223
342621,0.0042,0.0114,0.9844,52
342698,0.0107,0.0635,0.9258,321
342827,0.0890,0.1322,0.7787,99
342857,0.0047,0.0083,0.9870,82
342897,0.0079,0.0181,0.9740,79
342919,0.0152,0.0140,0.9708,56
342926,0.0249,0.0529,0.9222,81
343069,0.0031,0.0261,0.9708,102
343164,0.9583,0.0344,0.0073,51
343347,0.2511,0.4979,0.2510,123
343403,0.0092,0.0195,0.9714,48
343517,0.0736,0.0792,0.8472,118
343554,0.0026,0.0096,0.9878,54
343631,0.0457,0.5175,0.4367,99
343643,0.0461,0.6573,0.2966,93
343649,0.0457,0.7667,0.1876,123
343767,0.0093,0.0324,0.9583,42
343831,0.1987,0.7533,0.0480,203
343936,0.0158,0.2457,0.7384,96
343950,0.0097,0.0543,0.9359,80
343953,0.0460,0.1150,0.8390,29
343957,0.0467,0.2610,0.6922,45
344032,0.0030,0.0171,0.9799,90
344062,0.4870,0.3941,0.1189,165
344117,0.0055,0.0157,0.9788,117
344138,0.0066,0.0147,0.9787,113
344178,0.0027,0.0144,0.9828,25
344186,0.0036,0.0092,0.9872,93
344849,0.0063,0.0098,0.9839,25
345721,0.0030,0.0116,0.9854,51
345732,0.0037,0.0134,0.9830,26
345904,0.0083,0.0242,0.9675,46
346163,0.9463,0.0465,0.0072,44
346237,0.4400,0.1299,0.4301,259
346265,0.1857,0.5423,0.2720,158
346273,0.3128,0.6622,0.0250,31
346276,0.0054,0.0104,0.9842,76
346411,0.0213,0.0311,0.9476,90
346413,0.0033,0.0093,0.9875,33
346437,0.0181,0.2960,0.6859,107
346532,0.0200,0.0744,0.9056,39
346673,0.0040,0.0094,0.9866,31
346716,0.0903,0.8828,0.0268,33
346723,0.0058,0.0400,0.9542,37
346725,0.0725,0.1294,0.7982,71
346741,0.0062,0.0244,0.9694,108
346784,0.1432,0.8327,0.0241,42
346795,0.0295,0.1072,0.8633,64
346810,0.0044,0.0108,0.9849,93
346857,0.0033,0.0204,0.9762,105
347046,0.0039,0.0080,0.9882,49
347198,0.0923,0.5091,0.3986,48
347402,0.0042,0.0116,0.9842,174
347599,0.0036,0.0111,0.9853,52
347616,0.1556,0.2637,0.5807,279
347618,0.0071,0.0443,0.9485,193
347644,0.0033,0.0107,0.9860,28
347664,0.4040,0.3949,0.2010,70
347709,0.0089,0.0099,0.9812,88
347733,0.0032,0.0172,0.9796,34
347765,0.0261,0.3945,0.5793,53
347769,0.6372,0.3212,0.0416,120
347826,0.0059,0.0137,0.9804,25
348084,0.0067,0.0278,0.9655,132
348634,0.0036,0.0174,0.9789,27
348685,0.9685,0.0251,0.0064,26
348688,0.6526,0.2498,0.0976,54
348695,0.0380,0.3570,0.6050,779
348729,0.6242,0.2735,0.1022,274
348774,0.0043,0.0169,0.9788,53
349057,0.0036,0.0140,0.9824,76
349086,0.4712,0.4288,0.1000,36
349095,0.0032,0.0086,0.9881,51
349187,0.0110,0.0219,0.9670,47
349424,0.3686,0.5918,0.0396,44
349481,0.9702,0.0213,0.0084,72
349538,0.0133,0.1362,0.8505,215
349605,0.0048,0.0086,0.9866,30
349620,0.1830,0.3245,0.4926,28
349669,0.0034,0.0107,0.9859,98
349702,0.0094,0.0110,0.9796,26
349722,0.0025,0.0091,0.9884,40
349912,0.0427,0.2200,0.7372,176
350297,0.0048,0.0170,0.9782,114
350359,0.8616,0.1163,0.0220,49
350386,0.8568,0.1351,0.0081,29
350453,0.0042,0.0336,0.9622,344
350521,0.0042,0.0089,0.9870,95
350597,0.0106,0.0282,0.9612,112
350613,0.0269,0.0329,0.9402,48
350654,0.0043,0.0283,0.9674,86
350753,0.9615,0.0291,0.0094,51
350781,0.0045,0.0345,0.9610,58
350785,0.0168,0.1267,0.8565,76
350843,0.0051,0.0095,0.9854,75
351119,0.0995,0.6762,0.2243,53
351129,0.0038,0.0080,0.9881,63
351170,0.1425,0.4065,0.4510,36
351186,0.1641,0.7559,0.0799,76
351200,0.2201,0.6056,0.1743,154
351207,0.9706,0.0202,0.0092,70
351209,0.9473,0.0415,0.0112,92
351263,0.8316,0.1316,0.0369,137
351292,0.0198,0.0472,0.9330,34
351307,0.0037,0.0124,0.9840,44
351441,0.0181,0.0126,0.9692,20
351474,0.0448,0.0636,0.8916,100
351699,0.0031,0.0208,0.9761,61
351777,0.3776,0.2750,0.3475,488
351783,0.0052,0.0157,0.9791,77
351792,0.0544,0.0417,0.9039,38
351794,0.1141,0.8294,0.0565,62
351854,0.0040,0.0089,0.9872,54
351860,0.0101,0.0365,0.9534,211
351926,0.0541,0.3205,0.6255,87
351933,0.0094,0.0156,0.9749,29
352152,0.0191,0.0164,0.9645,92
352212,0.7616,0.2204,0.0180,64
352247,0.0034,0.0190,0.9777,29
352251,0.0026,0.0117,0.9857,79
352559,0.0729,0.2219,0.7052,31
352626,0.0167,0.0385,0.9448,202
352845,0.8080,0.1471,0.0449,166
352999,0.0425,0.0283,0.9292,112
353045,0.0027,0.0099,0.9874,37
353046,0.0032,0.0075,0.9893,31
353063,0.0046,0.0101,0.9853,25
353424,0.0032,0.0080,0.9888,79
353452,0.0048,0.0169,0.9783,58
353485,0.2008,0.6122,0.1870,184
353496,0.0048,0.0117,0.9835,72
353526,0.0035,0.0211,0.9754,35
353553,0.0311,0.1803,0.7886,91
353570,0.1223,0.2357,0.6420,49
353576,0.0352,0.8486,0.1162,241
353578,0.1374,0.8129,0.0497,184
353627,0.0063,0.0978,0.8959,101
353726,0.1776,0.7401,0.0822,207
353770,0.2350,0.7332,0.0318,60
353784,0.0097,0.1556,0.8347,74
353944,0.0832,0.0507,0.8661,285
353969,0.7521,0.1325,0.1154,78
353984,0.0890,0.5662,0.3448,60
353992,0.0446,0.3813,0.5741,46
354117,0.0886,0.5076,0.4038,58
354124,0.9493,0.0431,0.0076,82
354150,0.0058,0.0107,0.9835,30
354294,0.0037,0.0086,0.9877,47
354296,0.0083,0.0152,0.9765,39
354308,0.0037,0.0111,0.9852,102
354318,0.8535,0.1292,0.0173,95
354335,0.0053,0.0095,0.9852,56
354351,0.4876,0.4626,0.0498,50
354650,0.0335,0.0788,0.8877,69
354651,0.0046,0.0159,0.9796,67
354727,0.0209,0.0145,0.9646,117
354734,0.7375,0.2011,0.0614,61
354906,0.2572,0.4324,0.3105,97
354976,0.0142,0.0139,0.9719,23
355112,0.0037,0.0104,0.9859,81
355113,0.0036,0.0089,0.9875,57
355121,0.1337,0.5879,0.2784,215
355155,0.0036,0.0126,0.9838,28
355193,0.0122,0.0459,0.9419,72
355227,0.0204,0.0493,0.9303,113
355280,0.0352,0.2743,0.6905,165
355347,0.0043,0.0114,0.9842,62
355354,0.1249,0.4883,0.3868,73
355360,0.0059,0.0155,0.9786,79
356149,0.0069,0.0100,0.9831,25
356150,0.0039,0.0113,0.9848,108
356215,0.0032,0.0285,0.9683,88
356221,0.0036,0.0341,0.9623,147
356226,0.0027,0.0116,0.9857,25
356520,0.4524,0.5153,0.0323,35
356657,0.0044,0.0092,0.9863,30
356720,0.0043,0.0138,0.9818,32
356750,0.0138,0.0217,0.9646,31
356754,0.0038,0.0137,0.9825,135
356874,0.3565,0.1813,0.4622,65
357085,0.4574,0.3194,0.2232,105
357092,0.1650,0.4532,0.3819,74
357121,0.0178,0.0925,0.8897,162
357322,0.0262,0.0288,0.9451,474
357332,0.0134,0.0381,0.9484,51
357336,0.0039,0.0294,0.9667,48
357343,0.0048,0.0137,0.9815,40
357433,0.0032,0.0083,0.9885,33
357436,0.0046,0.0102,0.9852,27
357457,0.0045,0.0250,0.9705,30
357482,0.0056,0.0254,0.9690,35
357731,0.7684,0.2169,0.0147,67
357924,0.0528,0.1179,0.8293,83
357944,0.0029,0.0140,0.9831,89
357995,0.0034,0.0487,0.9479,34
358336,0.0452,0.1457,0.8091,216
358482,0.4746,0.2208,0.3046,226
358504,0.0089,0.0393,0.9518,67
358516,0.0375,0.1151,0.8474,34
358519,0.2461,0.1671,0.5867,98
358545,0.0083,0.0477,0.9440,95
358564,0.0113,0.0465,0.9422,366
359064,0.7889,0.1455,0.0656,83
359069,0.0446,0.2543,0.7011,167
359150,0.0044,0.0164,0.9792,76
359178,0.0094,0.0109,0.9796,43
359275,0.0059,0.0551,0.9390,124
359853,0.0077,0.0196,0.9726,167
359873,0.6551,0.2330,0.1119,115
359929,0.0070,0.0210,0.9720,91
359933,0.2430,0.0834,0.6736,152
359963,0.0122,0.0746,0.9132,121
359989,0.0104,0.0253,0.9643,34
359999,0.0048,0.0130,0.9823,48
360009,0.0144,0.0479,0.9378,106
360064,0.0078,0.1693,0.8229,95
360066,0.9725,0.0191,0.0084,46
360157,0.0051,0.0108,0.9841,40
360398,0.0029,0.0098,0.9872,46
360416,0.0067,0.0100,0.9834,39
360460,0.9091,0.0695,0.0214,64
360582,0.8348,0.1301,0.0351,105
360590,0.0049,0.0095,0.9856,56
360598,0.0038,0.0089,0.9872,31
360612,0.0284,0.3961,0.5755,50
360668,0.1915,0.7339,0.0746,714
361297,0.0064,0.0198,0.9738,118
361345,0.0034,0.0125,0.9840,130
361422,0.0067,0.0296,0.9637,73
361446,0.6774,0.2230,0.0996,57
361510,0.0451,0.8700,0.0849,71
361545,0.0101,0.0376,0.9524,101
361552,0.0100,0.0381,0.9519,84
361558,0.0054,0.0319,0.9627,377
361575,0.0032,0.0179,0.9789,50
361608,0.8477,0.1442,0.0080,33
362235,0.0103,0.0141,0.9756,65
362236,0.7715,0.1652,0.0632,85
362251,0.6106,0.1940,0.1954,73
362276,0.9408,0.0384,0.0207,64
362334,0.9296,0.0552,0.0152,407
362710,0.0034,0.0138,0.9829,22
362781,0.1352,0.5385,0.3264,192
362856,0.9703,0.0204,0.0093,75
362959,0.0309,0.0860,0.8830,69
363037,0.0029,0.0128,0.9843,34
363049,0.0235,0.0358,0.9408,73
363118,0.0035,0.0282,0.9682,34
363136,0.9453,0.0455,0.0093,38
363193,0.0438,0.4281,0.5281,57
363219,0.0075,0.0100,0.9824,28
363490,0.0057,0.0168,0.9775,124
363530,0.0036,0.0226,0.9737,892
363727,0.0036,0.0195,0.9768,37
363759,0.3821,0.3929,0.2250,41
363839,0.0059,0.0561,0.9380,59
363859,0.0033,0.0120,0.9847,82
364102,0.0095,0.0370,0.9535,382
364138,0.0075,0.1371,0.8554,21
364154,0.0145,0.0211,0.9644,101
364158,0.0177,0.0434,0.9389,121
364160,0.0042,0.0265,0.9693,96
364180,0.0053,0.0100,0.9847,52
364192,0.0341,0.7383,0.2276,86
364219,0.0043,0.0430,0.9526,114
364246,0.4058,0.4118,0.1824,16
364267,0.1653,0.1218,0.7130,135
364284,0.0071,0.0126,0.9803,96
364292,0.0311,0.0340,0.9348,74
365001,0.1096,0.3395,0.5508,98
365010,0.0030,0.0120,0.9850,61
365012,0.2812,0.3154,0.4034,170
365021,0.0041,0.0126,0.9833,179
365024,0.0028,0.0103,0.9869,43
365050,0.0424,0.1890,0.7686,273
365143,0.0039,0.0091,0.9870,89
365240,0.0028,0.0137,0.9834,35
365583,0.9287,0.0602,0.0112,56
365600,0.0032,0.0091,0.9877,54
365624,0.0030,0.0181,0.9788,45
365738,0.0402,0.6805,0.2794,60
365775,0.0189,0.0186,0.9625,27
365895,0.0044,0.0134,0.9821,23
365898,0.0055,0.0083,0.9862,54
366085,0.0141,0.0206,0.9653,94
366093,0.0035,0.0143,0.9822,36
366290,0.0122,0.0157,0.9721,177
366377,0.0225,0.3408,0.6368,96
366388,0.0251,0.1279,0.8469,168
366432,0.4168,0.2579,0.3254,138
366635,0.0028,0.0172,0.9800,37
367054,0.0621,0.6246,0.3134,152
367062,0.0107,0.0166,0.9727,172
367103,0.1462,0.7101,0.1437,34
367125,0.0494,0.3373,0.6134,70
367295,0.0185,0.0362,0.9454,100
367297,0.0153,0.4002,0.5845,98
367322,0.0047,0.0186,0.9767,934
367330,0.7654,0.2248,0.0098,44
367346,0.0077,0.0323,0.9600,62
367436,0.0033,0.0125,0.9842,25
367452,0.0037,0.0101,0.9863,147
367526,0.3665,0.1012,0.5323,227
367575,0.0034,0.0134,0.9831,64
367579,0.0411,0.0520,0.9069,358
367622,0.0032,0.0161,0.9807,53
367633,0.7485,0.1959,0.0556,365
367724,0.0041,0.0125,0.9834,27
367764,0.0030,0.0087,0.9883,70
367771,0.0095,0.1062,0.8843,44
367833,0.0495,0.0271,0.9234,51
367840,0.0069,0.0087,0.9844,58
367853,0.3308,0.5330,0.1362,322
367858,0.0196,0.4880,0.4924,75
367871,0.0027,0.0107,0.9866,45
367873,0.0031,0.0089,0.9880,51
367903,0.0048,0.0100,0.9852,98
367916,0.0032,0.0092,0.9876,50
367964,0.0030,0.0092,0.9877,34
367992,0.0039,0.0119,0.9842,102
367995,0.0037,0.0116,0.9846,56
368028,0.0082,0.0197,0.9722,203
368032,0.0037,0.0083,0.9880,36
368070,0.0052,0.0110,0.9838,47
368156,0.0044,0.0120,0.9836,34
368196,0.8601,0.0680,0.0719,85
368212,0.7420,0.2088,0.0492,89
368265,0.0207,0.0842,0.8952,107
368284,0.0035,0.0152,0.9813,52
368401,0.0029,0.0125,0.9846,38
369188,0.8105,0.1704,0.0191,198
369592,0.5056,0.3739,0.1205,158
369616,0.0216,0.0318,0.9466,80
369629,0.0106,0.0145,0.9749,71
369640,0.0048,0.0412,0.9539,56
369685,0.0152,0.0925,0.8924,109
369701,0.0346,0.1302,0.8352,34
369731,0.0042,0.0127,0.9831,49
369733,0.0386,0.0659,0.8955,118
369943,0.0026,0.0147,0.9827,43
369967,0.0229,0.0819,0.8951,102
369996,0.0027,0.0137,0.9836,35
370100,0.0039,0.0135,0.9826,33
370481,0.0975,0.1272,0.7753,184
370485,0.0050,0.0161,0.9788,85
370488,0.2319,0.4973,0.2708,44
370492,0.0043,0.0364,0.9593,56
370669,0.1172,0.8113,0.0715,43
370723,0.9676,0.0237,0.0087,59
370804,0.0058,0.0130,0.9812,200
371018,0.9574,0.0328,0.0098,30
371146,0.0039,0.0089,0.9872,48
371173,0.0064,0.0582,0.9354,156
371228,0.0070,0.0178,0.9752,36
371318,0.0074,0.0517,0.9409,153
371419,0.9634,0.0252,0.0115,66
371475,0.0064,0.0187,0.9750,58
371511,0.1868,0.0557,0.7576,113
371715,0.1660,0.1556,0.6784,123
371921,0.9540,0.0377,0.0083,231
371933,0.0031,0.0139,0.9830,140
371940,0.0636,0.3998,0.5367,172
371974,0.0033,0.0134,0.9833,82
372027,0.0860,0.8832,0.0307,89
372035,0.1235,0.8058,0.0707,386
372062,0.0036,0.0258,0.9706,82
372082,0.8164,0.1753,0.0083,54
372179,0.0994,0.2041,0.6965,31
372218,0.0038,0.0176,0.9785,74
372290,0.0049,0.0109,0.9842,92
372362,0.0037,0.0170,0.9793,76
372397,0.0036,0.0166,0.9798,101
372444,0.0046,0.0321,0.9632,31
372457,0.3690,0.4452,0.1858,341
372462,0.3743,0.5817,0.0440,125
372473,0.0038,0.0102,0.9860,89
372529,0.0212,0.0704,0.9084,147
372579,0.9345,0.0538,0.0117,577
372591,0.3083,0.5642,0.1275,34
372673,0.9462,0.0472,0.0066,63
372732,0.0043,0.0141,0.9817,22
372758,0.0033,0.0220,0.9746,78
372822,0.0238,0.0472,0.9290,34
372996,0.2270,0.1473,0.6257,33
373067,0.0316,0.1105,0.8579,52
373095,0.0943,0.8570,0.0487,85
373237,0.0088,0.0107,0.9805,46
373257,0.5646,0.2587,0.1767,133
373337,0.8269,0.1603,0.0128,99
373356,0.7693,0.2074,0.0234,151
373393,0.0984,0.8488,0.0528,180
373404,0.0031,0.0278,0.9691,37
373443,0.1856,0.7853,0.0291,101
373478,0.9112,0.0676,0.0211,143
373482,0.9711,0.0204,0.0085,71
373531,0.0174,0.0151,0.9675,66
373541,0.0049,0.0125,0.9826,42
373749,0.5012,0.2424,0.2564,54
373784,0.9033,0.0658,0.0309,278
373803,0.0101,0.0100,0.9799,72
373892,0.0564,0.1152,0.8284,157
373952,0.0109,0.0548,0.9343,217
373954,0.0350,0.0661,0.8989,317
373979,0.9686,0.0222,0.0092,141
374019,0.0029,0.0132,0.9839,103
374058,0.0038,0.0125,0.9838,42
374194,0.0036,0.0095,0.9869,77
374197,0.4239,0.4051,0.1710,366
374474,0.0030,0.0256,0.9714,29
374497,0.0736,0.1278,0.7986,33
374543,0.0044,0.0520,0.9436,111
374562,0.9402,0.0500,0.0097,72
374605,0.0175,0.0312,0.9512,546
374835,0.0140,0.0473,0.9387,99
374950,0.0656,0.1999,0.7346,289
374985,0.0717,0.3745,0.5539,103
375011,0.0072,0.0171,0.9756,42
375063,0.3318,0.6208,0.0474,74
375101,0.8142,0.1472,0.0385,226
375182,0.0180,0.3218,0.6602,45
375236,0.7802,0.1503,0.0695,193
375248,0.0039,0.0130,0.9831,117
375266,0.9707,0.0228,0.0065,60
375392,0.9446,0.0492,0.0062,36
375397,0.0071,0.0187,0.9742,185
375447,0.0039,0.0155,0.9806,72
375451,0.5322,0.2927,0.1751,233
375516,0.0044,0.0093,0.9862,55
375521,0.0026,0.0180,0.9795,42
375561,0.0445,0.7236,0.2320,132
375681,0.0030,0.0076,0.9894,46
375704,0.0040,0.0119,0.9841,43
375789,0.0070,0.1115,0.8815,111
375801,0.8139,0.1652,0.0210,114
375847,0.0027,0.0114,0.9858,100
375884,0.0034,0.0129,0.9836,34
375988,0.0028,0.0156,0.9816,47
376012,0.0564,0.7093,0.2344,24
376029,0.0290,0.0995,0.8716,189
376039,0.0401,0.1772,0.7828,76
376099,0.0259,0.2628,0.7112,31
376142,0.0366,0.0393,0.9241,27
376143,0.9622,0.0303,0.0075,36
376146,0.0036,0.0121,0.9844,79
376162,0.0417,0.1035,0.8548,237
376253,0.0040,0.0087,0.9873,78
376256,0.0032,0.0109,0.9859,53
376276,0.0040,0.0160,0.9799,82
376318,0.0037,0.0243,0.9720,51
376343,0.0467,0.0951,0.8583,64
376374,0.0036,0.0076,0.9888,63
376377,0.3247,0.2361,0.4392,117
376645,0.0778,0.1941,0.7281,64
376697,0.0163,0.4220,0.5618,132
376724,0.0131,0.0155,0.9714,53
376742,0.2603,0.6343,0.1054,30
376804,0.8325,0.1091,0.0585,179
376815,0.2239,0.3283,0.4478,540
377044,0.2235,0.7471,0.0293,114
377117,0.0041,0.0072,0.9887,51
377186,0.0030,0.0100,0.9870,36
377198,0.0051,0.0210,0.9738,28
377219,0.0066,0.0140,0.9795,142
377237,0.0556,0.2056,0.7388,59
377278,0.7205,0.2495,0.0300,33
377364,0.0044,0.0109,0.9847,53
377388,0.0028,0.0112,0.9860,72
377390,0.0711,0.4207,0.5083,62
377420,0.0065,0.0863,0.9072,105
377423,0.0044,0.0202,0.9754,97
377484,0.0083,0.0214,0.9703,59
377498,0.0044,0.0412,0.9544,299
377502,0.0138,0.0185,0.9677,230
377571,0.0139,0.0172,0.9689,116
377602,0.6555,0.3016,0.0428,231
377608,0.0080,0.0521,0.9399,127
377650,0.0060,0.0152,0.9788,90
377700,0.8881,0.0876,0.0243,183
377721,0.0754,0.8728,0.0518,29
377776,0.0380,0.1277,0.8343,315
378573,0.0028,0.0108,0.9864,32
378574,0.0028,0.0101,0.9870,70
378637,0.1738,0.3629,0.4633,194
378867,0.0137,0.0181,0.9682,164
378895,0.0043,0.0131,0.9826,139
378898,0.0064,0.0177,0.9759,74
378941,0.0631,0.0961,0.8408,190
378996,0.0076,0.0210,0.9714,104
379012,0.0033,0.0114,0.9853,32
379053,0.0053,0.0229,0.9718,32
379075,0.0027,0.0153,0.9820,88
379117,0.0032,0.0127,0.9840,27
379740,0.0952,0.2435,0.6613,37
379775,0.0041,0.0088,0.9871,45
379815,0.9519,0.0336,0.0145,79
379934,0.0031,0.0204,0.9765,69
379970,0.0026,0.0131,0.9843,39
380027,0.0034,0.0115,0.9850,28
380033,0.0620,0.0641,0.8739,128
380057,0.0055,0.0116,0.9830,121
380063,0.8312,0.1444,0.0244,162
380078,0.0066,0.0157,0.9777,119
380143,0.0045,0.0150,0.9805,62
380258,0.0474,0.0391,0.9135,313
380302,0.6473,0.3177,0.0350,83
380317,0.0043,0.0090,0.9867,54
380322,0.0041,0.0094,0.9864,41
380692,0.0775,0.1336,0.7889,192
380720,0.0092,0.0544,0.9365,49
380728,0.0051,0.0215,0.9735,109
380768,0.0144,0.1075,0.8781,313
380825,0.0036,0.0295,0.9669,84
380826,0.0146,0.0599,0.9256,149
380836,0.0042,0.0098,0.9860,63
380963,0.0119,0.0247,0.9634,31
380971,0.0038,0.0137,0.9825,54
380991,0.6656,0.3069,0.0276,46
381037,0.0037,0.0301,0.9662,53
381040,0.8637,0.0987,0.0376,48
381086,0.0148,0.0118,0.9734,47
381104,0.8589,0.1273,0.0139,349
381143,0.3996,0.3006,0.2999,132
381188,0.0030,0.0086,0.9884,76
381213,0.0726,0.4346,0.4929,35
381607,0.0027,0.0166,0.9808,100
381610,0.0047,0.0117,0.9835,30
381637,0.0080,0.0229,0.9691,138
381639,0.0111,0.0810,0.9079,298
381733,0.0085,0.0464,0.9451,220
381763,0.1184,0.8506,0.0309,38
381771,0.0120,0.0120,0.9760,46
381780,0.0028,0.0158,0.9814,34
381847,0.4110,0.2507,0.3383,109
381859,0.0027,0.0103,0.9870,61
381865,0.1857,0.5093,0.3050,290
381899,0.0050,0.0158,0.9792,29
381933,0.2880,0.2184,0.4936,67
382028,0.0033,0.0080,0.9887,86
382075,0.0035,0.0086,0.9878,97
382144,0.9530,0.0299,0.0171,305
382169,0.9594,0.0291,0.0115,87
382180,0.0049,0.0098,0.9853,58
382292,0.0098,0.0140,0.9762,218
382310,0.0057,0.0245,0.9699,36
382355,0.9337,0.0551,0.0112,45
382517,0.0054,0.0288,0.9658,756
382529,0.0032,0.0079,0.9889,53
382629,0.0338,0.1459,0.8203,389
382660,0.0053,0.0097,0.9850,112
382755,0.0045,0.0587,0.9368,77
382771,0.0025,0.0114,0.9860,81
382792,0.0061,0.0345,0.9594,150
382946,0.0031,0.0154,0.9815,47
383078,0.9701,0.0221,0.0078,61
383116,0.0058,0.0187,0.9755,101
383167,0.0037,0.0103,0.9860,47
383180,0.0189,0.0984,0.8827,65
383198,0.9555,0.0373,0.0072,51
383286,0.0030,0.0099,0.9871,49
383364,0.0037,0.0151,0.9812,97
383848,0.0234,0.0674,0.9092,31
384042,0.0044,0.0126,0.9830,45
384051,0.2373,0.5382,0.2245,454
384084,0.0033,0.0102,0.9865,167
384087,0.0055,0.0103,0.9843,37
384097,0.0031,0.0124,0.9845,45
384125,0.7385,0.1929,0.0686,257
384140,0.1205,0.3990,0.4805,167
384176,0.0097,0.2250,0.7653,113
384213,0.2861,0.5771,0.1368,31
384222,0.9608,0.0296,0.0096,59
384239,0.8771,0.1086,0.0143,43
384264,0.0054,0.0164,0.9782,113
384362,0.0041,0.0083,0.9877,21
384424,0.0032,0.0115,0.9853,43
384467,0.2018,0.3345,0.4637,100
384503,0.0140,0.0111,0.9750,32
384701,0.6467,0.2290,0.1243,141
384716,0.8843,0.0965,0.0191,115
384724,0.1446,0.1772,0.6782,233
384769,0.0032,0.0134,0.9834,35
384789,0.0041,0.0243,0.9716,36
384843,0.8050,0.1748,0.0202,41
384850,0.8743,0.0997,0.0260,49
384886,0.9500,0.0429,0.0071,39
384913,0.0056,0.0438,0.9506,136
384965,0.0044,0.0275,0.9681,81
384999,0.0458,0.7680,0.1862,31
385370,0.0066,0.0308,0.9626,149
385446,0.0051,0.0147,0.9802,161
385474,0.9443,0.0360,0.0197,25
385475,0.2781,0.2467,0.4753,72
385491,0.9529,0.0326,0.0146,142
385492,0.0027,0.0135,0.9837,161
385544,0.0083,0.0193,0.9724,97
385565,0.1110,0.3507,0.5383,124
385584,0.0200,0.0138,0.9663,63
385727,0.0090,0.0300,0.9610,28
385834,0.0038,0.0128,0.9834,70
386199,0.8109,0.1564,0.0326,46
386451,0.1183,0.8350,0.0467,39
386573,0.0028,0.0091,0.9882,46
386603,0.1370,0.0940,0.7689,110
386741,0.0136,0.0709,0.9155,63
386786,0.3986,0.3471,0.2542,86
386857,0.0050,0.0103,0.9847,49
386900,0.8238,0.0996,0.0765,213
386941,0.0075,0.0136,0.9789,130
386947,0.0043,0.0096,0.9862,57
387130,0.0623,0.4913,0.4464,127
387192,0.0033,0.0124,0.9843,86
387210,0.0046,0.0090,0.9864,49
387316,0.0305,0.0589,0.9106,510
387377,0.0070,0.0141,0.9789,30
387411,0.0051,0.0137,0.9812,128
387468,0.0041,0.0182,0.9777,75
387525,0.1038,0.4218,0.4743,126
387565,0.6384,0.1329,0.2287,139
387569,0.0291,0.4678,0.5031,112
387590,0.0031,0.0090,0.9879,43
387635,0.9609,0.0270,0.0121,75
387716,0.9388,0.0393,0.0219,90
387731,0.0068,0.0135,0.9797,55
387884,0.0045,0.0076,0.9879,43
387893,0.0040,0.0111,0.9849,154
387906,0.1656,0.7363,0.0981,258
387920,0.0042,0.0323,0.9634,75
387944,0.0077,0.0472,0.9451,92
387960,0.0074,0.0475,0.9451,155
388003,0.0103,0.0284,0.9613,59
388004,0.0146,0.1489,0.8366,209
388232,0.0303,0.4952,0.4744,75
388247,0.0033,0.0238,0.9729,72
388263,0.4080,0.5248,0.0672,38
388298,0.0046,0.0118,0.9835,35
388331,0.0028,0.0142,0.9829,85
388337,0.0029,0.0154,0.9817,42
388382,0.0374,0.1042,0.8584,30
388383,0.0052,0.0094,0.9855,62
388494,0.0052,0.0160,0.9787,137
388797,0.0038,0.0255,0.9707,36
388813,0.0037,0.0113,0.9850,123
388886,0.0327,0.1833,0.7840,48
388919,0.0079,0.0666,0.9255,259
388932,0.0051,0.0076,0.9873,28
388976,0.0057,0.0309,0.9633,46
389068,0.0134,0.0761,0.9105,415
389070,0.3251,0.5256,0.1493,199
389131,0.9344,0.0582,0.0074,74
389135,0.0043,0.0080,0.9878,24
389175,0.0037,0.0082,0.9881,59
389176,0.0056,0.0134,0.9810,51
389240,0.0176,0.1268,0.8557,124
389255,0.0027,0.0108,0.9865,48
389322,0.0040,0.0204,0.9755,117
389340,0.9417,0.0512,0.0071,57
389348,0.0091,0.0471,0.9438,136
389468,0.0123,0.0235,0.9642,73
389482,0.0296,0.2727,0.6977,40
389483,0.0583,0.2149,0.7269,200
389497,0.7196,0.1509,0.1296,51
389623,0.9254,0.0639,0.0107,48
389628,0.0036,0.0132,0.9832,30
389634,0.0040,0.0106,0.9853,45
389756,0.2890,0.2021,0.5089,127
389782,0.6385,0.2671,0.0944,24
389808,0.0031,0.0121,0.9848,52
389972,0.0395,0.1485,0.8120,194
390025,0.0109,0.0510,0.9380,171
390109,0.8379,0.1201,0.0420,73
390113,0.0089,0.0391,0.9520,140
390216,0.1224,0.7059,0.1717,187
390217,0.0039,0.0168,0.9793,95
390240,0.3610,0.4190,0.2199,84
390269,0.0098,0.0584,0.9318,31
390337,0.9654,0.0284,0.0063,51
390459,0.0388,0.4159,0.5453,104
390517,0.0030,0.0102,0.9869,146
390523,0.0079,0.0123,0.9798,125
390537,0.0285,0.0759,0.8956,23
390560,0.0029,0.0089,0.9882,31
390572,0.0048,0.0085,0.9867,50
390597,0.2336,0.6813,0.0851,66
390828,0.5203,0.4683,0.0114,28
390985,0.0076,0.0086,0.9838,85
391006,0.0057,0.0291,0.9652,47
391011,0.0067,0.0127,0.9806,107
391013,0.0043,0.0092,0.9865,35
391036,0.0056,0.0298,0.9645,70
391041,0.0067,0.0280,0.9653,29
391044,0.0050,0.0117,0.9834,40
391096,0.1327,0.2971,0.5702,64
391143,0.0041,0.0125,0.9835,30
391177,0.0660,0.8306,0.1034,129
391351,0.0031,0.0185,0.9783,25
391425,0.0030,0.0114,0.9856,38
391447,0.0114,0.0115,0.9770,85
391551,0.8405,0.1481,0.0114,60
391705,0.0047,0.0178,0.9775,70
391709,0.1126,0.4987,0.3888,26
392049,0.0046,0.0102,0.9852,53
392052,0.9431,0.0485,0.0084,127
392154,0.0165,0.0165,0.9670,41
392232,0.8176,0.1633,0.0191,120
392468,0.0035,0.0130,0.9835,50
392635,0.0032,0.0103,0.9865,34
392636,0.0156,0.0314,0.9530,134
392695,0.0981,0.1014,0.8005,22
392753,0.0052,0.0130,0.9818,131
392762,0.0338,0.0775,0.8888,100
393315,0.5910,0.2942,0.1148,121
393453,0.0049,0.0115,0.9835,32
393472,0.0076,0.0261,0.9663,34
393497,0.0049,0.0492,0.9459,72
393506,0.0099,0.0590,0.9311,128
393654,0.0037,0.0099,0.9863,52
393723,0.0226,0.3239,0.6534,233
393760,0.7722,0.2140,0.0137,207
393766,0.0954,0.1984,0.7061,92
393873,0.2419,0.1350,0.6231,37
393899,0.9633,0.0271,0.0096,35
393912,0.7246,0.1271,0.1482,427
393932,0.0092,0.0785,0.9123,33
394217,0.0092,0.0158,0.9750,73
394288,0.8394,0.1318,0.0288,45
394320,0.0030,0.0085,0.9884,33
394382,0.0254,0.5544,0.4202,76
394437,0.0217,0.0981,0.8801,51
394465,0.0054,0.0202,0.9745,57
394480,0.0029,0.0075,0.9896,61
394803,0.0039,0.0106,0.9855,50
395138,0.1014,0.6603,0.2383,284
395196,0.7895,0.1680,0.0425,65
395198,0.0051,0.0087,0.9862,50
395204,0.0031,0.0079,0.9891,39
395298,0.0045,0.0106,0.9849,24
395301,0.0395,0.0764,0.8841,76
395349,0.0041,0.0103,0.9856,40
395407,0.0530,0.1791,0.7679,93
395409,0.0251,0.0533,0.9216,84
395471,0.0028,0.0087,0.9884,54
395560,0.0072,0.0365,0.9562,64
395694,0.0033,0.0082,0.9885,40
395750,0.0046,0.0479,0.9475,117
395930,0.0047,0.0130,0.9823,44
395962,0.0061,0.0085,0.9854,56
395965,0.0035,0.0197,0.9768,29
395989,0.3009,0.3071,0.3920,107
396026,0.0036,0.0148,0.9816,74
396182,0.2100,0.7591,0.0309,52
396222,0.0031,0.0112,0.9856,114
396322,0.0039,0.0166,0.9795,32
396349,0.0040,0.0112,0.9848,54
396412,0.0027,0.0179,0.9794,208
396470,0.2465,0.1513,0.6022,52
396497,0.0055,0.0221,0.9723,190
396564,0.0080,0.0445,0.9475,95
396640,0.4364,0.5427,0.0209,63
396647,0.0643,0.1781,0.7575,80
396689,0.0026,0.0163,0.9810,58
396701,0.0063,0.0194,0.9743,121
396751,0.7765,0.1856,0.0379,188
396789,0.0061,0.0092,0.9847,39
396879,0.0044,0.0243,0.9713,45
396966,0.0541,0.1570,0.7890,49
396967,0.0042,0.0113,0.9845,109
396969,0.2275,0.1961,0.5764,153
397032,0.0124,0.1067,0.8809,53
397054,0.6125,0.3695,0.0179,64
397192,0.0078,0.0407,0.9515,30
397213,0.0051,0.0084,0.9865,33
397275,0.0073,0.0582,0.9345,100
397278,0.0067,0.0138,0.9795,208
397331,0.0113,0.0860,0.9027,49
397375,0.0078,0.0158,0.9764,125
397486,0.0028,0.0091,0.9881,216
397489,0.0030,0.0156,0.9814,52
397807,0.0176,0.3413,0.6411,48
397854,0.0048,0.0115,0.9837,34
397939,0.0104,0.0252,0.9645,130
397950,0.0041,0.0263,0.9695,105
397954,0.0031,0.0205,0.9764,102
398013,0.0034,0.0100,0.9866,81
398044,0.0033,0.0185,0.9782,152
398133,0.0029,0.0147,0.9825,72
398146,0.0046,0.0270,0.9685,181
398169,0.9538,0.0248,0.0214,52
398194,0.0026,0.0146,0.9828,84
398370,0.0025,0.0175,0.9800,57
398384,0.0038,0.0163,0.9799,129
398476,0.0044,0.0113,0.9843,59
398517,0.1891,0.5918,0.2191,95
398529,0.0239,0.1637,0.8124,43
398544,0.1066,0.2242,0.6692,35
398573,0.1686,0.5525,0.2790,271
398966,0.0187,0.0482,0.9331,105
399034,0.9477,0.0358,0.0164,191
399240,0.0511,0.9047,0.0442,120
399248,0.0028,0.0136,0.9836,51
399251,0.0336,0.2096,0.7568,455
399255,0.0054,0.0102,0.9844,62
399277,0.0095,0.0156,0.9749,66
399285,0.0246,0.0641,0.9113,212
399338,0.0183,0.1840,0.7977,90
399404,0.0027,0.0099,0.9874,33
399416,0.8502,0.1361,0.0137,25
399474,0.3368,0.5715,0.0917,61
399485,0.0043,0.0179,0.9778,275
399490,0.9174,0.0535,0.0290,132
399795,0.0479,0.3849,0.5672,301
399882,0.0486,0.5630,0.3884,284
399891,0.5570,0.4177,0.0253,276
399894,0.0054,0.0160,0.9786,102
399979,0.0032,0.0093,0.9876,79
399994,0.0034,0.0192,0.9774,100
400050,0.0047,0.0497,0.9457,123
400059,0.0045,0.0155,0.9799,89
400060,0.0599,0.8505,0.0896,214
400070,0.0036,0.0249,0.9715,218
400181,0.0813,0.4571,0.4616,83
400211,0.0036,0.0290,0.9674,97
400244,0.5381,0.4150,0.0468,172
400302,0.0036,0.0233,0.9732,60
400340,0.0039,0.0152,0.9809,27
400398,0.0054,0.0120,0.9827,208
400419,0.0031,0.0119,0.9850,82
400432,0.0036,0.0259,0.9705,124
400437,0.0096,0.0163,0.9741,132
400515,0.0282,0.0816,0.8902,113
400546,0.0872,0.0718,0.8410,343
400591,0.6227,0.1495,0.2278,85
400626,0.0088,0.0571,0.9341,168
400711,0.0188,0.0204,0.9609,109
400780,0.0092,0.0103,0.9805,30
400788,0.1564,0.6953,0.1483,141
400805,0.3336,0.2097,0.4567,260
400815,0.2940,0.2321,0.4739,256
400817,0.0069,0.0238,0.9693,89
400836,0.2561,0.5177,0.2261,123
400852,0.7923,0.1664,0.0413,74
400853,0.3104,0.3097,0.3799,105
400887,0.1048,0.3194,0.5758,138
400908,0.9397,0.0520,0.0083,134
400979,0.1517,0.8002,0.0481,155
401060,0.0039,0.0078,0.9883,53
401082,0.0049,0.0196,0.9755,283
401084,0.0074,0.1364,0.8562,101
401243,0.0101,0.0168,0.9731,65
401254,0.0680,0.8141,0.1178,36
401661,0.8866,0.0904,0.0230,372
401666,0.0125,0.0331,0.9544,101
401678,0.0037,0.0081,0.9881,41
401682,0.7678,0.2177,0.0144,52
401698,0.0084,0.0640,0.9277,27
401705,0.0197,0.3271,0.6532,84
401771,0.1553,0.2511,0.5936,42
401894,0.0058,0.0265,0.9677,144
401898,0.9182,0.0607,0.0211,125
401901,0.0026,0.0093,0.9880,52
401929,0.0952,0.1489,0.7559,64
401946,0.0138,0.0200,0.9662,206
401987,0.0040,0.0118,0.9842,112
402002,0.0031,0.0099,0.9870,47
402238,0.0047,0.0138,0.9815,42
402267,0.9671,0.0249,0.0079,51
402395,0.0028,0.0161,0.9811,216
402404,0.0212,0.0610,0.9178,135
402639,0.0039,0.0121,0.9840,103
402643,0.0051,0.0176,0.9774,34
402649,0.0247,0.0355,0.9398,46
402681,0.0037,0.0190,0.9773,130
402713,0.0052,0.0203,0.9745,254
402721,0.0032,0.0162,0.9806,74
402733,0.0057,0.0183,0.9760,128
402814,0.9030,0.0855,0.0116,46
402872,0.9123,0.0752,0.0125,30
402911,0.0197,0.0493,0.9310,57
403059,0.9503,0.0295,0.0202,455
403062,0.0028,0.0089,0.9883,28
403072,0.6141,0.1780,0.2079,23
403498,0.9456,0.0453,0.0091,85
403500,0.0033,0.0194,0.9773,138
403609,0.7766,0.1573,0.0661,119
403808,0.0230,0.0175,0.9595,102
404177,0.0042,0.0079,0.9879,33
404192,0.1984,0.5981,0.2035,124
404209,0.0060,0.0425,0.9516,66
404246,0.0080,0.0171,0.9750,112
404322,0.3208,0.4608,0.2185,203
404408,0.0085,0.0236,0.9679,160
404435,0.0040,0.0181,0.9779,32
404437,0.0076,0.0135,0.9788,43
404444,0.1629,0.0792,0.7578,73
404505,0.0078,0.0149,0.9773,43
404520,0.0035,0.0104,0.9861,39
404633,0.0034,0.0120,0.9846,105
404661,0.0035,0.0114,0.9852,47
404720,0.1322,0.8218,0.0460,41
404756,0.0038,0.0079,0.9884,52
404763,0.0035,0.0369,0.9595,31
404793,0.6124,0.2586,0.1291,49
404831,0.6120,0.3717,0.0163,116
404874,0.0037,0.0103,0.9860,40
404911,0.0130,0.0311,0.9559,28
405086,0.0028,0.0091,0.9882,39
405130,0.0040,0.0204,0.9756,33
405169,0.0183,0.0465,0.9353,66
405173,0.0114,0.0264,0.9622,205
405181,0.0045,0.0186,0.9769,25
405202,0.1514,0.7869,0.0617,59
405817,0.9633,0.0285,0.0082,36
405831,0.5980,0.1315,0.2705,77
405833,0.0093,0.0244,0.9663,121
405845,0.1936,0.6894,0.1170,75
405949,0.0031,0.0160,0.9809,93
406019,0.0045,0.0094,0.9861,74
406185,0.0033,0.0086,0.9881,47
406208,0.8937,0.1002,0.0061,34
406229,0.0028,0.0109,0.9862,116
406258,0.0098,0.0237,0.9665,40
406303,0.0040,0.0110,0.9850,46
406347,0.0059,0.0160,0.9781,71
406360,0.0037,0.0172,0.9791,100
406366,0.9091,0.0842,0.0067,50
406374,0.0032,0.0231,0.9737,63
406392,0.0075,0.0114,0.9811,54
406486,0.9730,0.0178,0.0092,35
406545,0.6934,0.2865,0.0201,141
406626,0.3728,0.1634,0.4638,73
406650,0.0232,0.2397,0.7371,389
406663,0.0024,0.0133,0.9843,164
406697,0.0049,0.0128,0.9823,105
406713,0.0085,0.0128,0.9787,25
406798,0.3935,0.4179,0.1886,104
406855,0.0081,0.0141,0.9778,33
406870,0.0034,0.0223,0.9743,47
407029,0.8177,0.1256,0.0567,46
407045,0.0189,0.3797,0.6013,142
407054,0.0236,0.0302,0.9461,117
407109,0.0125,0.0459,0.9416,53
407136,0.0171,0.0556,0.9273,209
407147,0.5087,0.4727,0.0186,41
407278,0.9377,0.0505,0.0119,35
407292,0.8764,0.0887,0.0349,162
407312,0.9663,0.0253,0.0084,103
407417,0.0032,0.0094,0.9874,50
407421,0.0028,0.0113,0.9859,40
407424,0.0092,0.0230,0.9679,59
407449,0.2433,0.6010,0.1557,631
407460,0.5996,0.2090,0.1914,315
407530,0.0047,0.0099,0.9854,29
407537,0.0033,0.0114,0.9853,79
407540,0.4249,0.4891,0.0860,607
407571,0.0030,0.0244,0.9726,45
407631,0.8038,0.1372,0.0590,141
407756,0.0050,0.0092,0.9858,110
407982,0.0027,0.0129,0.9844,26
408000,0.0475,0.0903,0.8622,140
408115,0.0596,0.2486,0.6918,132
408239,0.9243,0.0678,0.0079,94
408242,0.9077,0.0811,0.0112,214
408323,0.0031,0.0110,0.9859,58
408575,0.3657,0.3071,0.3273,82
408635,0.0266,0.0363,0.9371,51
408703,0.9650,0.0264,0.0086,67
408716,0.7765,0.1757,0.0478,157
408788,0.0218,0.0880,0.8902,87
409000,0.1644,0.7225,0.1130,91
409070,0.0766,0.2630,0.6604,163
409151,0.9631,0.0295,0.0074,227
409155,0.9450,0.0349,0.0201,89
409179,0.0708,0.4299,0.4993,292
409273,0.9446,0.0369,0.0185,72
409292,0.0392,0.2136,0.7472,67
409540,0.5831,0.3343,0.0826,206
409599,0.2173,0.6524,0.1303,93
409696,0.1989,0.6866,0.1146,37
409698,0.2059,0.6170,0.1771,83
409715,0.0038,0.0090,0.9872,60
409722,0.0064,0.0083,0.9853,31
409740,0.0044,0.0096,0.9860,32
409748,0.4630,0.3757,0.1614,66
409889,0.0057,0.0601,0.9342,20
409998,0.0064,0.0915,0.9021,111
410040,0.0581,0.8815,0.0603,42
410041,0.0116,0.2193,0.7690,32
410051,0.0205,0.2591,0.7204,91
410062,0.0031,0.0124,0.9846,37
410403,0.0057,0.0794,0.9150,159
410415,0.0124,0.0248,0.9628,93
410465,0.9645,0.0281,0.0074,29
410474,0.7539,0.2338,0.0123,106
410494,0.2515,0.7164,0.0321,252
410514,0.3117,0.3620,0.3263,91
410540,0.0209,0.2794,0.6997,113
410577,0.0033,0.0343,0.9624,31
410657,0.0037,0.0152,0.9810,68
410684,0.0072,0.0104,0.9823,186
410703,0.0040,0.0131,0.9829,40
410966,0.0082,0.0118,0.9800,127
411000,0.6115,0.1829,0.2056,121
411092,0.0044,0.0091,0.9865,47
411216,0.0060,0.0163,0.9777,59
411235,0.9640,0.0257,0.0103,45
411260,0.0032,0.0077,0.9890,34
411287,0.0131,0.1983,0.7885,92
411289,0.0031,0.0116,0.9853,80
411538,0.4440,0.1377,0.4183,134
411559,0.0104,0.0128,0.9769,115
411565,0.0045,0.0306,0.9649,50
411704,0.0292,0.1631,0.8077,185
411714,0.2513,0.2100,0.5387,73
411716,0.0033,0.0110,0.9858,52
411939,0.1295,0.4728,0.3977,97
412211,0.0609,0.1186,0.8205,41
412219,0.0074,0.0369,0.9558,71
412346,0.0046,0.0146,0.9808,80
412413,0.0077,0.0243,0.9680,66
412624,0.0037,0.0296,0.9667,32
412667,0.0047,0.0242,0.9711,92
412671,0.9671,0.0204,0.0125,55
412699,0.0038,0.0240,0.9722,74
412801,0.0029,0.0099,0.9871,37
412838,0.9408,0.0528,0.0064,66
412939,0.0052,0.0114,0.9834,59
412957,0.0033,0.0140,0.9826,47
412967,0.9707,0.0218,0.0075,146
412969,0.9312,0.0522,0.0166,255
413035,0.0091,0.0112,0.9798,28
413261,0.0133,0.0570,0.9297,179
413266,0.9581,0.0353,0.0066,46
413303,0.0630,0.0996,0.8374,550
413372,0.0084,0.0364,0.9552,44
413379,0.0146,0.1588,0.8266,52
413382,0.0056,0.0205,0.9739,88
413484,0.9495,0.0327,0.0178,60
414113,0.0047,0.0108,0.9845,45
414143,0.8711,0.1032,0.0257,53
414144,0.4005,0.5543,0.0452,144
414316,0.0680,0.2741,0.6579,130
414386,0.0049,0.0094,0.9857,32
414390,0.1551,0.3398,0.5051,150
414456,0.0029,0.0128,0.9844,44
414486,0.5299,0.1481,0.3220,69
414511,0.0110,0.0109,0.9781,53
414583,0.0305,0.0266,0.9429,85
414590,0.0039,0.0123,0.9838,66
415004,0.0121,0.0248,0.9631,92
415043,0.0032,0.0136,0.9832,433
415088,0.0039,0.0098,0.9864,186
415190,0.0029,0.0157,0.9813,48
415225,0.0058,0.0580,0.9361,96
415260,0.0738,0.1749,0.7513,149
415277,0.0056,0.0172,0.9771,114
415307,0.0055,0.0089,0.9856,87
415330,0.2459,0.4379,0.3162,32
415434,0.3496,0.6319,0.0185,46
415440,0.1444,0.7653,0.0904,592
415441,0.0370,0.3480,0.6149,211
415470,0.1241,0.1121,0.7638,31
415524,0.0423,0.0318,0.9259,84
415569,0.0049,0.0184,0.9767,39
415628,0.0029,0.0127,0.9844,202
415693,0.0183,0.0226,0.9591,252
415735,0.0257,0.0547,0.9196,158
415752,0.0031,0.0140,0.9829,115
415772,0.0957,0.8571,0.0473,342
415779,0.0029,0.0130,0.9841,84
415915,0.0168,0.0379,0.9454,104
415957,0.0030,0.0137,0.9833,42
415964,0.0048,0.0230,0.9722,35
415967,0.3922,0.5852,0.0225,20
416000,0.0032,0.0103,0.9865,24
416210,0.4037,0.3978,0.1985,186
416331,0.0048,0.0090,0.9863,33
416409,0.1848,0.7731,0.0421,60
416466,0.0207,0.0222,0.9570,115
416495,0.0115,0.0176,0.9709,324
416619,0.0115,0.0288,0.9597,86
416710,0.1134,0.6600,0.2266,196
416755,0.0533,0.1398,0.8069,92
416778,0.7914,0.1919,0.0167,27
416948,0.8922,0.0996,0.0082,48
417054,0.0055,0.0138,0.9807,39
417061,0.0044,0.0110,0.9847,45
417148,0.0035,0.0084,0.9882,47
417183,0.0960,0.7204,0.1836,162
417221,0.0044,0.0212,0.9744,31
417238,0.0033,0.0126,0.9840,24
417278,0.0957,0.1487,0.7556,91
417327,0.0645,0.8323,0.1032,329
417338,0.9601,0.0338,0.0061,81
417389,0.0036,0.0093,0.9871,55
417433,0.0223,0.0653,0.9124,117
417439,0.0063,0.0130,0.9807,44
417758,0.0033,0.0077,0.9889,97
418056,0.4424,0.2737,0.2839,41
418138,0.0136,0.0253,0.9612,59
418145,0.7830,0.2000,0.0170,223
418151,0.2671,0.4119,0.3211,62
418222,0.0028,0.0089,0.9883,27
418230,0.0025,0.0131,0.9843,40
418233,0.0623,0.1083,0.8294,117
418511,0.0514,0.1024,0.8462,279
418528,0.0037,0.0136,0.9827,30
418571,0.8909,0.0981,0.0110,54
418729,0.1087,0.0567,0.8346,73
418840,0.0038,0.0117,0.9844,24
418854,0.0054,0.0145,0.9801,21
418861,0.9551,0.0327,0.0122,34
418918,0.9747,0.0176,0.0077,37
419183,0.0047,0.0268,0.9685,89
419854,0.0100,0.0268,0.9632,318
419938,0.0065,0.0178,0.9758,204
419945,0.0116,0.0464,0.9420,32
420040,0.0041,0.0096,0.9863,68
420143,0.0035,0.0100,0.9866,31
420148,0.0037,0.0303,0.9660,27
420159,0.0674,0.8849,0.0477,121
420701,0.5362,0.4117,0.0521,94
420963,0.0040,0.0108,0.9852,68
420966,0.2000,0.1813,0.6187,112
421062,0.4347,0.3154,0.2500,616
421172,0.0031,0.0183,0.9786,61
421349,0.0059,0.0423,0.9517,50
421364,0.0050,0.0101,0.9849,31
421402,0.0607,0.2541,0.6853,71
421631,0.1323,0.8340,0.0336,185
421711,0.0031,0.0090,0.9879,29
421721,0.1850,0.1247,0.6902,62
421724,0.6432,0.1439,0.2129,87
421728,0.5995,0.3665,0.0340,66
421822,0.0055,0.0322,0.9624,29
421838,0.0735,0.8132,0.1133,111
421861,0.0046,0.0099,0.9854,137
421893,0.0047,0.0088,0.9865,71
422254,0.7457,0.2113,0.0430,493
422256,0.0106,0.0979,0.8915,56
422375,0.0048,0.0206,0.9746,145
422382,0.0027,0.0101,0.9872,108
422386,0.9515,0.0398,0.0087,150
422399,0.0201,0.0216,0.9583,126
422424,0.0056,0.0098,0.9846,77
422495,0.4450,0.5110,0.0440,35
422512,0.0055,0.0209,0.9737,84
422520,0.3874,0.4292,0.1834,195
422548,0.2009,0.7715,0.0276,181
422617,0.0036,0.0110,0.9854,55
422628,0.0739,0.5366,0.3895,52
422681,0.0041,0.0109,0.9850,26
422868,0.0065,0.0176,0.9759,75
422870,0.0040,0.0083,0.9877,46
423023,0.0105,0.0353,0.9543,107
423031,0.0028,0.0096,0.9877,48
423116,0.1783,0.5540,0.2676,59
423130,0.0128,0.0645,0.9227,111
423139,0.9247,0.0499,0.0254,41
423143,0.1525,0.2498,0.5977,46
423207,0.0026,0.0137,0.9837,61
423226,0.0035,0.0100,0.9865,59
423281,0.1651,0.8058,0.0291,68
423580,0.8167,0.1240,0.0593,465
423670,0.0539,0.1013,0.8448,158
423676,0.0609,0.1193,0.8198,292
423700,0.2218,0.0772,0.7011,186
423707,0.0055,0.0139,0.9807,71
423730,0.0048,0.0154,0.9799,38
423744,0.0032,0.0207,0.9760,36
423832,0.9579,0.0299,0.0122,40
423890,0.0115,0.0286,0.9599,296
423910,0.1340,0.0574,0.8086,52
423945,0.0034,0.0089,0.9877,28
423974,0.0041,0.0130,0.9829,51
423996,0.0578,0.0734,0.8688,55
423997,0.0030,0.0108,0.9862,36
424147,0.6784,0.1944,0.1272,30
424148,0.0033,0.0234,0.9733,67
424296,0.0673,0.0807,0.8521,166
424329,0.0065,0.0265,0.9670,35
424397,0.9734,0.0193,0.0073,41
424467,0.0055,0.0146,0.9799,107
424471,0.0343,0.6676,0.2980,327
424473,0.0033,0.0174,0.9793,85
424475,0.0044,0.0107,0.9849,53
424493,0.9561,0.0368,0.0070,80
424514,0.0125,0.0887,0.8988,66
424607,0.8373,0.1513,0.0115,145
424623,0.0029,0.0125,0.9847,42
424653,0.0062,0.0105,0.9833,32
424696,0.7488,0.2218,0.0294,173
424843,0.0028,0.0196,0.9775,126
424847,0.0198,0.1664,0.8138,385
424849,0.0444,0.5937,0.3618,255
424884,0.3412,0.6322,0.0266,195
424945,0.0037,0.0325,0.9638,219
424976,0.0051,0.0338,0.9611,45
424998,0.0863,0.8041,0.1096,87
425149,0.0070,0.0949,0.8981,60
425258,0.0250,0.2556,0.7193,164
425352,0.0036,0.0087,0.9877,97
425375,0.9458,0.0463,0.0079,76
425446,0.0074,0.0077,0.9849,20
425497,0.0054,0.0128,0.9819,31
426127,0.0439,0.1549,0.8012,313
426149,0.0038,0.0213,0.9749,79
426202,0.0547,0.1416,0.8037,52
426239,0.2004,0.6020,0.1976,109
426287,0.0068,0.0589,0.9343,52
426387,0.2554,0.7118,0.0328,28
426392,0.0032,0.0079,0.9889,30
426437,0.0421,0.0481,0.9098,140
426551,0.0801,0.0526,0.8673,250
426602,0.2889,0.6355,0.0756,95
426605,0.0039,0.0114,0.9846,116
426802,0.0032,0.0085,0.9883,54
426814,0.0259,0.0568,0.9173,50
426852,0.9736,0.0188,0.0076,90
426857,0.1130,0.5429,0.3440,456
426869,0.0228,0.1247,0.8525,125
426878,0.0272,0.0805,0.8923,170
426938,0.0034,0.0398,0.9568,32
426940,0.0043,0.0445,0.9511,104
426950,0.0430,0.4738,0.4832,53
426959,0.0050,0.0148,0.9803,88
426990,0.0132,0.0468,0.9400,133
427028,0.4435,0.4540,0.1025,40
427154,0.1559,0.1133,0.7308,206
427225,0.0036,0.0153,0.9811,39
427237,0.0046,0.0140,0.9814,20
427257,0.0028,0.0102,0.9870,45
427260,0.0039,0.0180,0.9782,59
427302,0.0036,0.0086,0.9877,49
427313,0.9397,0.0519,0.0083,90
427362,0.9630,0.0302,0.0068,98
427401,0.0031,0.0089,0.9880,46
427427,0.0062,0.0090,0.9848,88
427511,0.0066,0.0260,0.9673,92
427519,0.0134,0.1615,0.8252,322
427613,0.0088,0.0122,0.9790,34
427619,0.0231,0.2137,0.7632,155
427621,0.7961,0.1917,0.0123,75
427657,0.1198,0.8555,0.0248,40
427942,0.9726,0.0191,0.0083,31
427983,0.1579,0.6616,0.1804,32
427985,0.0109,0.1445,0.8447,136
427989,0.0089,0.0238,0.9673,143
428024,0.0784,0.2749,0.6467,38
428095,0.0814,0.6754,0.2432,87
428102,0.0254,0.0177,0.9569,26
428134,0.9113,0.0797,0.0090,220
428165,0.0025,0.0101,0.9874,97
428210,0.0034,0.0099,0.9868,42
428280,0.9636,0.0295,0.0069,35
428291,0.9699,0.0214,0.0088,45
428978,0.0031,0.0185,0.9784,35
429031,0.2047,0.0641,0.7312,32
429048,0.9053,0.0859,0.0088,111
429341,0.0046,0.0124,0.9829,42
429349,0.0054,0.0756,0.9190,67
429377,0.0088,0.0240,0.9672,84
429387,0.7974,0.1760,0.0266,63
429451,0.0234,0.4377,0.5389,55
429463,0.0067,0.0343,0.9590,114
429518,0.8762,0.0705,0.0533,57
429529,0.0045,0.0103,0.9852,30
429631,0.0043,0.0171,0.9786,73
429669,0.3393,0.6371,0.0236,106
429733,0.0056,0.0388,0.9555,26
429782,0.0111,0.0136,0.9753,60
429799,0.0043,0.0193,0.9764,70
429839,0.0073,0.0492,0.9435,180
430014,0.0118,0.0481,0.9401,40
430089,0.0380,0.6487,0.3133,38
430159,0.7705,0.1078,0.1217,28
430526,0.9693,0.0217,0.0089,83
430620,0.0037,0.0094,0.9868,70
430637,0.0413,0.0821,0.8765,90
430688,0.0131,0.0544,0.9325,22
430747,0.0178,0.1160,0.8662,105
430763,0.0045,0.0099,0.9855,29
431229,0.0132,0.1196,0.8672,30
431287,0.0736,0.5692,0.3572,427
431289,0.0435,0.8247,0.1318,142
431291,0.0482,0.1578,0.7940,56
431296,0.0064,0.0527,0.9409,108
431459,0.0107,0.0332,0.9561,91
431542,0.0033,0.0081,0.9886,64
431545,0.0713,0.8318,0.0969,89
431581,0.0211,0.2793,0.6996,156
431586,0.1422,0.3218,0.5359,120
431618,0.0100,0.0216,0.9684,140
431634,0.0033,0.0093,0.9874,154
431672,0.9154,0.0663,0.0183,149
431720,0.0027,0.0122,0.9851,60
431735,0.0171,0.2286,0.7543,85
431737,0.0039,0.0199,0.9762,57
431775,0.0041,0.0129,0.9829,244
431807,0.0035,0.0089,0.9877,96
431924,0.4427,0.1189,0.4383,26
431983,0.0130,0.1033,0.8837,180
432057,0.0035,0.0081,0.9884,42
432095,0.7025,0.1010,0.1965,125
432108,0.0051,0.0144,0.9806,19
432133,0.0032,0.0115,0.9853,57
432161,0.0029,0.0132,0.9839,44
432223,0.0030,0.0095,0.9874,45
432261,0.0265,0.0484,0.9251,64
432262,0.0077,0.0093,0.9830,109
432297,0.4920,0.0868,0.4213,33
432747,0.0043,0.0119,0.9838,83
432819,0.4716,0.4598,0.0686,169
432846,0.0692,0.2694,0.6614,115
432852,0.0050,0.0119,0.9831,69
432853,0.0040,0.0091,0.9869,141
432867,0.9522,0.0394,0.0084,29
432875,0.5113,0.4627,0.0260,84
432903,0.0061,0.0161,0.9777,54
432918,0.0032,0.0094,0.9874,28
432927,0.0050,0.0144,0.9806,89
432935,0.7522,0.2239,0.0239,47
432940,0.0113,0.0253,0.9634,137
432953,0.5961,0.1973,0.2066,227
432963,0.0119,0.2339,0.7542,219
433030,0.0068,0.0102,0.9830,88
433097,0.0028,0.0126,0.9846,46
433127,0.1365,0.0702,0.7932,71
433192,0.0067,0.0153,0.9780,105
433193,0.0030,0.0122,0.9849,106
433208,0.9619,0.0291,0.0090,267
433228,0.0037,0.0095,0.9868,50
433240,0.6769,0.3051,0.0180,71
433404,0.0966,0.1268,0.7767,144
433406,0.0158,0.0519,0.9323,120
433428,0.9193,0.0617,0.0190,115
433443,0.8220,0.1540,0.0240,32
433500,0.0037,0.0127,0.9836,27
433820,0.0604,0.1146,0.8250,120
433858,0.0045,0.0107,0.9848,69
433922,0.0045,0.0146,0.9810,53
433990,0.0621,0.0906,0.8474,49
434019,0.0042,0.0282,0.9677,28
434074,0.0034,0.0084,0.9882,37
434412,0.0032,0.0103,0.9865,44
434426,0.2649,0.6482,0.0869,188
434476,0.0181,0.0655,0.9164,47
434653,0.0579,0.1434,0.7987,309
434741,0.0704,0.2488,0.6808,96
434794,0.1512,0.1618,0.6870,125
434839,0.0809,0.1702,0.7489,75
434900,0.0080,0.1103,0.8817,48
434911,0.3152,0.5091,0.1757,54
434926,0.0067,0.0748,0.9184,61
434992,0.0031,0.0110,0.9859,34
435116,0.9673,0.0219,0.0108,160
435117,0.7833,0.1354,0.0813,165
435237,0.0060,0.0257,0.9683,43
435298,0.0043,0.0122,0.9835,98
435300,0.0034,0.0095,0.9871,27
435344,0.4131,0.3686,0.2184,75
435411,0.0046,0.0103,0.9851,91
435798,0.0163,0.3559,0.6278,33
435813,0.1241,0.8512,0.0247,113
435990,0.5530,0.3945,0.0525,25
436079,0.0044,0.0241,0.9716,40
436101,0.0754,0.0897,0.8349,151
436104,0.0060,0.0107,0.9833,36
436156,0.1396,0.8083,0.0521,50
436353,0.0063,0.0140,0.9797,128
436359,0.0175,0.1132,0.8693,83
436407,0.0239,0.3182,0.6579,460
436416,0.0034,0.0129,0.9838,69
436420,0.9656,0.0276,0.0069,93
436496,0.1463,0.2816,0.5721,310
436498,0.0033,0.0106,0.9860,143
436582,0.0535,0.3401,0.6063,83
436618,0.0042,0.0085,0.9874,29
436864,0.1592,0.7506,0.0902,96
436888,0.1144,0.0687,0.8169,21
436999,0.0033,0.0103,0.9864,59
437170,0.4496,0.5245,0.0259,167
437174,0.0213,0.0229,0.9558,129
437216,0.8512,0.0948,0.0540,104
437273,0.0341,0.4933,0.4726,102
437351,0.0029,0.0118,0.9854,48
437352,0.0201,0.3474,0.6324,22
437359,0.0047,0.0093,0.9860,134
437441,0.0029,0.0100,0.9871,21
437446,0.0038,0.0078,0.9884,71
437485,0.0042,0.0118,0.9840,21
437507,0.0048,0.0079,0.9873,72
437515,0.0082,0.0259,0.9658,103
437516,0.9198,0.0655,0.0148,53
437523,0.0031,0.0090,0.9880,34
437648,0.1426,0.2950,0.5624,41
437744,0.2373,0.6298,0.1330,327
437800,0.1398,0.6178,0.2424,184
437923,0.0162,0.0650,0.9188,49
437972,0.0028,0.0119,0.9854,62
437973,0.0342,0.1081,0.8577,102
438082,0.2164,0.6900,0.0937,51
438144,0.0067,0.0106,0.9827,114
438248,0.0030,0.0099,0.9871,34
438327,0.2707,0.6180,0.1113,34
438373,0.2744,0.6955,0.0301,47
438380,0.0039,0.0127,0.9834,60
438450,0.6389,0.1671,0.1940,49
438504,0.0068,0.0201,0.9732,27
438533,0.0741,0.0431,0.8828,86
438537,0.9646,0.0229,0.0125,27
438553,0.0031,0.0090,0.9879,65
438579,0.1366,0.7195,0.1439,20
438584,0.0182,0.0478,0.9340,167
438593,0.0046,0.0130,0.9824,88
438595,0.0061,0.0122,0.9816,27
438615,0.0590,0.2166,0.7244,283
438657,0.2200,0.5548,0.2251,84
438730,0.0332,0.0813,0.8855,96
438802,0.0367,0.2932,0.6701,74
438816,0.2753,0.3923,0.3324,429
438837,0.4245,0.5049,0.0705,32
438874,0.0027,0.0088,0.9885,61
438879,0.4177,0.3620,0.2204,573
438945,0.0036,0.0146,0.9817,92
438948,0.0974,0.3573,0.5453,66
438989,0.0043,0.0104,0.9852,138
439045,0.0052,0.0087,0.9861,29
439049,0.0043,0.0094,0.9863,72
439168,0.9188,0.0703,0.0109,38
439296,0.3345,0.5434,0.1221,26
439343,0.0036,0.0170,0.9793,159
439510,0.0090,0.0390,0.9520,102
439551,0.0275,0.0312,0.9412,47
439572,0.0047,0.0099,0.9854,31
439655,0.0038,0.0075,0.9887,66
439682,0.0356,0.0225,0.9419,109
439725,0.0045,0.0269,0.9686,91
439734,0.0091,0.0877,0.9032,69
439774,0.0579,0.8656,0.0765,44
439952,0.8897,0.0916,0.0187,199
439961,0.0038,0.0154,0.9808,75
439975,0.0039,0.0079,0.9882,71
440024,0.0064,0.0110,0.9827,30
440027,0.0029,0.0102,0.9869,27
440372,0.5760,0.3885,0.0354,87
440482,0.0165,0.0133,0.9702,118
440485,0.8366,0.1365,0.0270,41
440512,0.0485,0.6229,0.3286,49
440566,0.2093,0.2435,0.5472,71
440606,0.0033,0.0085,0.9882,56
440612,0.1996,0.7080,0.0925,56
440651,0.0043,0.0123,0.9834,63
440710,0.0033,0.0088,0.9879,85
441274,0.0041,0.0080,0.9879,31
441298,0.0047,0.0089,0.9865,30
441312,0.0057,0.0155,0.9788,51
441407,0.0042,0.0100,0.9858,63
441410,0.0523,0.6860,0.2617,44
441444,0.5237,0.3726,0.1037,363
441455,0.0052,0.0080,0.9867,45
441498,0.0052,0.0133,0.9815,26
441577,0.7433,0.1492,0.1075,32
441652,0.0077,0.0210,0.9713,104
441741,0.0056,0.0355,0.9589,159
441764,0.0065,0.0826,0.9109,129
441765,0.0289,0.5140,0.4571,110
441874,0.8361,0.1550,0.0089,108
441875,0.9355,0.0472,0.0173,380
441909,0.9337,0.0557,0.0106,247
441919,0.0636,0.8218,0.1146,51
441938,0.0151,0.1438,0.8411,128
441967,0.0077,0.0668,0.9255,259
441995,0.0042,0.0097,0.9860,32
442048,0.0309,0.0228,0.9463,52
442071,0.0041,0.0152,0.9807,61
442118,0.0039,0.0156,0.9804,59
442130,0.6956,0.2571,0.0473,64
442203,0.9400,0.0473,0.0127,50
442287,0.3659,0.1551,0.4789,136
442307,0.0080,0.0290,0.9630,27
442398,0.9698,0.0206,0.0096,243
442404,0.0072,0.0138,0.9790,62
442485,0.2374,0.3029,0.4597,146
442509,0.0030,0.0149,0.9820,49
442578,0.0032,0.0103,0.9865,106
442691,0.0038,0.0281,0.9682,91
442693,0.6794,0.3011,0.0195,32
442794,0.0243,0.0492,0.9265,25
442797,0.7563,0.2048,0.0389,543
442836,0.0042,0.0122,0.9836,87
442963,0.8826,0.1057,0.0117,35
442987,0.0044,0.0384,0.9572,34
443027,0.0033,0.0140,0.9827,79
443110,0.0027,0.0146,0.9827,89
443113,0.9394,0.0538,0.0068,52
443121,0.0128,0.0234,0.9638,25
443163,0.0430,0.0451,0.9119,69
443253,0.0901,0.1469,0.7630,133
443291,0.0027,0.0090,0.9883,84
443537,0.0042,0.0191,0.9766,64
443552,0.9027,0.0830,0.0142,65
443568,0.0486,0.8245,0.1269,37
443586,0.0090,0.0120,0.9790,132
444019,0.0037,0.0232,0.9731,52
444041,0.8542,0.1217,0.0241,146
444054,0.0230,0.0596,0.9173,442
444057,0.0036,0.0118,0.9846,155
444113,0.5018,0.4138,0.0844,541
444289,0.9450,0.0364,0.0187,190
444396,0.0602,0.7765,0.1633,108
444620,0.0036,0.0111,0.9853,48
444749,0.0489,0.1535,0.7976,144
444766,0.0027,0.0098,0.9875,75
444940,0.9581,0.0335,0.0083,167
445021,0.0118,0.1485,0.8397,50
445053,0.0073,0.0316,0.9611,89
445344,0.8938,0.0975,0.0088,180
445347,0.8823,0.0924,0.0253,225
445369,0.8973,0.0730,0.0297,100
445445,0.0301,0.1193,0.8506,240
445457,0.0051,0.0170,0.9779,49
445482,0.1201,0.6556,0.2243,53
445594,0.0096,0.1670,0.8234,378
445613,0.8393,0.1271,0.0336,222
445643,0.0074,0.0583,0.9343,117
445676,0.9614,0.0294,0.0092,39
445678,0.0027,0.0110,0.9863,39
445696,0.9292,0.0556,0.0152,27
445867,0.8375,0.0955,0.0670,62
446134,0.3415,0.0992,0.5593,47
446196,0.0037,0.0089,0.9874,30
446202,0.0073,0.0854,0.9073,191
446239,0.0143,0.0148,0.9710,115
446387,0.0045,0.0124,0.9831,49
446412,0.0043,0.0127,0.9830,526
446427,0.0725,0.8646,0.0629,29
446459,0.0072,0.0610,0.9318,79
446553,0.0034,0.0102,0.9864,75
446593,0.0030,0.0132,0.9838,58
446728,0.0042,0.0150,0.9807,142
446851,0.0205,0.0189,0.9607,89
447013,0.1251,0.1147,0.7602,40
447037,0.0095,0.2174,0.7731,35
447076,0.0036,0.0163,0.9801,48
447092,0.0057,0.0143,0.9800,28
447096,0.0236,0.0310,0.9454,78
447105,0.0032,0.0093,0.9875,86
447186,0.0033,0.0141,0.9826,60
447187,0.7265,0.1402,0.1333,122
447191,0.0043,0.0092,0.9865,165
447206,0.0028,0.0115,0.9857,53
447234,0.8491,0.1336,0.0173,92
447261,0.0591,0.8586,0.0823,17
447280,0.0047,0.0128,0.9826,43
447296,0.9606,0.0331,0.0063,38
447352,0.9349,0.0559,0.0092,93
447363,0.0048,0.0647,0.9305,118
447419,0.6812,0.2225,0.0962,88
447431,0.0186,0.0165,0.9649,20
447467,0.9525,0.0326,0.0149,113
447486,0.0036,0.0346,0.9618,48
447662,0.0028,0.0088,0.9884,48
447729,0.0084,0.0196,0.9721,63
447794,0.0169,0.0265,0.9566,175
447874,0.0218,0.4619,0.5163,60
447878,0.8234,0.1444,0.0322,321
447924,0.7327,0.2315,0.0358,133
447933,0.0053,0.0133,0.9813,53
448036,0.4469,0.3031,0.2500,31
448299,0.0437,0.0403,0.9160,43
448526,0.0048,0.0095,0.9857,25
448529,0.0187,0.0244,0.9569,26
448670,0.0040,0.0214,0.9746,110
448671,0.0031,0.0187,0.9781,215
448794,0.4597,0.2541,0.2861,84
448806,0.4278,0.4070,0.1653,40
448872,0.0040,0.0110,0.9849,44
448882,0.0083,0.0199,0.9718,86
448920,0.0133,0.0121,0.9747,48
448935,0.9467,0.0318,0.0214,36
448972,0.0026,0.0094,0.9880,48
448975,0.4755,0.4975,0.0270,29
449072,0.8099,0.1366,0.0535,296
449096,0.5967,0.1891,0.2142,46
449113,0.0042,0.0106,0.9852,28
449131,0.0045,0.0429,0.9526,42
449277,0.0044,0.0104,0.9852,212
449543,0.0055,0.0161,0.9784,27
449782,0.0087,0.0091,0.9821,125
449854,0.0513,0.2128,0.7358,108
449886,0.0145,0.0182,0.9672,35
450025,0.0062,0.0168,0.9769,69
450079,0.0034,0.0130,0.9836,28
450100,0.0035,0.0090,0.9875,27
450267,0.0045,0.0145,0.9811,45
450410,0.0108,0.0339,0.9552,44
450421,0.5065,0.4709,0.0226,31
450428,0.8224,0.1607,0.0169,72
450458,0.4327,0.2094,0.3579,46
450480,0.0054,0.0173,0.9773,58
450489,0.0124,0.0147,0.9729,51
450499,0.0121,0.0233,0.9646,95
450622,0.0043,0.0111,0.9845,29
450728,0.2372,0.7208,0.0420,40
450730,0.0068,0.0106,0.9826,31
450731,0.0051,0.0084,0.9865,57
450775,0.8006,0.1699,0.0295,118
450777,0.7737,0.1808,0.0455,332
450803,0.8340,0.1554,0.0105,58
450841,0.0674,0.6346,0.2980,45
450872,0.0070,0.0293,0.9637,46
450923,0.2648,0.3219,0.4133,348
451022,0.0448,0.6466,0.3086,197
451037,0.0045,0.0102,0.9853,44
451045,0.9718,0.0198,0.0083,40
451055,0.0032,0.0083,0.9885,29
451070,0.0832,0.1906,0.7262,26
451082,0.0048,0.0265,0.9687,38
451153,0.0307,0.3717,0.5976,192
451177,0.0041,0.0077,0.9882,47
451180,0.0035,0.0099,0.9866,32
451226,0.0057,0.0180,0.9763,69
451256,0.0055,0.0119,0.9826,45
451292,0.0033,0.0085,0.9883,67
451317,0.0196,0.0225,0.9579,45
451338,0.0046,0.0180,0.9775,21
451344,0.9383,0.0365,0.0252,148
451388,0.0039,0.0158,0.9803,100
451430,0.2758,0.6924,0.0317,51
451572,0.6396,0.3019,0.0584,228
451577,0.1352,0.0967,0.7681,134
451578,0.1211,0.1819,0.6970,51
451600,0.0072,0.0376,0.9552,118
451709,0.6985,0.1653,0.1362,74
451737,0.0157,0.0427,0.9415,78
451739,0.0266,0.0451,0.9284,129
451762,0.0114,0.0165,0.9721,41
452026,0.1228,0.1104,0.7668,98
452047,0.9292,0.0600,0.0109,271
452082,0.0041,0.0122,0.9837,57
452094,0.0040,0.0305,0.9655,29
452141,0.0029,0.0127,0.9843,32
452149,0.0457,0.6198,0.3345,114
452187,0.0026,0.0112,0.9862,82
452300,0.7545,0.2194,0.0261,128
452307,0.4222,0.4537,0.1241,49
452375,0.0036,0.0120,0.9844,40
453535,0.0508,0.0445,0.9047,71
453606,0.1157,0.3577,0.5266,153
453647,0.5910,0.3902,0.0188,143
453957,0.0047,0.0427,0.9526,56
454016,0.7819,0.1931,0.0250,193
454082,0.0072,0.0232,0.9696,53
454115,0.0082,0.0640,0.9279,167
454344,0.1202,0.0790,0.8007,184
454346,0.0574,0.6838,0.2588,62
454414,0.0027,0.0125,0.9848,65
454421,0.0042,0.0081,0.9877,30
454429,0.0181,0.0179,0.9640,63
454441,0.0091,0.0677,0.9231,27
454542,0.0031,0.0091,0.9878,35
454546,0.0047,0.0098,0.9855,45
454599,0.0028,0.0114,0.9858,36
454617,0.0128,0.0213,0.9660,81
454805,0.3424,0.6148,0.0428,140
454843,0.0033,0.0102,0.9865,30
454852,0.0036,0.0156,0.9807,161
454883,0.0045,0.0080,0.9876,36
454898,0.0094,0.0253,0.9654,23
454904,0.0030,0.0081,0.9889,57
454924,0.0042,0.0178,0.9780,83
454946,0.0283,0.0267,0.9450,130
454996,0.0054,0.0136,0.9810,31
454998,0.5966,0.1955,0.2080,269
455003,0.4198,0.2031,0.3771,66
455045,0.0115,0.1686,0.8199,36
455059,0.0158,0.1388,0.8454,36
455079,0.0230,0.0306,0.9464,157
455106,0.8378,0.1393,0.0230,97
455122,0.0517,0.7137,0.2346,30
455140,0.0028,0.0085,0.9887,39
455186,0.0033,0.0081,0.9886,48
455795,0.0078,0.0174,0.9748,55
455920,0.0051,0.0206,0.9743,99
455948,0.9206,0.0490,0.0304,26
455959,0.0051,0.0205,0.9744,68
455966,0.0028,0.0108,0.9863,34
456081,0.3022,0.6448,0.0530,72
456276,0.0045,0.0174,0.9781,60
456403,0.0061,0.0549,0.9389,76
456406,0.0205,0.0907,0.8888,100
456427,0.0056,0.0091,0.9853,65
456435,0.0106,0.0331,0.9563,21
456444,0.0801,0.7600,0.1599,127
456537,0.0290,0.0321,0.9390,41
456611,0.9627,0.0305,0.0068,130
456700,0.0036,0.0129,0.9835,29
456959,0.0050,0.0130,0.9820,86
456966,0.0087,0.0159,0.9754,167
457117,0.2762,0.2870,0.4368,233
457119,0.0028,0.0090,0.9882,69
457173,0.0080,0.0433,0.9486,23
457195,0.9469,0.0372,0.0159,102
457277,0.6638,0.3001,0.0361,101
457399,0.0136,0.0231,0.9633,108
457410,0.0063,0.0269,0.9669,88
457422,0.3280,0.0961,0.5759,220
457425,0.0110,0.0175,0.9714,68
457614,0.0069,0.0157,0.9774,47
457636,0.0038,0.0157,0.9806,135
457664,0.1723,0.5517,0.2760,261
457668,0.0623,0.6310,0.3067,102
457688,0.0118,0.1593,0.8288,127
457706,0.7928,0.1497,0.0575,201
457797,0.0037,0.0104,0.9860,23
457808,0.7293,0.2610,0.0097,48
457820,0.1760,0.7963,0.0277,24
457883,0.0157,0.2422,0.7421,67
457897,0.0858,0.0854,0.8288,60
457908,0.0049,0.0093,0.9858,215
458057,0.0032,0.0149,0.9819,59
458089,0.0046,0.0094,0.9860,44
458099,0.0034,0.0157,0.9809,108
458178,0.6996,0.2805,0.0198,27
458307,0.0831,0.2394,0.6774,219
458348,0.0057,0.0365,0.9578,41
458372,0.0030,0.0107,0.9863,34
458422,0.8932,0.0700,0.0368,107
458500,0.9294,0.0558,0.0148,164
458555,0.0985,0.3549,0.5466,126
458558,0.0044,0.0113,0.9843,65
458594,0.0040,0.0127,0.9832,49
458599,0.0033,0.0144,0.9823,56
458637,0.0038,0.0137,0.9824,54
458646,0.9616,0.0309,0.0074,83
458650,0.5621,0.4220,0.0159,20
458700,0.0245,0.0948,0.8806,151
458701,0.0036,0.0146,0.9818,78
458710,0.0039,0.0100,0.9861,84
458760,0.0187,0.0297,0.9516,152
458820,0.0055,0.0101,0.9844,53
458823,0.0174,0.0932,0.8894,156
458830,0.0059,0.0591,0.9351,31
458846,0.0056,0.0097,0.9847,56
458922,0.9201,0.0648,0.0150,108
459059,0.0072,0.0137,0.9791,51
459133,0.0087,0.0108,0.9804,119
459135,0.0036,0.0089,0.9875,37
459158,0.0225,0.0624,0.9151,184
459182,0.0063,0.0085,0.9852,29
459200,0.3923,0.3292,0.2784,69
459208,0.4955,0.3877,0.1168,159
459209,0.9575,0.0341,0.0084,152
459217,0.0337,0.0479,0.9184,35
459219,0.0495,0.0914,0.8591,207
459226,0.1235,0.0904,0.7860,152
459307,0.7612,0.2204,0.0184,90
459309,0.0036,0.0101,0.9863,38
459502,0.0045,0.0349,0.9606,110
459512,0.4297,0.2389,0.3314,31
459552,0.1051,0.0744,0.8205,103
459701,0.0956,0.5226,0.3818,480
459704,0.0653,0.1465,0.7882,79
459739,0.0111,0.0214,0.9676,45
459807,0.9315,0.0604,0.0082,65
459816,0.0135,0.0614,0.9252,120
459827,0.2315,0.7223,0.0463,267
459848,0.0553,0.0829,0.8618,36
459861,0.0026,0.0120,0.9854,92
459875,0.0056,0.0200,0.9743,75
459914,0.0034,0.0274,0.9691,73
460054,0.0043,0.0120,0.9837,43
460062,0.0055,0.0158,0.9787,94
460067,0.0100,0.0796,0.9105,108
460086,0.0030,0.0100,0.9870,25
460106,0.0036,0.0092,0.9872,30
460137,0.2409,0.5015,0.2576,86
460148,0.0332,0.2614,0.7054,112
460184,0.0047,0.0094,0.9858,34
460313,0.1401,0.5827,0.2772,353
460327,0.2731,0.5611,0.1658,164
460331,0.0714,0.3196,0.6090,44
460337,0.9726,0.0199,0.0075,42
460348,0.8082,0.0729,0.1189,28
460353,0.0657,0.8661,0.0681,79
460375,0.9223,0.0624,0.0153,177
460451,0.0056,0.0111,0.9833,105
460681,0.0053,0.0126,0.9821,126
460863,0.0054,0.0122,0.9824,43
460890,0.0029,0.0117,0.9854,100
460896,0.0095,0.0113,0.9792,72
460968,0.0094,0.0147,0.9759,124
461017,0.9522,0.0345,0.0133,35
461390,0.0805,0.8638,0.0557,107
461432,0.6402,0.2928,0.0671,124
461464,0.0754,0.0526,0.8720,73
461472,0.0100,0.0147,0.9754,101
461520,0.0031,0.0108,0.9861,70
461537,0.0342,0.0524,0.9134,92
461580,0.0050,0.0092,0.9858,39
461745,0.0044,0.0176,0.9781,104
461772,0.0046,0.0112,0.9842,25
461828,0.8826,0.0901,0.0273,68
461870,0.1143,0.2351,0.6507,156
461927,0.0035,0.0130,0.9836,35
461963,0.0093,0.0120,0.9788,54
461975,0.4471,0.3528,0.2002,39
462004,0.0039,0.0122,0.9839,48
462064,0.0042,0.0157,0.9802,258
462131,0.0124,0.0195,0.9680,57
462135,0.0053,0.0600,0.9347,191
462148,0.7864,0.1877,0.0259,136
462367,0.2574,0.7126,0.0300,38
462418,0.4601,0.4608,0.0790,119
462558,0.7867,0.1976,0.0157,78
462571,0.0422,0.0669,0.8909,43
462590,0.0115,0.0179,0.9706,18
462655,0.0057,0.0130,0.9813,39
463133,0.0106,0.0766,0.9128,439
463147,0.9512,0.0391,0.0097,100
463194,0.3799,0.5818,0.0383,155
463368,0.0051,0.0166,0.9783,28
463471,0.0034,0.0146,0.9820,36
463733,0.1151,0.8572,0.0278,26
464000,0.0339,0.0313,0.9348,48
464061,0.0043,0.0332,0.9625,88
464214,0.1235,0.3534,0.5231,720
464310,0.8625,0.0870,0.0506,132
464328,0.0125,0.0868,0.9007,42
464401,0.0028,0.0144,0.9828,63
464411,0.7646,0.1876,0.0478,207
464426,0.0157,0.0188,0.9655,81
464498,0.0042,0.0123,0.9835,115
464502,0.0043,0.0102,0.9855,24
464505,0.0031,0.0115,0.9854,82
464533,0.0039,0.0121,0.9840,187
464573,0.0042,0.0306,0.9652,79
464586,0.0171,0.0241,0.9588,20
464596,0.3765,0.3669,0.2566,140
464639,0.0436,0.0616,0.8948,43
464644,0.0031,0.0106,0.9863,60
464672,0.0124,0.0131,0.9745,18
464676,0.4297,0.4320,0.1384,75
464694,0.0767,0.5741,0.3492,210
464755,0.0030,0.0148,0.9823,67
464758,0.0048,0.0113,0.9840,21
464793,0.9669,0.0260,0.0071,43
464800,0.9482,0.0404,0.0113,127
464830,0.0095,0.0189,0.9715,140
464867,0.0033,0.0100,0.9867,32
464883,0.0052,0.0114,0.9834,45
464915,0.0493,0.8361,0.1145,39
464935,0.0035,0.0302,0.9663,64
465091,0.0026,0.0120,0.9853,34
465175,0.0031,0.0109,0.9860,43
465180,0.0590,0.2407,0.7003,192
465334,0.5876,0.3241,0.0882,33
465362,0.0032,0.0327,0.9640,55
465423,0.0976,0.1869,0.7155,173
465435,0.0815,0.2159,0.7026,107
465450,0.0036,0.0081,0.9883,31
465566,0.0131,0.0216,0.9653,62
465759,0.0074,0.0230,0.9695,37
465795,0.0088,0.1274,0.8638,72
465853,0.9745,0.0180,0.0074,32
465884,0.0045,0.0119,0.9836,54
465921,0.0050,0.0156,0.9794,39
466265,0.0268,0.1420,0.8312,221
466334,0.0546,0.0842,0.8612,170
466675,0.0428,0.6585,0.2987,91
466729,0.0031,0.0102,0.9866,28
466753,0.0098,0.0116,0.9786,35
466772,0.8505,0.1053,0.0442,106
466775,0.0403,0.8648,0.0948,206
466998,0.9489,0.0408,0.0103,73
467021,0.1222,0.3422,0.5356,261
467072,0.0041,0.0098,0.9861,18
467075,0.0037,0.0130,0.9833,17
467227,0.0030,0.0088,0.9882,25
467236,0.5252,0.4583,0.0165,36
467416,0.0050,0.0100,0.9850,27
467418,0.0071,0.0680,0.9249,92
467441,0.1795,0.7558,0.0647,54
467559,0.0057,0.0158,0.9785,34
467688,0.0053,0.0117,0.9830,139
467725,0.5178,0.3067,0.1755,52
467739,0.0817,0.7487,0.1696,192
467840,0.0038,0.0143,0.9819,111
467869,0.0034,0.0076,0.9889,37
468149,0.0033,0.0078,0.9889,41
468451,0.0030,0.0120,0.9850,143
468531,0.0033,0.0131,0.9836,129
468649,0.9408,0.0529,0.0062,40
468652,0.4408,0.4753,0.0839,78
468673,0.4512,0.5242,0.0246,28
468709,0.8793,0.0950,0.0257,59
468730,0.0032,0.0298,0.9670,47
468833,0.8570,0.1048,0.0382,28
468896,0.0033,0.0122,0.9844,79
468931,0.7624,0.2277,0.0099,38
468948,0.0314,0.0187,0.9500,76
468982,0.0289,0.1197,0.8514,59
469002,0.0028,0.0092,0.9880,50
469005,0.0039,0.0082,0.9879,57
469020,0.1158,0.1898,0.6944,119
469038,0.0028,0.0140,0.9832,58
469179,0.0040,0.0085,0.9875,67
469200,0.9704,0.0185,0.0111,39
469204,0.0213,0.1051,0.8737,34
469274,0.0042,0.0149,0.9809,36
469291,0.3941,0.4008,0.2051,193
469443,0.0033,0.0118,0.9849,86
469449,0.0082,0.0352,0.9566,28
469466,0.0048,0.0152,0.9801,49
469489,0.1794,0.7358,0.0848,53
469574,0.0331,0.3402,0.6267,76
469613,0.0152,0.0662,0.9186,90
469627,0.2144,0.2347,0.5509,47
469678,0.0047,0.0119,0.9834,173
469715,0.0093,0.0141,0.9765,105
469725,0.8658,0.1000,0.0341,81
469730,0.0835,0.4732,0.4433,149
469743,0.0519,0.1161,0.8320,128
469971,0.1798,0.5566,0.2636,101
469978,0.1821,0.3714,0.4465,234
469980,0.0179,0.0715,0.9106,96
470026,0.0068,0.0135,0.9797,36
470045,0.0872,0.2743,0.6385,25
470057,0.7320,0.2376,0.0304,77
470238,0.0117,0.0144,0.9739,36
470270,0.0093,0.0196,0.9711,155
470282,0.0482,0.0292,0.9226,50
470327,0.9120,0.0755,0.0126,111
470575,0.0032,0.0086,0.9883,42
470614,0.8916,0.0943,0.0142,32
470667,0.0183,0.0150,0.9667,28
470752,0.0025,0.0108,0.9867,50
470835,0.0621,0.7491,0.1888,105
470839,0.0030,0.0102,0.9868,35
470889,0.0639,0.5111,0.4250,240
470951,0.0065,0.0125,0.9810,26
470963,0.0091,0.0132,0.9777,32
471019,0.0468,0.2693,0.6839,72
471071,0.0086,0.0116,0.9797,32
471173,0.0169,0.0355,0.9476,53
471260,0.8440,0.1397,0.0163,27
471313,0.0338,0.0375,0.9287,131
471372,0.0050,0.0097,0.9854,45
471379,0.0193,0.0361,0.9446,56
471389,0.0035,0.0102,0.9863,90
471420,0.0397,0.3810,0.5793,51
471506,0.0056,0.0094,0.9850,34
471610,0.5784,0.3631,0.0585,113
471683,0.4558,0.4017,0.1424,233
471695,0.0041,0.0085,0.9874,107
471698,0.0041,0.0121,0.9838,26
471751,0.0028,0.0082,0.9889,76
471783,0.0175,0.1583,0.8243,177
471815,0.0035,0.0299,0.9665,50
471835,0.9674,0.0244,0.0082,62
471845,0.0051,0.0472,0.9477,57
471917,0.0035,0.0100,0.9865,55
472256,0.0043,0.0107,0.9850,64
472261,0.2147,0.1667,0.6186,29
472319,0.8856,0.0927,0.0218,34
472362,0.1988,0.7476,0.0536,88
472430,0.0056,0.0115,0.9829,63
472444,0.0040,0.0137,0.9823,95
472809,0.0033,0.0073,0.9895,50
472862,0.0078,0.0264,0.9658,37
472868,0.1197,0.7342,0.1461,107
472897,0.0033,0.0101,0.9866,32
472960,0.2509,0.4164,0.3327,100
472977,0.9664,0.0258,0.0079,45
473549,0.0045,0.0129,0.9825,25
473604,0.0035,0.0315,0.9650,31
473617,0.1680,0.3262,0.5058,188
473650,0.0036,0.0095,0.9869,43
473652,0.0232,0.0766,0.9002,142
473838,0.0095,0.0166,0.9739,64
473894,0.0227,0.1219,0.8554,56
473921,0.9447,0.0477,0.0076,171
474154,0.0048,0.0318,0.9634,58
474256,0.9586,0.0295,0.0119,78
474336,0.0029,0.0142,0.9829,41
474343,0.0033,0.0129,0.9838,70
474348,0.0031,0.0095,0.9874,31
474386,0.0036,0.0092,0.9872,35
474387,0.9589,0.0263,0.0148,22
474404,0.0067,0.0108,0.9825,72
474514,0.3279,0.4497,0.2223,202
474528,0.0030,0.0092,0.9877,93
474575,0.0164,0.0339,0.9497,183
474583,0.0264,0.2174,0.7563,211
474585,0.2102,0.2641,0.5256,225
474603,0.3272,0.6279,0.0449,55
474627,0.1339,0.4885,0.3776,58
474676,0.0157,0.0676,0.9167,26
474802,0.0030,0.0128,0.9842,39
474923,0.0032,0.0151,0.9818,105
474959,0.0340,0.0535,0.9125,36
475058,0.0086,0.0136,0.9778,59
475097,0.0134,0.0103,0.9763,42
475238,0.0068,0.0134,0.9797,24
475244,0.0067,0.0091,0.9841,51
475323,0.0715,0.0280,0.9006,77
475394,0.0030,0.0095,0.9875,35
475462,0.0049,0.0091,0.9860,56
475496,0.4848,0.2299,0.2852,145
475547,0.0057,0.0123,0.9820,90
475647,0.0079,0.0101,0.9820,46
475764,0.0040,0.0219,0.9741,38
475930,0.4440,0.3361,0.2199,123
475943,0.0077,0.0233,0.9689,41
476014,0.0417,0.2394,0.7189,79
476093,0.0038,0.0396,0.9566,80
476098,0.0066,0.0101,0.9833,101
476106,0.0075,0.0161,0.9764,112
476127,0.2833,0.1528,0.5638,84
476240,0.7413,0.2437,0.0151,174
476243,0.1449,0.5834,0.2717,154
476299,0.9586,0.0292,0.0122,27
476328,0.0153,0.0185,0.9662,33
476389,0.0072,0.0105,0.9824,33
476494,0.0606,0.0411,0.8983,166
476682,0.0046,0.0464,0.9490,81
476724,0.0032,0.0150,0.9818,104
476759,0.0053,0.0195,0.9753,187
476812,0.0033,0.0220,0.9746,76
476895,0.0081,0.0142,0.9776,90
476926,0.0078,0.0971,0.8951,99
477084,0.0041,0.0128,0.9831,73
477118,0.3343,0.5148,0.1509,256
477356,0.0800,0.5849,0.3351,164
477404,0.0047,0.0089,0.9864,49
477430,0.0045,0.0096,0.9859,82
477476,0.0029,0.0113,0.9858,64
477483,0.0101,0.0091,0.9808,69
477670,0.0050,0.0132,0.9819,50
477741,0.0058,0.0178,0.9764,141
477750,0.1073,0.1570,0.7357,265
477757,0.0061,0.0193,0.9746,24
477839,0.7882,0.1948,0.0171,36
477877,0.0069,0.0172,0.9759,78
477896,0.0034,0.0104,0.9862,55
477955,0.0246,0.2682,0.7072,37
478005,0.0060,0.0496,0.9444,104
478051,0.0038,0.0088,0.9874,119
478084,0.0035,0.0099,0.9866,31
478130,0.0064,0.0693,0.9244,208
478135,0.0335,0.1463,0.8202,359
478365,0.9615,0.0307,0.0077,151
478474,0.1630,0.0930,0.7440,119
478627,0.0094,0.1173,0.8733,130
478635,0.0035,0.0114,0.9851,35
478651,0.0030,0.0115,0.9855,46
478892,0.0218,0.0581,0.9201,79
478969,0.0133,0.0222,0.9645,116
478999,0.0175,0.0533,0.9292,160
479140,0.0038,0.0166,0.9795,49
479157,0.9711,0.0205,0.0084,84
479202,0.7958,0.1864,0.0178,135
479224,0.0089,0.0212,0.9699,241
479228,0.0633,0.0738,0.8629,214
479384,0.0407,0.0838,0.8755,51
479398,0.0190,0.1067,0.8742,98
479486,0.0032,0.0104,0.9865,90
479559,0.0098,0.0121,0.9781,44
479573,0.0030,0.0096,0.9874,96
479610,0.0215,0.2421,0.7364,90
479704,0.0037,0.0091,0.9872,46
479809,0.0047,0.0280,0.9673,38
479816,0.6512,0.2245,0.1243,53
479842,0.0277,0.0209,0.9514,76
479860,0.2294,0.4108,0.3598,188
479877,0.0972,0.8391,0.0637,320
479904,0.0629,0.8446,0.0926,80
479961,0.0654,0.2436,0.6910,91
479964,0.0039,0.0140,0.9821,31
479984,0.0291,0.0915,0.8794,57
480009,0.0056,0.0110,0.9834,57
480010,0.0072,0.0593,0.9335,115
480027,0.0038,0.0395,0.9567,55
480035,0.0032,0.0109,0.9858,116
480186,0.0055,0.0119,0.9826,32
480210,0.0072,0.0110,0.9818,38
480250,0.0093,0.0768,0.9139,27
480266,0.0035,0.0094,0.9872,40
480281,0.6058,0.3199,0.0743,83
480352,0.0044,0.0082,0.9874,82
480358,0.0039,0.0099,0.9862,70
480360,0.0069,0.0133,0.9798,100
480399,0.1206,0.1738,0.7056,181
480425,0.9066,0.0804,0.0130,150
480492,0.0031,0.0201,0.9768,109
480573,0.1948,0.7804,0.0248,54
480576,0.4625,0.2052,0.3323,134
480690,0.0310,0.0141,0.9549,36
480786,0.0307,0.1604,0.8089,29
480809,0.0247,0.0311,0.9442,65
480832,0.0191,0.0173,0.9636,53
480885,0.0265,0.1292,0.8443,40
480977,0.1222,0.7372,0.1405,213
481102,0.1833,0.6910,0.1257,40
481106,0.0034,0.0098,0.9868,31
481140,0.9155,0.0734,0.0111,151
481180,0.0093,0.0152,0.9756,42
481211,0.0409,0.3006,0.6585,247
481228,0.0121,0.0812,0.9067,40
481260,0.9547,0.0391,0.0062,35
481276,0.0149,0.1052,0.8800,86
481297,0.0031,0.0116,0.9853,74
481336,0.0030,0.0127,0.9843,67
481598,0.0451,0.0652,0.8897,253
481621,0.0054,0.0129,0.9818,28
481638,0.2679,0.2306,0.5015,138
481797,0.0076,0.0128,0.9796,64
481860,0.2085,0.7286,0.0629,65
481864,0.0812,0.6353,0.2835,73
481866,0.1609,0.2934,0.5457,229
482482,0.0040,0.0100,0.9860,95
482494,0.0058,0.0171,0.9771,88
482533,0.0080,0.0090,0.9830,104
482580,0.9276,0.0603,0.0121,134
482651,0.8953,0.0965,0.0081,95
482671,0.0038,0.0085,0.9877,97
482723,0.0288,0.0874,0.8838,54
482757,0.5323,0.3152,0.1525,153
482843,0.0032,0.0112,0.9855,40
482942,0.2891,0.1633,0.5476,122
483064,0.0055,0.0468,0.9477,169
483303,0.0028,0.0144,0.9829,58
483354,0.0043,0.0074,0.9882,32
483419,0.0090,0.0094,0.9816,32
483437,0.0191,0.0881,0.8928,259
483447,0.0077,0.0100,0.9823,41
483454,0.0068,0.0276,0.9656,87
483646,0.0284,0.8650,0.1065,27
483691,0.0028,0.0101,0.9871,60
483744,0.0035,0.0167,0.9799,56
483768,0.5984,0.3763,0.0254,32
483775,0.4367,0.5371,0.0263,84
483821,0.0046,0.0094,0.9860,35
483826,0.1691,0.7995,0.0314,315
483843,0.4379,0.4206,0.1414,198
483917,0.0111,0.1251,0.8638,169
483946,0.0039,0.0380,0.9581,35
483960,0.0053,0.0089,0.9858,58
484009,0.0056,0.0405,0.9539,55
484025,0.2934,0.3282,0.3784,246
484046,0.0355,0.7616,0.2029,136
484065,0.0028,0.0187,0.9785,40
484141,0.8917,0.0789,0.0295,395
484142,0.0559,0.3826,0.5615,443
484191,0.0055,0.0189,0.9756,55
484249,0.0174,0.0527,0.9299,79
484286,0.9127,0.0662,0.0210,90
484500,0.1120,0.2171,0.6709,37
484521,0.0875,0.8184,0.0941,30
484541,0.0030,0.0097,0.9873,111
484547,0.0028,0.0081,0.9890,46
484610,0.0097,0.0090,0.9812,51
484628,0.0261,0.1157,0.8582,176
484656,0.0042,0.0096,0.9862,34
484723,0.9193,0.0746,0.0062,48
484738,0.0027,0.0180,0.9793,36
484743,0.0038,0.0152,0.9810,70
485029,0.1123,0.0537,0.8340,95
485100,0.9107,0.0670,0.0223,319
485141,0.0146,0.0538,0.9316,78
485845,0.0036,0.0172,0.9792,99
485889,0.9064,0.0772,0.0164,123
485899,0.4861,0.1737,0.3401,355
485940,0.0045,0.0111,0.9845,49
485947,0.9467,0.0421,0.0113,222
485967,0.5993,0.3845,0.0162,62
486178,0.0048,0.0104,0.9847,63
486236,0.0066,0.0237,0.9697,24
486275,0.0096,0.0215,0.9688,169
486322,0.0045,0.0144,0.9812,46
486416,0.0040,0.0072,0.9888,47
486509,0.0242,0.4793,0.4965,35
486537,0.0039,0.0102,0.9859,74
486548,0.0781,0.7586,0.1632,162
486556,0.0261,0.0189,0.9550,85
486757,0.0109,0.2895,0.6995,121
487377,0.0034,0.0091,0.9875,42
487384,0.1189,0.4733,0.4078,536
487494,0.0048,0.0211,0.9741,27
487556,0.9140,0.0785,0.0076,122
487625,0.1648,0.8131,0.0221,88
487702,0.0079,0.0097,0.9824,37
487846,0.0063,0.0109,0.9827,110
487902,0.9211,0.0649,0.0140,144
488512,0.0054,0.0089,0.9857,39
488553,0.1571,0.5536,0.2893,26
488620,0.0081,0.0198,0.9722,42
489207,0.9453,0.0464,0.0083,42
489375,0.9653,0.0284,0.0063,73
489391,0.0045,0.0217,0.9738,38
489406,0.5185,0.2737,0.2077,48
489447,0.0051,0.0134,0.9816,25
489515,0.0032,0.0127,0.9841,30
489597,0.0039,0.0118,0.9843,79
489606,0.0033,0.0274,0.9693,135
489762,0.0060,0.0108,0.9832,28
489814,0.0815,0.8270,0.0915,40
489827,0.0031,0.0142,0.9827,104
489956,0.9290,0.0561,0.0149,101
489979,0.1183,0.2648,0.6169,55
490038,0.0194,0.0206,0.9601,87
490059,0.0045,0.0430,0.9526,37
490126,0.0256,0.0377,0.9367,175
490282,0.9505,0.0366,0.0129,28
490295,0.2067,0.7644,0.0290,85
490301,0.0056,0.0136,0.9808,85
490348,0.0048,0.0070,0.9882,102
490689,0.2965,0.6820,0.0216,44
491037,0.5834,0.3217,0.0949,71
491053,0.0737,0.1062,0.8201,410
491094,0.0035,0.0078,0.9887,216
491111,0.0038,0.0092,0.9871,54
491157,0.0032,0.0103,0.9865,73
491278,0.0037,0.0078,0.9885,30
491293,0.0138,0.0319,0.9543,46
491318,0.0079,0.0125,0.9796,58
491377,0.0123,0.0289,0.9589,135
491398,0.0036,0.0198,0.9767,35
491405,0.0048,0.0137,0.9815,31
491419,0.1952,0.7642,0.0406,27
491456,0.0035,0.0129,0.9836,67
491463,0.0040,0.0088,0.9873,34
491498,0.0095,0.0121,0.9784,50
491500,0.0074,0.0174,0.9752,83
491541,0.0045,0.0100,0.9855,54
491551,0.0036,0.0121,0.9843,65
491554,0.0035,0.0126,0.9839,106
491594,0.3608,0.3253,0.3139,140
491680,0.0035,0.0174,0.9791,39
491702,0.2442,0.6176,0.1382,221
491740,0.0242,0.1150,0.8608,41
491757,0.0042,0.0109,0.9849,53
491771,0.4807,0.3056,0.2137,112
491820,0.0110,0.0148,0.9741,29
491937,0.1522,0.1188,0.7290,41
491999,0.7545,0.2311,0.0144,80
492074,0.0848,0.2647,0.6505,204
492102,0.0074,0.0116,0.9810,60
492107,0.0055,0.0236,0.9709,171
492120,0.0036,0.0099,0.9865,59
492162,0.0139,0.0188,0.9672,44
492210,0.0476,0.2107,0.7417,143
492212,0.0038,0.0416,0.9546,24
492233,0.0175,0.0182,0.9644,160
492385,0.7954,0.1361,0.0685,111
492429,0.0029,0.0129,0.9842,61
492432,0.0129,0.0419,0.9452,133
492566,0.0039,0.0085,0.9876,36
492728,0.0035,0.0106,0.9859,72
492731,0.0090,0.0244,0.9666,156
492736,0.0056,0.0175,0.9770,104
492779,0.1418,0.3570,0.5012,181
493327,0.0070,0.0120,0.9810,78
493334,0.1595,0.6779,0.1626,31
493437,0.1078,0.8659,0.0262,43
493488,0.4519,0.5072,0.0408,67
493533,0.0072,0.0582,0.9347,106
493555,0.0117,0.1328,0.8554,51
493579,0.0060,0.0754,0.9186,173
493679,0.0104,0.0318,0.9577,202
493732,0.0029,0.0314,0.9656,129
493808,0.0486,0.5684,0.3831,194
493827,0.0026,0.0213,0.9761,43
493841,0.2443,0.1666,0.5891,47
493991,0.2408,0.6939,0.0653,97
494020,0.9390,0.0486,0.0124,237
494076,0.0090,0.0099,0.9812,27
494119,0.0088,0.0403,0.9509,61
494184,0.9540,0.0393,0.0067,33
494431,0.0178,0.0250,0.9572,46
494495,0.9577,0.0336,0.0087,51
494503,0.0039,0.0096,0.9865,29
494542,0.0084,0.0313,0.9603,215
494543,0.9652,0.0266,0.0083,70
494607,0.0142,0.0583,0.9275,78
494633,0.3432,0.1081,0.5487,174
494793,0.0061,0.0111,0.9829,33
494933,0.6393,0.3080,0.0528,117
494937,0.9650,0.0279,0.0072,29
495153,0.0509,0.0590,0.8900,52
495492,0.2548,0.3286,0.4166,132
495497,0.9686,0.0248,0.0067,34
495508,0.0157,0.0313,0.9530,42
495598,0.0533,0.1206,0.8261,65
495629,0.0042,0.0137,0.9821,100
495708,0.0037,0.0088,0.9875,42
495794,0.0039,0.0184,0.9777,61
495821,0.0029,0.0126,0.9845,27
495868,0.0030,0.0137,0.9833,79
495870,0.0077,0.0101,0.9822,136
495947,0.8403,0.1220,0.0377,21
496356,0.0058,0.0164,0.9778,47
496376,0.0039,0.0125,0.9836,48
496595,0.3536,0.1418,0.5046,42
496621,0.0661,0.1491,0.7848,312
497131,0.0799,0.6925,0.2276,241
497165,0.0132,0.0864,0.9004,57
497247,0.6088,0.3512,0.0400,181
497351,0.0047,0.0332,0.9621,37
497362,0.0049,0.0172,0.9778,85
497409,0.0070,0.1303,0.8628,47
497410,0.0042,0.0130,0.9828,43
497412,0.0029,0.0150,0.9822,69
497422,0.9636,0.0276,0.0087,35
497543,0.0062,0.0129,0.9809,66
497576,0.0073,0.0572,0.9356,51
497620,0.0041,0.0098,0.9861,84
497631,0.6096,0.3203,0.0701,25
497635,0.0034,0.0100,0.9867,25
497690,0.0041,0.0094,0.9865,62
497725,0.0756,0.6441,0.2803,46
498040,0.0106,0.0261,0.9633,36
498353,0.0026,0.0091,0.9882,49
498408,0.7017,0.1574,0.1409,258
498423,0.0097,0.1323,0.8581,148
498484,0.0046,0.0129,0.9825,447
498528,0.1150,0.4150,0.4700,319
498553,0.0066,0.0137,0.9797,70
498560,0.0074,0.0076,0.9850,81
498570,0.0082,0.0132,0.9786,102
498665,0.0041,0.0162,0.9797,50
498674,0.0039,0.0094,0.9866,38
498692,0.0177,0.0672,0.9151,192
498711,0.0351,0.0659,0.8991,254
498727,0.0042,0.0079,0.9879,80
498729,0.0035,0.0082,0.9882,88
498753,0.1867,0.4441,0.3692,365
498761,0.0402,0.0312,0.9286,108
498777,0.0048,0.0126,0.9826,111
498885,0.0030,0.0112,0.9859,69
498928,0.1587,0.1382,0.7031,128
499000,0.0390,0.1700,0.7910,38
499004,0.0096,0.0190,0.9714,23
499014,0.0038,0.0093,0.9869,28
499049,0.0069,0.0202,0.9729,42
499085,0.0045,0.0214,0.9741,25
499268,0.0033,0.0098,0.9869,25
499320,0.0092,0.0106,0.9803,21
499363,0.0036,0.0092,0.9872,34
499364,0.0055,0.0197,0.9748,102
499454,0.0046,0.0087,0.9867,52
499730,0.0140,0.2554,0.7306,165
499794,0.2928,0.2587,0.4485,28
499937,0.0144,0.0611,0.9245,256
499942,0.1314,0.2783,0.5903,292
500140,0.0062,0.0101,0.9837,32
500231,0.0501,0.0490,0.9009,182
500262,0.0107,0.0448,0.9445,68
500792,0.0037,0.0140,0.9823,28
500817,0.0038,0.0321,0.9641,43
500822,0.0036,0.0217,0.9747,133
500843,0.0252,0.2655,0.7094,67
500896,0.0143,0.0238,0.9619,138
500904,0.0073,0.0151,0.9776,89
500924,0.0036,0.0417,0.9546,53
500976,0.0039,0.0092,0.9869,98
500983,0.0524,0.4896,0.4580,35
501064,0.1702,0.3932,0.4367,170
501089,0.8726,0.0820,0.0454,53
501116,0.0030,0.0109,0.9861,31
501268,0.0068,0.0153,0.9779,34
501291,0.0034,0.0088,0.9878,24
501393,0.0909,0.0929,0.8162,82
501408,0.5090,0.3599,0.1311,37
501518,0.0087,0.1315,0.8597,134
501538,0.0091,0.0215,0.9694,174
501611,0.0044,0.0111,0.9845,43
501625,0.0032,0.0103,0.9865,54
501629,0.9469,0.0380,0.0150,115
501678,0.0251,0.2570,0.7179,121
501756,0.0038,0.0160,0.9802,53
501759,0.0179,0.0637,0.9185,101
501775,0.0028,0.0103,0.9870,56
501785,0.0314,0.3324,0.6362,33
501799,0.0064,0.0276,0.9660,133
502032,0.7732,0.2147,0.0122,24
502033,0.0150,0.1225,0.8625,57
502133,0.4688,0.4997,0.0315,106
502261,0.4737,0.4778,0.0485,39
502638,0.0064,0.0181,0.9754,34
502736,0.0045,0.0105,0.9850,164
502747,0.0790,0.7780,0.1429,716
502844,0.2096,0.0771,0.7133,300
502934,0.0047,0.0105,0.9848,55
502939,0.0027,0.0086,0.9887,61
503179,0.0044,0.0417,0.9539,44
503351,0.0040,0.0118,0.9842,90
503420,0.0060,0.0264,0.9676,76
503428,0.0047,0.0192,0.9761,65
503436,0.0045,0.0191,0.9764,66
503457,0.0111,0.1480,0.8409,129
503589,0.0031,0.0191,0.9778,88
503638,0.4342,0.3099,0.2559,194
503666,0.0048,0.0114,0.9838,171
503702,0.6365,0.2108,0.1527,123
503833,0.0037,0.0105,0.9858,36
503951,0.0237,0.1657,0.8106,23
503969,0.0246,0.0150,0.9605,78
504006,0.0045,0.0124,0.9830,63
504011,0.0100,0.0207,0.9693,49
504050,0.1324,0.2402,0.6274,121
504063,0.0047,0.0251,0.9702,385
504081,0.1963,0.2419,0.5617,407
504134,0.0111,0.0656,0.9233,23
504136,0.1586,0.3649,0.4765,61
504143,0.6042,0.3676,0.0282,46
504173,0.0158,0.1741,0.8101,185
504187,0.0028,0.0122,0.9850,37
504224,0.0214,0.0466,0.9320,106
504290,0.0053,0.0206,0.9741,126
504826,0.0051,0.0171,0.9778,62
504920,0.0082,0.0604,0.9314,60
504958,0.8175,0.1730,0.0095,32
505059,0.0045,0.0115,0.9840,34
505081,0.1607,0.1958,0.6435,130
505108,0.0038,0.0100,0.9862,243
505152,0.0061,0.0102,0.9837,61
505176,0.9400,0.0335,0.0265,37
505245,0.0028,0.0140,0.9832,121
505287,0.7907,0.1509,0.0584,22
505477,0.0028,0.0102,0.9870,34
505590,0.0096,0.0113,0.9791,104
505646,0.0160,0.0166,0.9674,84
505683,0.8007,0.1874,0.0119,75
505684,0.9103,0.0780,0.0117,121
505754,0.0026,0.0174,0.9800,84
505756,0.0034,0.0118,0.9849,95
505954,0.0052,0.0529,0.9419,41
505966,0.0031,0.0084,0.9885,84
506016,0.0052,0.0417,0.9531,352
506048,0.0123,0.0407,0.9469,54
506098,0.0999,0.8713,0.0288,72
506158,0.0046,0.0145,0.9809,103
506163,0.0064,0.0159,0.9777,30
506216,0.0055,0.0190,0.9755,56
506242,0.0044,0.0113,0.9843,42
506291,0.0037,0.0105,0.9858,74
506294,0.0059,0.0112,0.9829,99
506296,0.0099,0.0853,0.9048,338
506324,0.1007,0.8616,0.0377,32
506346,0.0073,0.0118,0.9809,66
506351,0.0028,0.0083,0.9889,44
506360,0.0321,0.0367,0.9312,230
506497,0.0035,0.0223,0.9742,64
506517,0.0891,0.0776,0.8333,205
506520,0.1372,0.1738,0.6890,52
506545,0.0097,0.0216,0.9687,20
506558,0.0026,0.0096,0.9878,32
506712,0.0029,0.0195,0.9776,31
506733,0.0070,0.0157,0.9772,28
506776,0.0025,0.0154,0.9822,37
507008,0.3888,0.3566,0.2545,104
507040,0.6944,0.2074,0.0981,156
507134,0.0044,0.0088,0.9868,42
507148,0.0026,0.0091,0.9883,38
507171,0.0046,0.0123,0.9831,53
507336,0.0054,0.0349,0.9597,29
507350,0.0026,0.0138,0.9835,40
507500,0.0650,0.5516,0.3834,117
507515,0.2492,0.6554,0.0954,182
507532,0.0029,0.0092,0.9879,26
507626,0.9694,0.0206,0.0099,62
507641,0.5301,0.4549,0.0150,61
507675,0.0264,0.2258,0.7477,114
507777,0.0056,0.0146,0.9798,72
508420,0.0040,0.0108,0.9851,52
508434,0.0054,0.0089,0.9856,27
508509,0.0038,0.0121,0.9841,75
508529,0.0101,0.0167,0.9732,133
508536,0.0031,0.0126,0.9843,65
508590,0.0035,0.0111,0.9855,28
508594,0.0122,0.0707,0.9172,39
508663,0.0044,0.0176,0.9781,47
508727,0.0042,0.0388,0.9570,135
508797,0.6684,0.3044,0.0272,257
508895,0.0127,0.0647,0.9226,77
508934,0.0047,0.0213,0.9740,149
508938,0.5833,0.2584,0.1582,535
508987,0.9290,0.0542,0.0168,48
509044,0.0032,0.0127,0.9841,83
509096,0.0026,0.0180,0.9794,49
509187,0.9505,0.0441,0.0054,37
509354,0.8768,0.0746,0.0486,86
509520,0.0229,0.0409,0.9362,141
509852,0.0043,0.0079,0.9878,28
509947,0.0043,0.0092,0.9865,29
510011,0.0029,0.0102,0.9869,90
510028,0.0043,0.0591,0.9365,26
510114,0.0043,0.0074,0.9883,29
510124,0.0036,0.0214,0.9750,35
510211,0.0038,0.0192,0.9770,47
510230,0.0038,0.0166,0.9796,94
510237,0.6636,0.1557,0.1807,35
510370,0.0040,0.0087,0.9874,57
510421,0.0375,0.4351,0.5274,69
510507,0.0032,0.0256,0.9712,114
510614,0.3903,0.5699,0.0398,109
510631,0.0030,0.0115,0.9855,26
510756,0.0850,0.3435,0.5715,47
510852,0.0426,0.3563,0.6011,84
511394,0.0051,0.0122,0.9827,45
511475,0.0031,0.0125,0.9844,36
511498,0.0389,0.0465,0.9146,526
511521,0.0034,0.0119,0.9847,38
511647,0.0529,0.0305,0.9166,28
511750,0.0042,0.0073,0.9885,104
511751,0.9679,0.0245,0.0076,64
511760,0.0237,0.3404,0.6359,20
511846,0.0103,0.0825,0.9072,403
511896,0.0049,0.0291,0.9660,115
511909,0.0044,0.0093,0.9863,79
511914,0.0340,0.1168,0.8492,229
511932,0.0036,0.0092,0.9873,53
511933,0.0065,0.0273,0.9661,41
511938,0.0034,0.0179,0.9787,93
511942,0.0111,0.0130,0.9759,33
511954,0.0034,0.0192,0.9774,44
511956,0.0404,0.6980,0.2616,221
512063,0.0316,0.0804,0.8880,70
512161,0.0058,0.0122,0.9820,65
512168,0.0101,0.1516,0.8383,33
512175,0.0028,0.0105,0.9867,60
512193,0.0067,0.0750,0.9184,26
512230,0.0031,0.0104,0.9865,33
512246,0.0100,0.0112,0.9787,341
512521,0.0032,0.0094,0.9874,95
512523,0.0349,0.0483,0.9167,300
512549,0.0030,0.0127,0.9843,102
512659,0.0030,0.0106,0.9864,31
512944,0.2932,0.6447,0.0621,128
512949,0.0268,0.0208,0.9524,62
512960,0.1087,0.7792,0.1121,87
512987,0.0092,0.0175,0.9733,72
512996,0.0988,0.0781,0.8231,60
512999,0.0280,0.0275,0.9445,41
513013,0.0164,0.0522,0.9314,151
513074,0.0037,0.0113,0.9850,40
513166,0.0027,0.0091,0.9882,98
513528,0.0030,0.0123,0.9847,179
513529,0.9594,0.0283,0.0123,65
513779,0.4376,0.3931,0.1693,38
513895,0.5808,0.3474,0.0719,125
513910,0.0027,0.0191,0.9782,113
514308,0.0070,0.0172,0.9758,46
514364,0.0429,0.0504,0.9067,38
514420,0.7957,0.0910,0.1133,136
514432,0.0344,0.1889,0.7766,53
514454,0.0030,0.0119,0.9850,89
514521,0.7021,0.2498,0.0481,144
514536,0.0181,0.1719,0.8100,146
514626,0.0066,0.0475,0.9459,73
514627,0.9386,0.0392,0.0222,106
514665,0.0032,0.0097,0.9870,32
514787,0.1703,0.4919,0.3378,114
515150,0.0201,0.2435,0.7364,82
515158,0.0042,0.0225,0.9733,87
515311,0.0032,0.0191,0.9776,69
515319,0.6180,0.3693,0.0127,57
515444,0.0034,0.0132,0.9834,86
515449,0.0845,0.3227,0.5929,32
515469,0.7993,0.1306,0.0701,83
515477,0.0082,0.0276,0.9642,179
515538,0.7930,0.1525,0.0545,174
515593,0.0030,0.0122,0.9848,126
515599,0.0093,0.0179,0.9728,21
515699,0.0050,0.0205,0.9745,131
515747,0.0046,0.0170,0.9784,134
515941,0.0033,0.0195,0.9772,150
515995,0.0257,0.5672,0.4071,441
515999,0.0063,0.0135,0.9802,101
516063,0.0044,0.0115,0.9841,55
516074,0.0049,0.0096,0.9855,144
516244,0.0190,0.0476,0.9334,163
516719,0.0032,0.0236,0.9732,60
516743,0.0196,0.1647,0.8158,100
516785,0.0095,0.0539,0.9366,65
516946,0.0225,0.0969,0.8807,106
517038,0.1839,0.0608,0.7553,44
517053,0.9447,0.0361,0.0192,64
517076,0.0094,0.0356,0.9550,129
517082,0.0121,0.0187,0.9693,141
517106,0.0030,0.0087,0.9884,94
517116,0.0441,0.5081,0.4478,53
517122,0.0095,0.0215,0.9690,408
517151,0.3005,0.6660,0.0334,101
517174,0.0062,0.0668,0.9269,102
517270,0.0045,0.0227,0.9729,24
517283,0.0051,0.0099,0.9850,99
517322,0.7818,0.1745,0.0438,55
517340,0.0259,0.4845,0.4896,91
517343,0.0463,0.6758,0.2779,79
517418,0.0429,0.0412,0.9159,66
517449,0.9606,0.0317,0.0078,27
517487,0.0452,0.0396,0.9152,82
518013,0.2767,0.2268,0.4965,149
518194,0.0089,0.0206,0.9705,29
518454,0.0036,0.0181,0.9782,116
518517,0.6116,0.1283,0.2601,48
518524,0.9470,0.0374,0.0157,78
518529,0.1685,0.1223,0.7091,114
518554,0.0682,0.2155,0.7164,72
518563,0.4498,0.4519,0.0983,161
518594,0.0136,0.0267,0.9597,103
518636,0.0056,0.0195,0.9750,45
518708,0.0045,0.0278,0.9677,38
518751,0.0034,0.0079,0.9887,33
518760,0.0103,0.1036,0.8862,101
518792,0.0199,0.1492,0.8309,126
518843,0.0216,0.0255,0.9529,66
518866,0.0232,0.0717,0.9051,115
518912,0.0311,0.0758,0.8931,91
519014,0.0089,0.0105,0.9806,65
519022,0.1923,0.6887,0.1191,107
519050,0.0073,0.0899,0.9028,89
519070,0.0024,0.0135,0.9841,30
519266,0.0033,0.0083,0.9884,85
519422,0.0067,0.0158,0.9775,28
519852,0.0074,0.0150,0.9776,114
520040,0.0135,0.0173,0.9692,144
520055,0.0035,0.0091,0.9875,53
520069,0.0048,0.0223,0.9729,294
520074,0.0033,0.0147,0.9820,119
520093,0.1518,0.1303,0.7179,61
520105,0.0244,0.0519,0.9237,84
520191,0.0032,0.0107,0.9861,25
520229,0.0044,0.0092,0.9865,31
520242,0.3225,0.5223,0.1551,102
520251,0.0042,0.0140,0.9818,50
520327,0.0051,0.0081,0.9868,27
520668,0.6879,0.1778,0.1344,44
520695,0.9317,0.0569,0.0114,84
520701,0.0026,0.0107,0.9867,98
520767,0.0089,0.0157,0.9753,138
520855,0.0157,0.0816,0.9027,274
520868,0.2980,0.5918,0.1102,181
520924,0.0049,0.0558,0.9393,39
520936,0.8472,0.1406,0.0122,176
520939,0.0746,0.8203,0.1052,362
521265,0.0024,0.0122,0.9854,128
521419,0.0028,0.0147,0.9825,148
521421,0.0035,0.0144,0.9821,246
521540,0.0524,0.2559,0.6917,144
521552,0.0027,0.0148,0.9824,37
521556,0.0132,0.0174,0.9694,30
521557,0.1338,0.2178,0.6485,30
521784,0.0061,0.0150,0.9789,58
521793,0.0046,0.0108,0.9845,30
521976,0.8471,0.1352,0.0177,266
521987,0.0071,0.0387,0.9541,74
521993,0.0034,0.0077,0.9889,44
522006,0.0045,0.0086,0.9869,34
522063,0.0545,0.1475,0.7980,120
522086,0.0672,0.3535,0.5792,156
522162,0.0037,0.0154,0.9809,49
522264,0.0030,0.0206,0.9764,56
522363,0.0041,0.0074,0.9885,35
522865,0.8880,0.0470,0.0650,56
522925,0.4570,0.1875,0.3555,40
522978,0.0047,0.0090,0.9863,92
523352,0.0396,0.1676,0.7927,159
523521,0.0059,0.0135,0.9806,385
523530,0.0527,0.4724,0.4749,42
523547,0.0042,0.0072,0.9886,94
523595,0.0118,0.1565,0.8318,95
523743,0.1594,0.1865,0.6541,365
523827,0.1554,0.0753,0.7693,61
523966,0.0192,0.0881,0.8928,119
523983,0.9200,0.0665,0.0135,112
523986,0.0706,0.5676,0.3617,144
523996,0.0663,0.0752,0.8585,377
524004,0.0996,0.7021,0.1983,29
524007,0.4396,0.4960,0.0644,221
524008,0.7254,0.2466,0.0281,207
524052,0.0034,0.0204,0.9761,95
524060,0.0298,0.5601,0.4100,215
524067,0.0831,0.8736,0.0433,74
524143,0.0741,0.8737,0.0522,111
524151,0.1330,0.7351,0.1319,35
524157,0.8199,0.1685,0.0116,57
524209,0.0124,0.1864,0.8013,72
524214,0.3278,0.4902,0.1820,182
524221,0.0413,0.4925,0.4662,168
524244,0.2572,0.6125,0.1303,289
524267,0.0047,0.0424,0.9529,66
524282,0.0150,0.0258,0.9592,62
524291,0.6017,0.3450,0.0533,103
524326,0.0046,0.0482,0.9472,74
524342,0.0036,0.0099,0.9865,50
524583,0.0051,0.0106,0.9844,34
524756,0.0175,0.0153,0.9672,71
524791,0.0073,0.0340,0.9586,23
524811,0.7692,0.1580,0.0728,172
524875,0.0095,0.0185,0.9720,106
524948,0.0029,0.0084,0.9886,31
524963,0.3782,0.5992,0.0226,208
524970,0.0054,0.0570,0.9375,155
524971,0.2695,0.6688,0.0617,45
524972,0.0552,0.0325,0.9124,172
524988,0.0441,0.8829,0.0729,41
524995,0.0858,0.7137,0.2005,127
525020,0.0047,0.0099,0.9855,64
525051,0.0064,0.0255,0.9681,30
525074,0.0132,0.0320,0.9548,70
525079,0.0040,0.0127,0.9833,72
525101,0.0125,0.0405,0.9470,89
525114,0.2148,0.7407,0.0445,104
525210,0.0231,0.4580,0.5189,210
525316,0.0028,0.0122,0.9850,70
525339,0.0113,0.0493,0.9394,52
525399,0.0087,0.0145,0.9768,92
525491,0.1442,0.5166,0.3393,176
525526,0.0042,0.0108,0.9850,32
525536,0.0047,0.0112,0.9842,60
525562,0.0039,0.0102,0.9859,70
525597,0.5559,0.4122,0.0319,140
525693,0.3645,0.5960,0.0395,45
525800,0.0182,0.2016,0.7801,65
525809,0.0028,0.0142,0.9829,106
525810,0.0485,0.2962,0.6554,138
525820,0.9380,0.0553,0.0067,108
525844,0.0827,0.0541,0.8631,103
525875,0.0150,0.0345,0.9506,60
525933,0.0049,0.0279,0.9672,161
525947,0.9161,0.0761,0.0078,72
525950,0.9115,0.0712,0.0172,50
525959,0.1028,0.0870,0.8102,142
525970,0.8365,0.1456,0.0178,128
526091,0.0046,0.0091,0.9863,135
526097,0.0111,0.0443,0.9446,193
526104,0.0042,0.0109,0.9850,108
526117,0.9255,0.0515,0.0230,229
526247,0.0106,0.0151,0.9743,31
526279,0.7541,0.1678,0.0781,149
526291,0.0130,0.0213,0.9657,46
526301,0.8846,0.1060,0.0095,41
526323,0.0048,0.0077,0.9875,85
526327,0.0030,0.0142,0.9828,60
526378,0.0045,0.0380,0.9575,127
526385,0.0029,0.0129,0.9842,94
526388,0.1190,0.2390,0.6420,293
526440,0.0036,0.0139,0.9825,78
526724,0.0039,0.0116,0.9845,296
526726,0.0037,0.0093,0.9870,36
526733,0.0050,0.0097,0.9854,29
526762,0.4695,0.3352,0.1953,44
526770,0.0063,0.0367,0.9570,129
526811,0.0130,0.1603,0.8267,96
526816,0.1781,0.5766,0.2454,234
526892,0.0041,0.0106,0.9853,24
526903,0.1796,0.1542,0.6661,141
526921,0.0039,0.0106,0.9855,28
526973,0.0234,0.0343,0.9424,79
526979,0.0077,0.0163,0.9760,87
526981,0.0252,0.7936,0.1811,41
526987,0.0371,0.1584,0.8045,133
526991,0.0031,0.0156,0.9813,50
527023,0.0046,0.0348,0.9605,29
527066,0.8904,0.0846,0.0249,243
527072,0.2973,0.4152,0.2875,439
527145,0.0050,0.0143,0.9807,104
527169,0.0060,0.0173,0.9768,84
527187,0.0055,0.0140,0.9805,84
527307,0.0050,0.0469,0.9481,111
527323,0.0027,0.0134,0.9840,28
527357,0.0858,0.8749,0.0394,47
527796,0.0047,0.0247,0.9706,253
527837,0.5688,0.4103,0.0210,37
527885,0.9308,0.0616,0.0076,74
528096,0.0043,0.0107,0.9850,61
528111,0.0027,0.0116,0.9857,87
528127,0.0040,0.0135,0.9824,55
528243,0.0818,0.0471,0.8710,59
528248,0.6802,0.2860,0.0338,94
528290,0.0043,0.0126,0.9831,46
528318,0.0696,0.7121,0.2183,95
528392,0.0138,0.0228,0.9634,32
528442,0.0050,0.0313,0.9637,37
528607,0.0913,0.7408,0.1680,77
528628,0.4310,0.1942,0.3748,36
528779,0.0072,0.0149,0.9779,89
528791,0.9485,0.0420,0.0094,74
528792,0.3514,0.6298,0.0188,28
528810,0.0028,0.0086,0.9887,34
528829,0.1104,0.2756,0.6140,386
528958,0.0081,0.0144,0.9775,72
528966,0.0057,0.0386,0.9557,229
529044,0.0040,0.0094,0.9866,31
529051,0.0054,0.0109,0.9837,59
529063,0.2309,0.4429,0.3263,436
529071,0.0050,0.0072,0.9878,64
529160,0.9368,0.0465,0.0167,212
529173,0.2529,0.1222,0.6249,58
529174,0.0048,0.0136,0.9816,32
529253,0.9020,0.0888,0.0092,72
529266,0.0063,0.0296,0.9641,57
529294,0.9287,0.0491,0.0222,68
529367,0.5867,0.3040,0.1092,47
529405,0.4033,0.5820,0.0147,37
529432,0.0951,0.4535,0.4514,207
529434,0.0043,0.0336,0.9622,53
529457,0.2035,0.4609,0.3356,77
529466,0.0076,0.0292,0.9633,35
529825,0.4288,0.4974,0.0738,87
529857,0.0114,0.0342,0.9544,159
529858,0.0195,0.0424,0.9382,178
529866,0.0096,0.0263,0.9641,56
529918,0.0197,0.0689,0.9114,149
530072,0.0040,0.0341,0.9619,99
530103,0.0034,0.0099,0.9866,31
530126,0.0100,0.0188,0.9711,47
530137,0.0095,0.1012,0.8893,107
530272,0.0031,0.0083,0.9886,82
530315,0.0033,0.0086,0.9881,55
530384,0.0226,0.0533,0.9240,65
530411,0.0065,0.0222,0.9714,38
530447,0.0060,0.0151,0.9789,294
530484,0.0127,0.0165,0.9708,123
530524,0.0125,0.3252,0.6622,83
530603,0.0045,0.0184,0.9772,52
530820,0.0098,0.0108,0.9793,99
530825,0.0050,0.0228,0.9722,73
530848,0.0068,0.0353,0.9579,102
530897,0.0039,0.0147,0.9813,68
530904,0.0030,0.0106,0.9864,59
530977,0.0054,0.0161,0.9785,42
531023,0.0072,0.0104,0.9824,54
531046,0.1280,0.4478,0.4242,294
531118,0.0096,0.0208,0.9696,65
531173,0.0056,0.0106,0.9838,61
531188,0.5363,0.4393,0.0244,33
531405,0.0252,0.0352,0.9396,30
531412,0.7900,0.1892,0.0209,42
531438,0.0027,0.0101,0.9872,52
531448,0.0061,0.0153,0.9787,91
531453,0.0046,0.0128,0.9826,24
531455,0.0029,0.0088,0.9883,42
531474,0.9095,0.0783,0.0122,40
531539,0.0037,0.0093,0.9871,43
531550,0.0416,0.7318,0.2266,283
531551,0.9604,0.0296,0.0100,41
532153,0.0037,0.0132,0.9831,202
532159,0.2325,0.6766,0.0909,211
532266,0.4367,0.4597,0.1037,132
532316,0.0057,0.0094,0.9849,45
532364,0.9472,0.0364,0.0164,44
532369,0.0041,0.0089,0.9870,32
532374,0.0049,0.0098,0.9853,25
532416,0.0067,0.0327,0.9606,101
532587,0.0098,0.0414,0.9488,30
532606,0.0052,0.0118,0.9830,62
532686,0.1503,0.4432,0.4065,118
532754,0.8421,0.1301,0.0278,90
532866,0.0105,0.1617,0.8278,100
533307,0.0134,0.0167,0.9698,68
533332,0.0033,0.0142,0.9825,80
533345,0.4558,0.3186,0.2255,40
533504,0.0129,0.0844,0.9027,71
533515,0.0026,0.0101,0.9873,62
533606,0.0121,0.0321,0.9558,76
533631,0.0074,0.0107,0.9818,54
533632,0.2320,0.3732,0.3949,41
533649,0.0187,0.0518,0.9295,105
534255,0.0399,0.1303,0.8299,68
534360,0.0099,0.1868,0.8034,60
534367,0.0033,0.0083,0.9884,58
534398,0.0032,0.0190,0.9777,37
534409,0.6691,0.2869,0.0440,62
534432,0.7870,0.1626,0.0504,52
534444,0.9658,0.0232,0.0110,34
534449,0.0040,0.0114,0.9846,50
534514,0.1321,0.6753,0.1926,301
534529,0.9359,0.0457,0.0185,55
534545,0.0096,0.1233,0.8670,251
534550,0.0031,0.0082,0.9887,62
534591,0.0034,0.0124,0.9842,31
534637,0.0050,0.0171,0.9779,37
534654,0.2895,0.2776,0.4328,90
534703,0.8934,0.0961,0.0104,40
534814,0.0228,0.0721,0.9051,87
534891,0.0040,0.0072,0.9888,49
534894,0.0048,0.0254,0.9698,76
534963,0.8311,0.1281,0.0409,128
534986,0.0048,0.0134,0.9818,61
534990,0.0469,0.2806,0.6725,57
534997,0.9299,0.0436,0.0264,77
535017,0.7383,0.2089,0.0528,304
535058,0.0031,0.0095,0.9873,33
535079,0.0080,0.0239,0.9681,158
535128,0.0195,0.0794,0.9011,82
535130,0.0106,0.0139,0.9755,258
535168,0.0040,0.0098,0.9862,140
535242,0.0207,0.0295,0.9498,96
535303,0.7711,0.2182,0.0107,23
535485,0.0075,0.0387,0.9538,174
535521,0.0595,0.6107,0.3298,36
535577,0.0105,0.0152,0.9743,34
536206,0.9205,0.0652,0.0143,166
536492,0.9574,0.0291,0.0135,124
536518,0.8998,0.0886,0.0116,54
536547,0.0036,0.0101,0.9863,33
536608,0.9576,0.0354,0.0070,42
536626,0.0028,0.0084,0.9888,42
536646,0.0337,0.6845,0.2817,55
536701,0.0034,0.0126,0.9840,40
536783,0.7344,0.2393,0.0263,28
537084,0.9551,0.0360,0.0090,247
537564,0.0063,0.0228,0.9708,132
537624,0.2385,0.2385,0.5231,104
537668,0.4407,0.4897,0.0695,203
537687,0.3134,0.1509,0.5357,692
537711,0.0025,0.0180,0.9795,45
537716,0.0120,0.0292,0.9588,26
537731,0.0675,0.8923,0.0403,32
537963,0.0612,0.1495,0.7893,67
538007,0.5056,0.4802,0.0143,29
538029,0.0416,0.3123,0.6461,227
538045,0.0032,0.0111,0.9857,34
538046,0.0030,0.0117,0.9853,30
538071,0.0290,0.0347,0.9363,99
538078,0.0029,0.0112,0.9859,46
538097,0.0039,0.0104,0.9857,52
538129,0.0027,0.0121,0.9852,32
538136,0.0063,0.0131,0.9806,128
538211,0.0103,0.1106,0.8791,155
538236,0.0033,0.0197,0.9770,82
538268,0.2751,0.6541,0.0707,70
538349,0.0325,0.7886,0.1789,112
538399,0.1866,0.7698,0.0436,83
538424,0.0041,0.0241,0.9718,70
538428,0.0537,0.8681,0.0782,165
538529,0.0035,0.0104,0.9861,48
538555,0.0030,0.0102,0.9869,32
538564,0.0029,0.0111,0.9860,41
538642,0.3276,0.5343,0.1381,29
538643,0.0036,0.0091,0.9873,30
538647,0.9421,0.0471,0.0108,84
538898,0.9509,0.0386,0.0105,102
538901,0.8744,0.0448,0.0808,37
538970,0.1195,0.3493,0.5312,37
538992,0.0174,0.0520,0.9306,154
539133,0.0041,0.0227,0.9732,33
539143,0.1250,0.1238,0.7512,28
539696,0.0058,0.0204,0.9738,90
539697,0.0039,0.0114,0.9847,28
539736,0.0470,0.0565,0.8965,90
539825,0.0055,0.0122,0.9823,105
539848,0.0051,0.0218,0.9732,31
539856,0.0110,0.0340,0.9550,118
539859,0.3004,0.5557,0.1438,196
539873,0.0077,0.0230,0.9693,97
539897,0.0682,0.8438,0.0879,24
539933,0.0430,0.4054,0.5516,72
539939,0.9588,0.0347,0.0065,81
539949,0.0035,0.0085,0.9880,55
539986,0.0033,0.0118,0.9848,25
540099,0.4598,0.1950,0.3453,298
540125,0.0028,0.0152,0.9820,33
540170,0.0507,0.2135,0.7358,128
540194,0.0033,0.0098,0.9869,60
540200,0.0034,0.0082,0.9883,44
540210,0.7808,0.1456,0.0735,565
540316,0.0327,0.0288,0.9385,38
540357,0.0153,0.0141,0.9706,54
540412,0.0066,0.0155,0.9779,20
540451,0.7686,0.1463,0.0852,144
540510,0.0220,0.0303,0.9477,61
540574,0.9149,0.0538,0.0313,218
540616,0.8635,0.1212,0.0154,60
540620,0.0046,0.0527,0.9427,21
540633,0.0119,0.0505,0.9376,201
540639,0.0058,0.0272,0.9670,50
540730,0.0031,0.0143,0.9825,64
540747,0.0040,0.0282,0.9678,120
540782,0.0042,0.0181,0.9777,57
540807,0.0072,0.0453,0.9475,199
540917,0.0032,0.0096,0.9872,36
541146,0.0036,0.0178,0.9786,44
541156,0.9182,0.0657,0.0162,166
541230,0.0725,0.1135,0.8140,226
541254,0.0931,0.4409,0.4660,45
541294,0.0188,0.0181,0.9631,59
541343,0.0040,0.0190,0.9769,147
541419,0.0114,0.0876,0.9010,150
541441,0.0103,0.0130,0.9767,54
541930,0.0820,0.2793,0.6388,243
542029,0.0074,0.0479,0.9447,121
542063,0.1213,0.6808,0.1978,31
542068,0.9714,0.0184,0.0102,88
542093,0.4311,0.5287,0.0402,38
542182,0.0050,0.0349,0.9601,169
542227,0.0028,0.0088,0.9884,34
542250,0.0102,0.0660,0.9239,166
542256,0.1076,0.8705,0.0219,39
542310,0.0076,0.0429,0.9496,276
542346,0.0050,0.0075,0.9875,55
542359,0.0166,0.0273,0.9561,18
542529,0.6632,0.2751,0.0617,53
542606,0.9618,0.0289,0.0093,68
542684,0.0397,0.3853,0.5750,57
542717,0.7658,0.2159,0.0183,79
542779,0.4819,0.3849,0.1332,77
542780,0.0133,0.0198,0.9669,87
542879,0.0047,0.0434,0.9519,226
542926,0.0134,0.0268,0.9598,264
542961,0.0068,0.0202,0.9731,73
542986,0.0034,0.0101,0.9865,32
543052,0.0110,0.1539,0.8351,97
543077,0.9367,0.0316,0.0317,33
543162,0.0069,0.0106,0.9825,60
543177,0.0070,0.0081,0.9849,45
543180,0.0110,0.0237,0.9653,78
543209,0.0240,0.1125,0.8635,32
543230,0.0033,0.0091,0.9876,21
543269,0.0032,0.0114,0.9854,53
543278,0.0025,0.0154,0.9821,34
543317,0.0038,0.0102,0.9860,78
543375,0.0035,0.0105,0.9859,83
543379,0.0079,0.0104,0.9818,31
543388,0.0169,0.0208,0.9623,42
543536,0.0041,0.0181,0.9778,122
543568,0.0473,0.8814,0.0712,90
543581,0.1671,0.5917,0.2412,394
543587,0.0222,0.4029,0.5748,293
543605,0.0076,0.0379,0.9545,292
543628,0.0510,0.8614,0.0877,87
543715,0.0119,0.1371,0.8510,417
543759,0.0075,0.0521,0.9405,172
543804,0.8089,0.1790,0.0121,90
543817,0.0855,0.8363,0.0782,342
543821,0.4566,0.5078,0.0356,217
543889,0.0260,0.3743,0.5997,110
543893,0.1143,0.3063,0.5794,135
543906,0.0518,0.8860,0.0622,51
543911,0.3594,0.6140,0.0267,126
543930,0.1265,0.8516,0.0219,237
543949,0.0647,0.5723,0.3630,175
544024,0.0035,0.0110,0.9855,68
544050,0.0045,0.0262,0.9694,58
544083,0.0034,0.0141,0.9825,40
544117,0.0100,0.0394,0.9506,157
544147,0.0050,0.0424,0.9525,133
544165,0.1957,0.6907,0.1136,49
544298,0.0070,0.0513,0.9417,102
544308,0.1504,0.7137,0.1359,41
544339,0.0107,0.0124,0.9769,27
544342,0.0025,0.0172,0.9803,64
544392,0.8973,0.0799,0.0228,99
544428,0.0262,0.0225,0.9513,92
544446,0.0090,0.0149,0.9761,74
544508,0.0130,0.0136,0.9734,33
544581,0.0256,0.0437,0.9307,37
544644,0.8604,0.1170,0.0225,315
544662,0.8170,0.1254,0.0576,37
544750,0.0119,0.0176,0.9705,73
544764,0.0334,0.1132,0.8534,126
544778,0.0032,0.0174,0.9794,51
544786,0.8090,0.1590,0.0320,254
544794,0.8326,0.1305,0.0370,93
544801,0.9593,0.0310,0.0096,112
544825,0.0039,0.0153,0.9808,33
544832,0.8008,0.1771,0.0220,37
544983,0.1412,0.4947,0.3641,222
545034,0.0037,0.0119,0.9844,46
545104,0.0117,0.1114,0.8769,37
545164,0.0070,0.0386,0.9544,179
545165,0.7644,0.2005,0.0350,56
545181,0.0029,0.0104,0.9867,65
545224,0.8751,0.0910,0.0339,43
545334,0.0032,0.0173,0.9795,138
545336,0.0065,0.1254,0.8681,688
545369,0.0034,0.0162,0.9804,44
545444,0.0046,0.0088,0.9866,51
545447,0.0039,0.0127,0.9834,152
545459,0.3847,0.2337,0.3816,26
545481,0.3516,0.3414,0.3070,275
545497,0.1688,0.6841,0.1470,114
545503,0.0040,0.0092,0.9868,30
545574,0.0089,0.0144,0.9767,100
545577,0.6419,0.3058,0.0523,340
545598,0.1574,0.8061,0.0364,50
545757,0.9653,0.0243,0.0104,151
545855,0.0034,0.0127,0.9839,53
545893,0.0164,0.2886,0.6950,28
545921,0.4011,0.4142,0.1847,151
545997,0.0086,0.0182,0.9733,54
546004,0.1330,0.0880,0.7790,32
546116,0.0077,0.0115,0.9808,48
546187,0.0033,0.0132,0.9836,85
546242,0.9489,0.0445,0.0066,91
546318,0.0036,0.0198,0.9766,365
546326,0.0030,0.0155,0.9815,91
546342,0.0230,0.3022,0.6748,49
546381,0.0535,0.0350,0.9115,110
546537,0.7236,0.2504,0.0261,67
546541,0.0096,0.0226,0.9678,120
546548,0.4283,0.2237,0.3480,226
546579,0.9088,0.0796,0.0117,52
546604,0.0030,0.0099,0.9871,44
546685,0.0030,0.0124,0.9847,200
546688,0.9306,0.0451,0.0243,30
546778,0.0046,0.0142,0.9813,84
546804,0.0060,0.0099,0.9841,56
546808,0.0164,0.0157,0.9679,33
546934,0.0083,0.1072,0.8844,177
547015,0.0042,0.0125,0.9833,114
547040,0.0047,0.0087,0.9866,33
547041,0.0241,0.2590,0.7170,175
547077,0.0040,0.0112,0.9848,28
547151,0.0043,0.0109,0.9848,74
547157,0.0040,0.0237,0.9723,100
547166,0.0946,0.0617,0.8437,137
547193,0.0080,0.0719,0.9201,153
547196,0.9283,0.0607,0.0109,78
547266,0.0242,0.4137,0.5621,78
547308,0.4144,0.5618,0.0238,164
547319,0.0027,0.0195,0.9778,61
547916,0.0043,0.0474,0.9483,72
547922,0.0040,0.0075,0.9885,50
547941,0.0058,0.0136,0.9806,101
547975,0.0090,0.0142,0.9768,138
548020,0.0552,0.6048,0.3400,191
548022,0.0039,0.0102,0.9858,89
548063,0.1828,0.7810,0.0362,165
548079,0.0101,0.0459,0.9440,231
548098,0.5429,0.3769,0.0802,352
548133,0.1246,0.7661,0.1093,144
548168,0.5043,0.4742,0.0215,38
548198,0.0087,0.1293,0.8620,80
548324,0.0342,0.0499,0.9159,64
548326,0.0552,0.7446,0.2003,107
548340,0.0054,0.0114,0.9832,78
548376,0.0056,0.0488,0.9456,55
548535,0.0050,0.0107,0.9842,124
548541,0.0175,0.0204,0.9621,72
548975,0.0056,0.0335,0.9609,147
548977,0.6883,0.2953,0.0164,36
549103,0.0081,0.0145,0.9774,56
549112,0.0197,0.0303,0.9501,43
549118,0.0035,0.0107,0.9859,26
549134,0.7911,0.1977,0.0112,234
549415,0.0118,0.0318,0.9565,270
549627,0.0070,0.0326,0.9603,170
549939,0.1721,0.5907,0.2371,106
549992,0.0128,0.1765,0.8106,63
550041,0.0239,0.2712,0.7049,71
550208,0.0031,0.0092,0.9877,61
550262,0.1232,0.0939,0.7829,73
550483,0.0087,0.0382,0.9531,50
550492,0.0307,0.0528,0.9164,53
550515,0.0036,0.0134,0.9830,120
550556,0.5436,0.2324,0.2239,32
550601,0.7073,0.2559,0.0368,112
550619,0.1901,0.1752,0.6347,82
550668,0.8960,0.0935,0.0105,90
550679,0.0049,0.0261,0.9690,48
550843,0.9658,0.0241,0.0101,56
551014,0.0038,0.0165,0.9797,24
551018,0.0429,0.0988,0.8583,454
551031,0.0615,0.2118,0.7267,145
551074,0.0136,0.0229,0.9635,72
551186,0.0061,0.0474,0.9465,67
551215,0.0070,0.0387,0.9543,29
551221,0.0217,0.2107,0.7675,139
551226,0.0047,0.0164,0.9789,57
551235,0.1372,0.8345,0.0282,103
551243,0.9291,0.0597,0.0111,207
551250,0.9174,0.0600,0.0227,189
551309,0.0029,0.0291,0.9680,59
551354,0.0040,0.0151,0.9809,124
551378,0.0028,0.0133,0.9838,61
551385,0.9013,0.0898,0.0089,223
551424,0.0065,0.0213,0.9721,102
551465,0.1876,0.3571,0.4553,107
551654,0.4253,0.5538,0.0209,77
551673,0.0958,0.3022,0.6020,123
551692,0.4376,0.1702,0.3922,157
551693,0.0055,0.0113,0.9832,44
551709,0.8052,0.1557,0.0391,275
551717,0.7488,0.1999,0.0512,24
551796,0.2210,0.4456,0.3334,196
551927,0.0072,0.0092,0.9836,79
551983,0.0039,0.0145,0.9816,220
552039,0.4746,0.4099,0.1155,430
552119,0.0048,0.0091,0.9862,25
552272,0.0035,0.0177,0.9788,47
552282,0.0028,0.0143,0.9829,34
552317,0.4417,0.3406,0.2177,90
552498,0.0046,0.0303,0.9652,132
552594,0.2092,0.7502,0.0406,58
552621,0.1022,0.4826,0.4152,66
552647,0.0090,0.1095,0.8815,91
552673,0.0109,0.0220,0.9671,84
552898,0.1993,0.4475,0.3532,109
552975,0.0076,0.0125,0.9799,273
553000,0.0253,0.1228,0.8519,66
553012,0.0039,0.0084,0.9877,42
553025,0.0032,0.0083,0.9885,33
553044,0.0141,0.0985,0.8875,128
553072,0.0032,0.0143,0.9824,114
553073,0.0993,0.8270,0.0738,130
553100,0.1067,0.0608,0.8326,32
553231,0.0030,0.0152,0.9818,57
553273,0.0175,0.1294,0.8531,286
553484,0.0025,0.0154,0.9821,25
553518,0.0115,0.0786,0.9099,26
553549,0.0136,0.0406,0.9458,316
553567,0.0043,0.0421,0.9536,24
553650,0.3561,0.1879,0.4559,61
553715,0.0131,0.0472,0.9397,66
553748,0.8802,0.1108,0.0090,39
553757,0.0102,0.0155,0.9742,98
553841,0.0026,0.0143,0.9831,36
554133,0.0044,0.0167,0.9789,51
554186,0.0468,0.6509,0.3023,101
554206,0.0145,0.2371,0.7484,177
554416,0.6169,0.3556,0.0275,69
554447,0.0124,0.0119,0.9757,91
554472,0.0029,0.0125,0.9846,48
554497,0.1499,0.0528,0.7973,40
554553,0.3131,0.4935,0.1934,109
554558,0.0099,0.0189,0.9711,117
554584,0.1442,0.0916,0.7641,131
554602,0.0336,0.0284,0.9380,38
554635,0.0029,0.0090,0.9881,49
554663,0.3351,0.4453,0.2195,106
554693,0.5301,0.3312,0.1387,40
554833,0.0079,0.1040,0.8881,253
554963,0.0037,0.0085,0.9879,72
554972,0.0033,0.0094,0.9873,58
555022,0.9652,0.0264,0.0084,60
555155,0.0038,0.0102,0.9860,135
555159,0.0034,0.0194,0.9772,55
555177,0.5527,0.4240,0.0233,56
555198,0.0122,0.0127,0.9751,26
555286,0.1129,0.2375,0.6496,49
555342,0.0154,0.0394,0.9452,32
555350,0.0071,0.0102,0.9826,63
555433,0.9283,0.0586,0.0131,58
555459,0.1544,0.5782,0.2674,35
555467,0.0031,0.0108,0.9860,104
555526,0.0040,0.0099,0.9861,35
555537,0.6012,0.3364,0.0625,99
555573,0.0641,0.2508,0.6852,19
555588,0.0029,0.0100,0.9871,28
555946,0.6077,0.3416,0.0507,31
556020,0.0299,0.1705,0.7996,48
556031,0.5013,0.4756,0.0230,95
556048,0.0029,0.0099,0.9873,71
556082,0.7470,0.1945,0.0585,96
556157,0.0033,0.0110,0.9858,57
556171,0.1315,0.2936,0.5749,375
556182,0.0049,0.0100,0.9851,42
556199,0.0506,0.1791,0.7703,520
556390,0.5689,0.3706,0.0605,46
556396,0.6312,0.2082,0.1606,135
556522,0.0444,0.2219,0.7337,148
556542,0.0042,0.0117,0.9841,44
556606,0.2658,0.5317,0.2025,31
557109,0.0031,0.0140,0.9829,71
557300,0.0050,0.0091,0.9859,36
557328,0.9616,0.0290,0.0094,48
557333,0.0082,0.0150,0.9768,85
557450,0.1052,0.7766,0.1182,246
557459,0.0038,0.0103,0.9859,101
557462,0.0058,0.0123,0.9818,147
557469,0.0085,0.0241,0.9674,41
557518,0.9676,0.0249,0.0075,50
557530,0.9550,0.0381,0.0070,111
557606,0.0744,0.1574,0.7683,429
557635,0.0617,0.0590,0.8793,77
557648,0.0040,0.0169,0.9791,72
557728,0.0102,0.0221,0.9677,50
557735,0.0027,0.0206,0.9767,37
557808,0.9515,0.0336,0.0149,267
557989,0.0029,0.0085,0.9885,27
557999,0.0902,0.8643,0.0455,166
558006,0.0063,0.0266,0.9671,126
558094,0.0043,0.0294,0.9662,119
558097,0.0984,0.8626,0.0390,173
558142,0.0069,0.1172,0.8760,126
558167,0.0050,0.0144,0.9806,81
558192,0.0318,0.2796,0.6886,107
558428,0.0040,0.0150,0.9811,30
558431,0.0037,0.0108,0.9855,53
558488,0.0041,0.0110,0.9849,44
558492,0.0081,0.0528,0.9391,128
558530,0.0073,0.1112,0.8815,71
558538,0.0029,0.0114,0.9856,43
558570,0.0069,0.0402,0.9529,365
558583,0.0034,0.0104,0.9862,45
558584,0.0033,0.0086,0.9881,119
558730,0.9383,0.0540,0.0077,42
558785,0.0066,0.0325,0.9608,26
558819,0.1595,0.8214,0.0191,30
558823,0.0029,0.0094,0.9877,108
558837,0.0033,0.0125,0.9842,29
558903,0.0037,0.0146,0.9818,79
558908,0.7396,0.2311,0.0293,86
558961,0.1589,0.5862,0.2549,83
558965,0.0050,0.0115,0.9835,44
558973,0.7821,0.2009,0.0169,44
558979,0.0042,0.0114,0.9844,33
559017,0.9457,0.0445,0.0098,96
559064,0.0638,0.3481,0.5881,131
559076,0.0056,0.0130,0.9813,88
559852,0.0043,0.0112,0.9845,59
559855,0.0047,0.0157,0.9796,64
559895,0.0440,0.0794,0.8765,244
559899,0.9089,0.0758,0.0152,266
559902,0.0088,0.1446,0.8466,95
559985,0.3350,0.4833,0.1817,437
559988,0.0286,0.2614,0.7100,68
559991,0.1313,0.6626,0.2061,59
560055,0.0061,0.0113,0.9827,30
560101,0.5057,0.1720,0.3223,43
560263,0.0038,0.0087,0.9875,94
560265,0.9256,0.0588,0.0156,316
560388,0.0164,0.0738,0.9098,108
560407,0.0191,0.2542,0.7267,29
560413,0.0167,0.0387,0.9446,30
560424,0.0250,0.0407,0.9342,102
560429,0.0502,0.3584,0.5915,78
560695,0.2324,0.6356,0.1320,112
560804,0.0888,0.4613,0.4499,288
560806,0.0498,0.7338,0.2164,174
560829,0.0037,0.0112,0.9851,38
560834,0.0487,0.9248,0.0265,35
560942,0.0029,0.0125,0.9846,62
561204,0.0055,0.0366,0.9579,42
561682,0.9073,0.0829,0.0098,101
561700,0.0274,0.0986,0.8740,67
561718,0.0033,0.0169,0.9797,19
561775,0.0074,0.0250,0.9675,28
561780,0.5165,0.3391,0.1444,51
561790,0.0034,0.0129,0.9837,89
561937,0.8853,0.1034,0.0113,104
561948,0.0126,0.0130,0.9745,45
562123,0.0061,0.0785,0.9154,113
562128,0.0159,0.4452,0.5389,82
562325,0.0041,0.0099,0.9860,37
562399,0.0038,0.0232,0.9730,34
562494,0.1083,0.6803,0.2113,254
562531,0.0113,0.0121,0.9766,79
562534,0.0720,0.1633,0.7647,133
562954,0.1268,0.3208,0.5524,107
563016,0.0029,0.0118,0.9853,61
563021,0.0050,0.0136,0.9814,28
563064,0.0032,0.0099,0.9869,64
563093,0.0037,0.0167,0.9796,32
563101,0.0032,0.0126,0.9842,41
563115,0.0057,0.0200,0.9742,40
563169,0.0030,0.0096,0.9873,32
563400,0.0040,0.0351,0.9609,51
563487,0.0032,0.0177,0.9791,56
563491,0.0057,0.0383,0.9560,73
563528,0.0050,0.0123,0.9828,69
563564,0.0123,0.0189,0.9688,48
563573,0.0034,0.0144,0.9821,113
563613,0.8516,0.0645,0.0840,81
563616,0.0037,0.0122,0.9841,36
563739,0.3581,0.6049,0.0369,157
563748,0.0031,0.0111,0.9858,33
563760,0.0043,0.0086,0.9871,41
563777,0.0029,0.0091,0.9880,70
563800,0.0032,0.0090,0.9878,66
563854,0.0047,0.0141,0.9812,60
563885,0.0102,0.0206,0.9692,88
563972,0.0049,0.0153,0.9798,21
563986,0.0107,0.0422,0.9471,76
563994,0.5018,0.3105,0.1876,72
564051,0.0246,0.1436,0.8318,133
564114,0.0035,0.0116,0.9848,58
564192,0.0699,0.6349,0.2953,30
564207,0.0034,0.0236,0.9729,21
564220,0.0043,0.0108,0.9849,47
564347,0.1515,0.7615,0.0870,132
564353,0.0041,0.0330,0.9629,88
564381,0.9467,0.0398,0.0136,49
564482,0.0049,0.0288,0.9663,84
564498,0.9444,0.0455,0.0102,30
564529,0.9692,0.0234,0.0074,40
564539,0.3952,0.2144,0.3903,224
564553,0.0056,0.0322,0.9622,154
564555,0.0128,0.0343,0.9528,164
564561,0.0030,0.0209,0.9761,53
564565,0.9541,0.0257,0.0202,66
564581,0.0037,0.0115,0.9848,114
564615,0.0881,0.1581,0.7538,91
564618,0.0081,0.0134,0.9784,42
564662,0.0062,0.0151,0.9787,37
564701,0.0420,0.0564,0.9017,50
564703,0.0039,0.0103,0.9858,57
564706,0.0036,0.0230,0.9734,39
564720,0.0264,0.0464,0.9272,56
564725,0.0542,0.1847,0.7611,235
564759,0.0140,0.0380,0.9480,44
564961,0.0375,0.0657,0.8968,169
564966,0.1831,0.7751,0.0418,39
565044,0.1715,0.6870,0.1416,162
565729,0.0027,0.0134,0.9839,91
565851,0.0875,0.2289,0.6837,659
565990,0.0037,0.0154,0.9809,45
566021,0.0038,0.0108,0.9853,32
566309,0.0034,0.0117,0.9850,43
566334,0.6908,0.2967,0.0125,38
566481,0.0037,0.0198,0.9765,61
566567,0.0060,0.0340,0.9599,45
566568,0.0055,0.0173,0.9772,38
566576,0.0055,0.0172,0.9773,87
566629,0.0301,0.1404,0.8295,678
566652,0.0513,0.3662,0.5825,170
566848,0.0053,0.0159,0.9788,85
566962,0.8296,0.1101,0.0603,44
566965,0.0029,0.0211,0.9760,45
567007,0.0494,0.1490,0.8016,74
567048,0.0056,0.0148,0.9796,67
567229,0.6995,0.2879,0.0126,19
567515,0.0193,0.0726,0.9081,61
567516,0.6745,0.3036,0.0218,79
567524,0.0029,0.0083,0.9888,67
567545,0.0049,0.0098,0.9853,76
567556,0.0035,0.0102,0.9863,90
568112,0.0041,0.0087,0.9872,54
568198,0.0047,0.0160,0.9793,44
568211,0.0035,0.0088,0.9877,27
568265,0.0036,0.0082,0.9882,39
568289,0.0050,0.0448,0.9502,93
568359,0.2291,0.3014,0.4695,130
568363,0.0043,0.0093,0.9865,74
568428,0.0065,0.0223,0.9712,61
