review_id,p_negative,p_neutral,p_positive,n_tokens
74,0.2627,0.6189,0.1184,18
106,0.0714,0.4721,0.4565,19
115,0.0037,0.0148,0.9815,28
703,0.0055,0.0144,0.9801,28
223,0.0043,0.0099,0.9857,31
50,0.9535,0.0409,0.0056,31
890,0.0033,0.0281,0.9685,36
771,0.0032,0.0243,0.9725,38
56,0.0038,0.0140,0.9822,42
433,0.0558,0.0767,0.8675,44
438,0.0067,0.0328,0.9605,44
826,0.0092,0.0302,0.9607,46
130,0.0046,0.0284,0.9670,46
327,0.0145,0.0825,0.9030,49
229,0.9367,0.0553,0.0080,55
773,0.0053,0.0169,0.9778,57
176,0.0051,0.0228,0.9721,58
665,0.0031,0.0089,0.9880,59
374,0.0056,0.0125,0.9820,66
64,0.0042,0.0409,0.9549,66
6,0.0040,0.0153,0.9807,68
125,0.0640,0.3395,0.5965,70
380,0.7682,0.1661,0.0657,70
743,0.0056,0.0353,0.9592,76
696,0.4958,0.3602,0.1441,79
485,0.0090,0.0917,0.8993,86
360,0.0138,0.2905,0.6957,93
568,0.2771,0.4630,0.2598,101
839,0.0178,0.0471,0.9351,116
646,0.0521,0.2161,0.7318,132
686,0.0102,0.0420,0.9478,200
865,0.0142,0.1306,0.8552,489
45095,0.0052,0.0177,0.9771,15
364246,0.3236,0.6235,0.0529,16
179757,0.0062,0.0186,0.9752,16
54831,0.1921,0.5873,0.2206,17
467075,0.0041,0.0859,0.9100,17
447261,0.7429,0.2228,0.0344,17
174933,0.0120,0.0323,0.9557,17
109142,0.0027,0.0094,0.9879,17
220102,0.0051,0.0541,0.9408,17
281084,0.0028,0.0138,0.9834,18
464672,0.0177,0.1381,0.8441,18
103786,0.0088,0.1861,0.8052,18
467072,0.0040,0.0157,0.9803,18
255603,0.0030,0.0120,0.9849,18
42054,0.0062,0.0494,0.9444,18
333347,0.0053,0.0074,0.9872,18
252832,0.0106,0.0589,0.9305,18
462590,0.0112,0.0402,0.9486,18
242304,0.0050,0.0136,0.9813,18
243209,0.0029,0.0079,0.9892,18
174361,0.0032,0.0115,0.9853,18
62024,0.0046,0.0095,0.9859,18
542359,0.0078,0.0756,0.9166,18
299708,0.0253,0.4804,0.4944,18
54752,0.0051,0.0133,0.9815,19
4590,0.0047,0.0504,0.9449,19
20197,0.0023,0.0080,0.9897,19
62136,0.0027,0.0263,0.9710,19
6503,0.6847,0.2956,0.0197,19
108388,0.0046,0.0272,0.9682,19
128811,0.0092,0.0974,0.8933,19
125206,0.0041,0.0085,0.9874,19
90295,0.0038,0.0663,0.9299,19
555573,0.0079,0.0954,0.8967,19
168892,0.0048,0.0274,0.9677,19
15573,0.0030,0.0116,0.9853,19
243823,0.0063,0.0353,0.9584,19
29498,0.0053,0.0257,0.9691,19
29586,0.2445,0.2469,0.5086,19
29715,0.0242,0.0943,0.8815,19
194283,0.0026,0.0123,0.9851,19
561718,0.0029,0.0506,0.9465,19
32685,0.0029,0.0109,0.9861,19
432108,0.0027,0.0183,0.9790,19
287679,0.0041,0.0135,0.9824,19
41258,0.0064,0.0511,0.9426,19
567229,0.8820,0.1007,0.0173,19
304773,0.0026,0.0090,0.9884,19
32490,0.0062,0.0241,0.9697,19
60120,0.0023,0.0154,0.9824,20
38058,0.0039,0.0131,0.9830,20
540412,0.0044,0.0316,0.9640,20
351441,0.0040,0.0263,0.9697,20
47388,0.0036,0.0176,0.9788,20
38088,0.0103,0.0328,0.9569,20
105107,0.0637,0.4095,0.5268,20
232134,0.0084,0.0195,0.9721,20
231904,0.0035,0.0230,0.9735,20
447431,0.0050,0.0184,0.9767,20
170015,0.0024,0.0100,0.9876,20
458650,0.8488,0.1251,0.0262,20
464586,0.0076,0.1454,0.8469,20
260395,0.0020,0.0101,0.9878,20
18316,0.0042,0.0101,0.9857,20
409889,0.0143,0.0690,0.9167,20
9693,0.3291,0.5159,0.1549,20
438579,0.0108,0.0895,0.8996,20
425446,0.0038,0.0141,0.9821,20
80883,0.0030,0.0136,0.9834,20
20825,0.0077,0.0180,0.9744,20
511760,0.0031,0.0205,0.9764,20
506545,0.0044,0.0185,0.9771,20
35622,0.0021,0.0312,0.9668,20
335696,0.2365,0.3304,0.4330,20
22864,0.0185,0.2423,0.7391,20
415967,0.8265,0.1582,0.0154,20
27645,0.8255,0.1624,0.0121,20
220908,0.0021,0.0091,0.9888,20
427237,0.0056,0.0173,0.9771,20
515599,0.0164,0.0946,0.8890,21
436888,0.0081,0.0757,0.9162,21
437485,0.0050,0.0310,0.9640,21
161556,0.4307,0.3823,0.1870,21
451338,0.0053,0.0245,0.9702,21
146593,0.0042,0.0755,0.9203,21
137666,0.0062,0.0701,0.9237,21
437441,0.0029,0.0092,0.9879,21
456435,0.0405,0.0794,0.8801,21
384362,0.0053,0.0362,0.9585,21
464758,0.0037,0.0235,0.9728,21
278213,0.2949,0.3114,0.3938,21
364138,0.0054,0.1350,0.8596,21
564207,0.0042,0.0260,0.9698,21
499320,0.0026,0.0096,0.9878,21
2621,0.0180,0.0936,0.8884,21
540620,0.0041,0.0625,0.9333,21
283552,0.0029,0.0081,0.9890,21
55217,0.0045,0.0199,0.9756,21
327816,0.8909,0.1015,0.0076,21
543230,0.0037,0.0096,0.9867,21
418854,0.0035,0.0354,0.9611,21
27055,0.0041,0.0433,0.9526,21
222986,0.0031,0.0076,0.9893,21
204296,0.0036,0.0209,0.9756,21
184878,0.0561,0.2697,0.6742,21
10213,0.0029,0.0095,0.9877,21
255034,0.0075,0.0115,0.9810,21
265265,0.0027,0.0139,0.9834,21
563972,0.0029,0.0100,0.9871,21
495947,0.6106,0.3519,0.0375,21
437352,0.0105,0.1006,0.8889,22
474387,0.8770,0.1118,0.0113,22
155136,0.0031,0.0099,0.9870,22
392695,0.2307,0.5818,0.1875,22
362710,0.0026,0.0265,0.9709,22
277123,0.0043,0.0083,0.9874,22
64618,0.0030,0.0088,0.9883,22
340249,0.0039,0.0223,0.9738,22
302435,0.9320,0.0607,0.0073,22
296854,0.0031,0.0112,0.9856,22
60684,0.2548,0.6609,0.0843,22
293030,0.0033,0.0188,0.9779,22
91841,0.0172,0.1095,0.8734,22
505287,0.0512,0.2872,0.6616,22
260037,0.0062,0.0621,0.9317,22
261644,0.1307,0.4523,0.4170,22
77916,0.0049,0.0153,0.9797,22
281937,0.0128,0.2938,0.6934,22
152927,0.0053,0.0516,0.9431,22
234382,0.0036,0.0070,0.9893,22
242193,0.0079,0.0363,0.9559,22
100803,0.0028,0.0110,0.9862,22
310708,0.4954,0.4000,0.1047,22
10294,0.0089,0.0690,0.9221,22
372732,0.0034,0.0115,0.9851,22
107739,0.0023,0.0103,0.9875,22
430688,0.0227,0.1004,0.8769,22
226527,0.0995,0.4813,0.4193,22
123118,0.0033,0.0067,0.9900,23
390537,0.0089,0.0511,0.9400,23
454898,0.0126,0.0901,0.8974,23
270007,0.0231,0.0765,0.9004,23
457173,0.0140,0.0801,0.9059,23
457797,0.0027,0.0068,0.9905,23
43568,0.0067,0.0119,0.9813,23
21500,0.0040,0.0389,0.9571,23
287304,0.8959,0.0910,0.0132,23
35445,0.0029,0.0118,0.9853,23
535303,0.5883,0.3416,0.0701,23
296410,0.0022,0.0113,0.9865,23
17664,0.9423,0.0496,0.0081,23
113684,0.0121,0.1115,0.8765,23
354976,0.0347,0.1976,0.7677,23
524791,0.0092,0.1341,0.8567,23
272129,0.6927,0.2414,0.0659,23
503951,0.0049,0.0291,0.9661,23
365895,0.0036,0.0157,0.9807,23
271359,0.0037,0.0141,0.9822,23
499004,0.0033,0.0163,0.9804,23
504134,0.0045,0.0129,0.9826,23
201895,0.0083,0.0281,0.9636,23
322640,0.0029,0.0085,0.9886,23
194861,0.0088,0.0311,0.9600,23
180750,0.0043,0.0137,0.9820,23
403072,0.0728,0.8385,0.0887,23
177856,0.0199,0.1154,0.8647,23
3320,0.0039,0.0124,0.9837,24
213069,0.0195,0.0709,0.9096,24
44501,0.0029,0.0129,0.9842,24
214120,0.0127,0.1045,0.8828,24
551014,0.0044,0.0309,0.9646,24
539897,0.0103,0.1560,0.8337,24
531453,0.0051,0.0177,0.9771,24
49994,0.0042,0.0116,0.9842,24
416000,0.0054,0.0162,0.9784,24
10801,0.0022,0.0100,0.9878,24
65145,0.0090,0.0150,0.9760,24
551717,0.7275,0.2292,0.0432,24
293571,0.0021,0.0134,0.9846,24
418840,0.0107,0.0322,0.9571,24
417238,0.0037,0.0204,0.9759,24
526892,0.0050,0.0173,0.9777,24
276983,0.0049,0.0097,0.9853,24
86688,0.0139,0.0906,0.8955,24
492212,0.0066,0.0420,0.9513,24
99712,0.0048,0.0199,0.9753,24
80896,0.0053,0.0161,0.9786,24
501291,0.0080,0.0192,0.9729,24
79141,0.0043,0.0152,0.9806,24
502032,0.9006,0.0904,0.0090,24
270912,0.0032,0.0090,0.9879,24
64129,0.0046,0.0171,0.9784,24
553567,0.0035,0.0122,0.9843,24
272632,0.0032,0.0186,0.9783,24
517270,0.0024,0.0456,0.9520,24
76192,0.0038,0.0070,0.9891,24
259097,0.1367,0.6026,0.2607,24
376012,0.0183,0.0518,0.9299,24
155844,0.9002,0.0919,0.0079,24
131308,0.5742,0.3516,0.0742,24
99397,0.0522,0.3163,0.6315,24
227607,0.0034,0.0152,0.9814,24
121690,0.0030,0.0110,0.9861,24
140951,0.0110,0.2273,0.7617,24
142286,0.0035,0.0083,0.9882,24
142436,0.0040,0.0130,0.9829,24
241721,0.0084,0.0380,0.9537,24
299274,0.0272,0.1677,0.8050,24
309095,0.0033,0.0079,0.9888,24
32690,0.0039,0.0073,0.9888,24
389782,0.6598,0.3059,0.0343,24
389135,0.0044,0.0100,0.9856,24
457820,0.8766,0.1053,0.0181,24
144923,0.0338,0.6375,0.3287,24
158053,0.0097,0.1939,0.7964,24
477757,0.0083,0.0381,0.9536,24
17416,0.0035,0.0097,0.9868,24
475238,0.0029,0.0097,0.9874,24
464502,0.0025,0.0130,0.9845,24
252622,0.0273,0.1214,0.8513,24
150039,0.0027,0.0245,0.9729,24
395298,0.0026,0.0120,0.9854,24
486236,0.0053,0.0469,0.9477,24
265432,0.0083,0.0165,0.9752,24
356226,0.0041,0.0214,0.9746,25
344178,0.0033,0.0251,0.9716,25
353063,0.0026,0.0108,0.9866,25
356149,0.0067,0.0223,0.9711,25
53090,0.0027,0.0073,0.9900,25
38245,0.0042,0.0128,0.9831,25
103294,0.2173,0.5355,0.2472,25
101292,0.0030,0.0100,0.9870,25
77462,0.0040,0.0085,0.9875,25
276419,0.0037,0.0089,0.9874,25
176543,0.0029,0.0082,0.9889,25
553484,0.0040,0.0181,0.9779,25
497631,0.1808,0.2896,0.5296,25
91037,0.0038,0.0123,0.9838,25
189573,0.0040,0.0102,0.9858,25
520191,0.0032,0.0121,0.9847,25
74251,0.0071,0.0279,0.9650,25
405181,0.0078,0.0426,0.9496,25
499268,0.0055,0.0190,0.9755,25
399416,0.6911,0.2943,0.0146,25
220092,0.0032,0.0235,0.9733,25
499085,0.0140,0.0471,0.9389,25
73830,0.0055,0.0213,0.9733,25
77864,0.0610,0.2353,0.7038,25
539986,0.0050,0.0150,0.9800,25
35449,0.0061,0.0223,0.9717,25
532374,0.0029,0.0149,0.9822,25
325001,0.7132,0.2441,0.0427,25
41596,0.0028,0.0445,0.9528,25
43954,0.0031,0.0140,0.9829,25
406713,0.0296,0.0936,0.8767,25
552119,0.0033,0.0158,0.9809,25
347826,0.0033,0.0129,0.9838,25
344849,0.0043,0.0221,0.9735,25
489447,0.0031,0.0104,0.9864,25
442794,0.0208,0.0517,0.9275,25
171073,0.0429,0.7075,0.2497,25
435990,0.9354,0.0567,0.0079,25
115819,0.0046,0.0189,0.9764,25
473549,0.0027,0.0177,0.9795,25
115257,0.0028,0.0178,0.9795,25
127584,0.0141,0.2456,0.7403,25
256507,0.0689,0.2837,0.6474,25
255831,0.0042,0.0091,0.9868,25
391351,0.0077,0.0323,0.9600,25
385474,0.6453,0.3183,0.0364,25
97305,0.0051,0.0163,0.9786,25
162927,0.0031,0.0105,0.9864,25
497635,0.0023,0.0114,0.9863,25
367436,0.0031,0.0116,0.9852,25
262630,0.0026,0.0166,0.9808,25
443121,0.0028,0.0098,0.9874,25
138890,0.0023,0.0083,0.9894,25
14378,0.0038,0.0077,0.9886,25
467227,0.0038,0.0078,0.9884,25
123333,0.0060,0.0521,0.9419,25
460086,0.0041,0.0091,0.9868,25
135875,0.0036,0.0192,0.9773,25
461772,0.0025,0.0125,0.9850,25
448526,0.0022,0.0081,0.9897,25
470045,0.0033,0.0192,0.9775,25
242817,0.0021,0.0475,0.9503,25
33987,0.0034,0.0126,0.9840,25
309044,0.0051,0.0132,0.9817,25
328213,0.0034,0.0335,0.9631,25
315177,0.0049,0.0202,0.9749,25
317228,0.0033,0.0092,0.9875,25
40164,0.0035,0.0123,0.9843,25
337036,0.0484,0.3929,0.5587,25
307284,0.0054,0.0614,0.9332,25
25606,0.0040,0.0184,0.9776,25
24353,0.0063,0.0165,0.9772,25
24195,0.9321,0.0618,0.0061,25
26298,0.0061,0.0129,0.9810,26
307365,0.0047,0.0142,0.9811,26
306610,0.0037,0.0082,0.9880,26
330237,0.0032,0.0140,0.9828,26
311807,0.0019,0.0141,0.9839,26
243440,0.0033,0.0235,0.9733,26
1959,0.3038,0.5596,0.1365,26
124991,0.0034,0.0097,0.9869,26
7740,0.0040,0.0319,0.9640,26
8251,0.1245,0.1560,0.7195,26
451070,0.0093,0.1007,0.8900,26
241491,0.6465,0.3228,0.0307,26
244951,0.0437,0.1631,0.7931,26
545459,0.3759,0.5205,0.1036,26
463733,0.3536,0.5118,0.1347,26
135756,0.8982,0.0904,0.0114,26
470951,0.0045,0.0189,0.9766,26
115433,0.0047,0.0299,0.9654,26
474676,0.0081,0.0756,0.9164,26
471698,0.0125,0.0425,0.9450,26
113186,0.8163,0.1733,0.0105,26
105631,0.0038,0.0108,0.9854,26
106425,0.0079,0.0400,0.9521,26
108533,0.0071,0.0463,0.9466,26
140284,0.7740,0.1949,0.0311,26
448529,0.0139,0.1583,0.8278,26
120823,0.1279,0.4621,0.4100,26
14898,0.2725,0.3883,0.3393,26
455948,0.3402,0.2044,0.4554,26
391709,0.3755,0.3366,0.2879,26
247749,0.9371,0.0542,0.0087,26
252092,0.0109,0.1821,0.8070,26
488553,0.0161,0.1040,0.8799,26
555198,0.0149,0.0664,0.9187,26
16526,0.0056,0.0393,0.9551,26
78856,0.0855,0.1321,0.7824,26
13285,0.0062,0.0175,0.9763,26
86010,0.0045,0.0166,0.9788,26
266546,0.0028,0.0078,0.9894,26
167172,0.0035,0.0149,0.9816,26
429733,0.0045,0.0290,0.9665,26
431924,0.0073,0.1216,0.8710,26
558785,0.0115,0.0299,0.9586,26
172647,0.0039,0.0125,0.9836,26
91164,0.0042,0.0097,0.9861,26
439296,0.0111,0.0406,0.9483,26
178978,0.0380,0.2375,0.7245,26
161382,0.0030,0.0177,0.9792,26
236542,0.0028,0.0128,0.9844,26
236579,0.0030,0.0098,0.9873,26
229053,0.0035,0.0081,0.9884,26
111112,0.0104,0.0607,0.9289,26
156047,0.0054,0.0199,0.9747,26
157046,0.0058,0.0102,0.9839,26
441498,0.0021,0.0150,0.9828,26
227588,0.0027,0.0143,0.9830,26
236541,0.0032,0.0144,0.9824,26
99762,0.0030,0.0065,0.9904,26
215560,0.6193,0.3572,0.0236,26
216811,0.0036,0.0098,0.9866,26
214634,0.0257,0.1028,0.8714,26
222853,0.0347,0.3141,0.6512,26
6490,0.0702,0.2514,0.6784,26
553518,0.0144,0.1665,0.8192,26
278815,0.0033,0.0154,0.9813,26
512193,0.0055,0.0633,0.9312,26
201621,0.0453,0.6530,0.3017,26
428102,0.0103,0.0317,0.9579,26
10921,0.0515,0.2696,0.6788,26
181597,0.0029,0.0123,0.9848,26
184138,0.0169,0.0771,0.9060,26
183875,0.1157,0.1806,0.7037,26
199443,0.0028,0.0068,0.9903,26
55868,0.2524,0.3061,0.4415,26
51201,0.9545,0.0400,0.0055,26
35296,0.2305,0.4397,0.3298,26
537716,0.0081,0.0381,0.9537,26
348685,0.9223,0.0701,0.0076,26
48901,0.0020,0.0090,0.9890,26
510028,0.0089,0.1009,0.8901,26
10329,0.0056,0.0159,0.9785,26
21462,0.0037,0.0128,0.9834,26
41125,0.5543,0.4074,0.0383,26
215422,0.0038,0.0107,0.9856,26
214160,0.0087,0.0311,0.9602,26
210778,0.0033,0.0088,0.9879,26
407982,0.0034,0.0128,0.9838,26
208762,0.0067,0.0268,0.9665,26
326300,0.0084,0.1220,0.8697,26
549118,0.0028,0.0111,0.9861,26
10176,0.0049,0.0629,0.9322,26
287214,0.0030,0.0116,0.9854,26
345732,0.0029,0.0131,0.9840,26
57444,0.0028,0.0359,0.9613,26
46820,0.0062,0.0325,0.9612,26
40871,0.0291,0.0694,0.9015,26
349702,0.0023,0.0092,0.9885,26
422681,0.0274,0.0759,0.8966,26
189330,0.7854,0.1640,0.0506,26
188219,0.0051,0.0224,0.9725,26
61368,0.0061,0.0680,0.9259,26
70625,0.0031,0.0133,0.9836,26
510631,0.0032,0.0124,0.9845,26
507532,0.0039,0.0117,0.9843,26
227070,0.0142,0.0347,0.9511,26
252853,0.0095,0.0501,0.9404,27
445696,0.6049,0.2375,0.1575,27
154617,0.0061,0.0108,0.9831,27
150739,0.0046,0.0196,0.9758,27
150939,0.0053,0.0131,0.9816,27
449543,0.0025,0.0215,0.9761,27
119403,0.0049,0.0252,0.9699,27
132651,0.0284,0.0636,0.9079,27
379117,0.0028,0.0140,0.9832,27
254563,0.0032,0.0111,0.9856,27
256293,0.3858,0.4848,0.1294,27
480250,0.0047,0.0760,0.9193,27
471260,0.8584,0.1318,0.0098,27
116024,0.0044,0.0225,0.9731,27
113614,0.0030,0.0083,0.9887,27
138896,0.0050,0.0080,0.9870,27
131014,0.0152,0.0484,0.9364,27
467416,0.0035,0.0361,0.9604,27
120455,0.6208,0.2371,0.1420,27
458178,0.8756,0.1103,0.0142,27
28879,0.0184,0.0587,0.9229,27
308502,0.0080,0.0183,0.9737,27
309514,0.0080,0.0309,0.9612,27
435300,0.0040,0.0152,0.9808,27
433500,0.0032,0.0117,0.9851,27
177667,0.0188,0.1050,0.8762,27
174541,0.0026,0.0428,0.9546,27
438595,0.0028,0.0093,0.9879,27
438504,0.0038,0.0237,0.9725,27
438537,0.9488,0.0428,0.0084,27
165416,0.0043,0.0111,0.9846,27
495821,0.0046,0.0117,0.9837,27
261896,0.0460,0.0674,0.8867,27
483646,0.0062,0.0535,0.9402,27
102425,0.0617,0.1307,0.8076,27
92278,0.0047,0.0264,0.9689,27
491419,0.2620,0.5279,0.2101,27
91065,0.0084,0.0831,0.9085,27
494076,0.0025,0.0332,0.9643,27
557989,0.0046,0.0103,0.9851,27
167870,0.0486,0.3310,0.6204,27
367724,0.0026,0.0149,0.9826,27
376142,0.0185,0.0721,0.9093,27
246752,0.0040,0.0121,0.9839,27
248398,0.5991,0.3319,0.0690,27
148007,0.2475,0.4270,0.3255,27
450100,0.0041,0.0105,0.9854,27
108660,0.0039,0.0093,0.9868,27
476299,0.8945,0.0945,0.0110,27
110769,0.8774,0.1147,0.0079,27
487494,0.0067,0.0232,0.9700,27
442307,0.0040,0.0400,0.9560,27
440027,0.0043,0.0092,0.9864,27
158488,0.0055,0.0370,0.9574,27
159144,0.0018,0.0213,0.9769,27
227558,0.0244,0.2709,0.7047,27
229653,0.9355,0.0561,0.0084,27
227384,0.0021,0.0306,0.9673,27
454441,0.0454,0.2039,0.7507,27
247341,0.0036,0.0103,0.9861,27
15466,0.0050,0.0191,0.9759,27
238650,0.1203,0.3607,0.5191,27
309273,0.0060,0.0828,0.9112,27
337730,0.0034,0.0127,0.9839,27
337706,0.0089,0.0217,0.9694,27
40361,0.0253,0.1402,0.8345,27
310941,0.0059,0.0168,0.9773,27
310836,0.0038,0.0148,0.9814,27
34256,0.0031,0.0108,0.9861,27
544339,0.0031,0.0145,0.9824,27
400340,0.0050,0.0113,0.9837,27
285045,0.9139,0.0797,0.0064,27
508434,0.0073,0.0177,0.9750,27
520327,0.0070,0.0108,0.9822,27
281582,0.0192,0.2417,0.7391,27
357436,0.0031,0.0218,0.9751,27
187209,0.0098,0.0440,0.9462,27
63285,0.0030,0.0694,0.9276,27
73488,0.0024,0.0112,0.9865,27
80907,0.0379,0.2354,0.7267,27
84540,0.0155,0.0752,0.9093,27
6037,0.0042,0.0101,0.9857,27
365775,0.1014,0.3519,0.5467,27
273385,0.0039,0.0158,0.9803,27
214635,0.0033,0.0118,0.9849,27
401698,0.0154,0.0702,0.9144,27
271327,0.0055,0.0444,0.9502,27
60212,0.0020,0.0181,0.9798,27
418222,0.0037,0.0093,0.9870,27
348634,0.0037,0.0295,0.9668,27
416778,0.8789,0.1080,0.0131,27
420148,0.0040,0.0211,0.9749,27
285365,0.0218,0.0747,0.9035,27
69118,0.0694,0.3265,0.6040,27
196229,0.9154,0.0732,0.0114,27
281268,0.0055,0.0173,0.9771,27
517449,0.9148,0.0785,0.0066,27
206255,0.0111,0.1761,0.8128,27
209398,0.0062,0.0950,0.8988,27
321544,0.0078,0.0153,0.9769,27
324768,0.0417,0.6774,0.2809,27
1684,0.0041,0.0163,0.9795,27
208772,0.0041,0.0219,0.9740,27
324614,0.0553,0.0576,0.8870,27
568211,0.0022,0.0076,0.9902,27
27040,0.4606,0.3664,0.1730,27
322846,0.0107,0.0236,0.9657,28
499794,0.6675,0.2922,0.0403,28
561775,0.0125,0.0399,0.9476,28
468833,0.3646,0.5725,0.0629,28
251458,0.0042,0.0072,0.9886,28
547077,0.0121,0.0832,0.9046,28
328383,0.5969,0.2957,0.1074,28
545893,0.0057,0.0504,0.9439,28
330238,0.0042,0.0156,0.9802,28
315320,0.2134,0.4821,0.3045,28
447092,0.0043,0.0256,0.9702,28
13644,0.0030,0.0298,0.9672,28
46083,0.0026,0.0075,0.9899,28
44939,0.9325,0.0602,0.0072,28
152742,0.0030,0.0094,0.9875,28
154491,0.0083,0.1969,0.7948,28
153306,0.0340,0.1365,0.8295,28
229310,0.0053,0.0341,0.9605,28
107477,0.0090,0.0298,0.9612,28
151388,0.0038,0.0164,0.9798,28
355155,0.0041,0.0113,0.9846,28
489762,0.0035,0.1974,0.7991,28
250909,0.0031,0.0253,0.9716,28
500792,0.0041,0.0397,0.9562,28
363219,0.0126,0.0699,0.9174,28
47528,0.7144,0.2505,0.0351,28
563021,0.0053,0.0258,0.9689,28
228937,0.0041,0.0198,0.9761,28
511647,0.0044,0.0290,0.9666,28
280559,0.0026,0.0167,0.9807,28
65606,0.0023,0.0089,0.9887,28
102714,0.0101,0.0399,0.9500,28
101686,0.0024,0.0092,0.9883,28
69360,0.0039,0.0095,0.9866,28
69363,0.0059,0.0149,0.9792,28
41782,0.0039,0.0126,0.9834,28
536783,0.3599,0.3500,0.2901,28
450079,0.0043,0.0664,0.9292,28
149672,0.0059,0.0274,0.9667,28
206240,0.0622,0.2245,0.7133,28
40642,0.0025,0.0157,0.9818,28
40680,0.0033,0.0137,0.9829,28
539143,0.0206,0.0788,0.9006,28
539697,0.0048,0.0209,0.9743,28
449113,0.0039,0.0120,0.9840,28
225762,0.0062,0.1000,0.8938,28
183661,0.0388,0.2540,0.7072,28
282096,0.1687,0.3903,0.4410,28
280673,0.0050,0.0164,0.9787,28
91592,0.0036,0.0099,0.9865,28
176362,0.0026,0.0204,0.9769,28
430159,0.0038,0.0119,0.9844,28
432918,0.0025,0.0120,0.9855,28
253089,0.0092,0.0273,0.9635,28
380027,0.0062,0.0335,0.9603,28
470667,0.0686,0.4164,0.5150,28
469449,0.0052,0.0254,0.9694,28
120876,0.0110,0.1082,0.8809,28
481621,0.0024,0.0083,0.9893,28
270053,0.0047,0.0322,0.9631,28
269887,0.0122,0.0692,0.9186,28
226488,0.9274,0.0646,0.0081,28
237512,0.0053,0.0313,0.9633,28
237941,0.0281,0.0781,0.8938,28
7634,0.0024,0.0117,0.9859,28
39412,0.0050,0.0114,0.9836,28
349620,0.3839,0.3337,0.2824,28
147962,0.0031,0.0126,0.9843,28
102314,0.9160,0.0778,0.0062,28
463368,0.0029,0.0308,0.9663,28
120701,0.0050,0.0317,0.9632,28
208147,0.0032,0.0120,0.9848,28
210006,0.0049,0.0108,0.9843,28
3606,0.0027,0.0078,0.9895,28
3623,0.0097,0.0440,0.9463,28
377198,0.0041,0.0111,0.9848,28
257036,0.0306,0.2046,0.7647,28
426387,0.0380,0.2091,0.7529,28
87596,0.7183,0.2451,0.0366,28
285970,0.0049,0.0632,0.9318,28
5116,0.0032,0.0141,0.9827,28
240626,0.0095,0.0269,0.9636,28
388932,0.0083,0.0324,0.9593,28
490282,0.7863,0.2033,0.0104,28
51796,0.0046,0.0134,0.9820,28
347644,0.0046,0.0106,0.9848,28
290385,0.0113,0.0525,0.9362,28
526921,0.0078,0.0238,0.9685,28
434019,0.0031,0.0257,0.9712,28
385727,0.0031,0.0120,0.9849,28
209858,0.4223,0.4184,0.1593,28
76633,0.0063,0.0248,0.9689,28
71070,0.1244,0.4187,0.4569,28
71115,0.4682,0.2782,0.2535,28
508590,0.0025,0.0128,0.9847,28
423945,0.0044,0.0100,0.9856,28
188078,0.0449,0.1422,0.8130,28
390828,0.8052,0.1630,0.0318,28
262395,0.0028,0.0120,0.9852,28
16390,0.0076,0.0185,0.9739,28
509852,0.0054,0.0085,0.9861,28
403062,0.0053,0.0151,0.9796,28
194374,0.0085,0.0182,0.9733,28
84338,0.0070,0.0259,0.9671,28
118058,0.9223,0.0701,0.0077,28
292774,0.0103,0.1051,0.8846,28
72472,0.0523,0.2159,0.7318,28
142871,0.5106,0.3626,0.1269,28
73371,0.0037,0.0226,0.9737,28
293292,0.0042,0.0121,0.9836,28
528792,0.9332,0.0600,0.0068,28
113156,0.0299,0.0979,0.8722,28
243276,0.0240,0.3333,0.6427,28
339578,0.5059,0.3030,0.1912,28
52765,0.0043,0.0075,0.9883,28
53409,0.0038,0.0107,0.9855,28
527323,0.0038,0.0102,0.9861,28
33910,0.0041,0.0176,0.9784,28
245705,0.0045,0.0520,0.9435,28
519422,0.0043,0.0109,0.9849,28
334432,0.0038,0.0150,0.9812,28
506733,0.0043,0.0311,0.9646,28
214809,0.0031,0.0252,0.9717,28
404911,0.0054,0.0323,0.9623,28
298787,0.0031,0.0192,0.9778,28
259251,0.0262,0.2546,0.7191,28
308832,0.0056,0.0133,0.9810,28
460348,0.9183,0.0694,0.0123,28
212598,0.0030,0.0081,0.9889,28
213051,0.0021,0.0081,0.9898,28
76579,0.0025,0.0574,0.9401,28
326739,0.8713,0.1122,0.0166,28
468673,0.3626,0.4575,0.1799,28
413035,0.0029,0.0057,0.9914,28
204712,0.0029,0.0079,0.9893,28
170682,0.0042,0.0118,0.9840,28
555588,0.0028,0.0090,0.9882,28
499014,0.0066,0.0216,0.9718,28
466729,0.0040,0.0211,0.9749,28
126333,0.1405,0.2969,0.5626,28
80756,0.0027,0.0115,0.9859,28
23775,0.0099,0.0216,0.9685,29
325010,0.0025,0.0081,0.9894,29
318779,0.0075,0.0178,0.9747,29
381899,0.0041,0.0116,0.9842,29
249020,0.0043,0.0168,0.9788,29
134695,0.0037,0.0230,0.9732,29
74606,0.0042,0.0212,0.9746,29
133425,0.9263,0.0620,0.0117,29
459182,0.0026,0.0062,0.9911,29
307616,0.0050,0.0106,0.9844,29
374474,0.0079,0.0215,0.9707,29
231856,0.0018,0.0184,0.9797,29
274571,0.0088,0.0248,0.9664,29
106905,0.0054,0.0227,0.9719,29
446427,0.4923,0.3591,0.1486,29
67369,0.4585,0.2678,0.2736,29
90400,0.0043,0.0464,0.9493,29
395965,0.0061,0.0150,0.9789,29
43933,0.0367,0.4979,0.4654,29
106234,0.0050,0.0159,0.9791,29
448975,0.4411,0.3768,0.1821,29
11295,0.0074,0.0427,0.9498,29
472261,0.0286,0.0950,0.8764,29
560407,0.0066,0.0391,0.9543,29
215243,0.0021,0.0175,0.9804,29
308677,0.0050,0.0279,0.9670,29
254215,0.0034,0.0158,0.9808,29
377721,0.4916,0.3479,0.1605,29
271839,0.2516,0.3771,0.3713,29
25870,0.2724,0.1733,0.5543,29
58315,0.0029,0.0079,0.9892,29
105228,0.0110,0.1031,0.8859,29
270245,0.0051,0.0106,0.9843,29
8567,0.0027,0.0123,0.9850,29
8485,0.0046,0.0189,0.9765,29
494503,0.0042,0.0098,0.9860,29
410465,0.9395,0.0534,0.0071,29
391041,0.0051,0.0193,0.9756,29
352247,0.0046,0.0156,0.9798,29
351933,0.0113,0.0888,0.9000,29
538007,0.9371,0.0573,0.0057,29
281948,0.7041,0.2640,0.0319,29
192113,0.0063,0.0516,0.9421,29
527023,0.0062,0.0272,0.9666,29
451055,0.0046,0.0114,0.9839,29
538642,0.7715,0.1994,0.0290,29
195099,0.0037,0.0115,0.9848,29
21977,0.0376,0.5805,0.3819,29
161765,0.0033,0.0229,0.9738,29
64207,0.8897,0.1014,0.0089,29
518194,0.0075,0.0312,0.9613,29
236786,0.0025,0.0176,0.9799,29
494937,0.9340,0.0588,0.0072,29
87759,0.9414,0.0516,0.0070,29
50162,0.0028,0.0084,0.9888,29
267468,0.0050,0.0149,0.9801,29
77310,0.0070,0.0910,0.9020,29
299015,0.0059,0.0148,0.9793,29
421711,0.0052,0.0110,0.9838,29
526733,0.0035,0.0195,0.9770,29
53947,0.0025,0.0075,0.9900,29
53475,0.0031,0.0155,0.9813,29
173478,0.0084,0.0138,0.9778,29
245457,0.0046,0.0274,0.9680,29
242792,0.0075,0.0442,0.9483,29
140269,0.0464,0.2028,0.7508,29
450622,0.0052,0.0240,0.9708,29
430763,0.0028,0.0088,0.9884,29
283427,0.0044,0.0190,0.9765,29
510114,0.0064,0.0368,0.9568,29
223448,0.0151,0.1623,0.8227,29
421822,0.0044,0.1870,0.8086,29
456700,0.0031,0.0068,0.9902,29
138019,0.0850,0.2198,0.6952,29
350386,0.8565,0.1274,0.0161,29
452094,0.0032,0.0279,0.9689,29
334035,0.0026,0.0119,0.9854,29
309861,0.0033,0.0114,0.9853,29
246422,0.0355,0.1978,0.7667,29
558837,0.0049,0.0107,0.9843,29
343953,0.3077,0.2387,0.4536,29
432867,0.8457,0.1364,0.0180,29
407530,0.0025,0.0096,0.9879,29
333059,0.0025,0.0201,0.9774,29
211685,0.0038,0.0144,0.9818,29
509947,0.0042,0.0081,0.9877,29
162835,0.0143,0.0950,0.8907,29
551215,0.1249,0.2864,0.5887,29
73077,0.0037,0.0148,0.9815,29
439045,0.0029,0.0168,0.9802,29
143633,0.0466,0.3625,0.5909,29
507336,0.0093,0.0646,0.9262,29
98281,0.0034,0.0091,0.9876,29
194807,0.0029,0.0108,0.9863,29
320415,0.0405,0.1638,0.7957,29
168682,0.0046,0.0085,0.9869,29
491820,0.0456,0.2331,0.7213,29
480786,0.0035,0.0727,0.9238,29
524004,0.0132,0.5388,0.4479,29
436618,0.0034,0.0075,0.9892,29
315247,0.0039,0.0151,0.9810,29
325736,0.0045,0.0137,0.9818,30
134852,0.0070,0.0479,0.9451,30
23489,0.0071,0.0331,0.9597,30
15737,0.0034,0.0124,0.9842,30
126486,0.0956,0.1738,0.7306,30
560055,0.0022,0.0136,0.9842,30
90762,0.0129,0.0397,0.9474,30
521793,0.0063,0.0191,0.9746,30
546688,0.6950,0.2867,0.0183,30
489515,0.0023,0.0210,0.9767,30
564192,0.0093,0.0582,0.9325,30
564498,0.9100,0.0814,0.0086,30
11473,0.6359,0.3337,0.0303,30
301452,0.0074,0.0254,0.9672,30
17694,0.0054,0.0104,0.9843,30
460106,0.0029,0.0076,0.9894,30
119641,0.0029,0.0148,0.9823,30
30597,0.0072,0.0370,0.9558,30
55193,0.0047,0.0288,0.9664,30
254276,0.0039,0.0205,0.9756,30
519070,0.0040,0.0124,0.9837,30
273898,0.0040,0.0166,0.9795,30
532587,0.0115,0.0807,0.9078,30
271267,0.0065,0.0208,0.9727,30
531405,0.0034,0.0314,0.9652,30
203777,0.0029,0.0155,0.9816,30
155431,0.4856,0.3875,0.1269,30
157273,0.0230,0.5740,0.4030,30
446196,0.0051,0.0131,0.9818,30
189669,0.0024,0.0110,0.9866,30
189712,0.0027,0.0205,0.9767,30
73475,0.0038,0.0088,0.9875,30
292755,0.0041,0.0474,0.9485,30
388382,0.0094,0.1203,0.8704,30
309485,0.0059,0.0542,0.9399,30
402872,0.8786,0.1098,0.0116,30
371018,0.9304,0.0622,0.0074,30
484521,0.0175,0.5696,0.4129,30
260434,0.0044,0.0078,0.9878,30
62520,0.0137,0.0276,0.9588,30
160811,0.0081,0.0531,0.9388,30
381610,0.0038,0.0085,0.9877,30
538046,0.0085,0.0335,0.9579,30
43606,0.0125,0.0389,0.9485,30
354150,0.0039,0.0206,0.9755,30
279926,0.0046,0.0325,0.9628,30
43511,0.0042,0.0125,0.9833,30
357457,0.0061,0.0151,0.9788,30
279368,0.9246,0.0683,0.0072,30
279152,0.0181,0.0553,0.9266,30
107577,0.0025,0.0280,0.9695,30
560413,0.2752,0.4885,0.2363,30
506163,0.0078,0.0220,0.9702,30
38676,0.0138,0.1791,0.8070,30
424147,0.0093,0.0340,0.9566,30
186461,0.0049,0.0076,0.9874,30
185626,0.0016,0.0140,0.9843,30
400780,0.0176,0.1547,0.8277,30
112453,0.0093,0.0580,0.9327,30
29456,0.0034,0.0074,0.9892,30
538643,0.0045,0.0274,0.9681,30
426392,0.0040,0.0104,0.9855,30
281531,0.0030,0.0129,0.9842,30
397192,0.0450,0.4552,0.4998,30
8383,0.5673,0.3095,0.1232,30
558428,0.0063,0.0100,0.9837,30
441298,0.0065,0.0132,0.9803,30
65624,0.1416,0.3890,0.4694,30
391143,0.0035,0.0185,0.9781,30
151179,0.8336,0.1523,0.0142,30
129446,0.0032,0.0189,0.9779,30
525051,0.0039,0.0868,0.9093,30
454421,0.0028,0.0075,0.9896,30
376742,0.2735,0.6502,0.0764,30
83312,0.0030,0.0088,0.9882,30
19511,0.0039,0.0086,0.9875,30
558819,0.7340,0.2454,0.0206,30
144439,0.0029,0.0074,0.9897,30
112095,0.0048,0.0634,0.9317,30
38073,0.0035,0.0146,0.9819,30
114689,0.0061,0.0112,0.9828,30
454843,0.0025,0.0175,0.9800,30
104048,0.1474,0.3207,0.5318,30
108531,0.0017,0.0178,0.9804,30
108317,0.9466,0.0447,0.0087,30
521557,0.0112,0.0573,0.9315,30
521556,0.4813,0.4222,0.0965,30
387377,0.0055,0.0292,0.9653,30
159159,0.0509,0.4403,0.5088,30
139394,0.0843,0.2912,0.6245,30
491278,0.0051,0.0109,0.9839,30
5332,0.0043,0.0257,0.9700,30
146868,0.0049,0.0103,0.9848,30
111195,0.0278,0.0335,0.9387,30
60843,0.0230,0.7863,0.1907,30
100050,0.9416,0.0522,0.0063,30
455122,0.0143,0.1726,0.8131,30
33123,0.0031,0.1739,0.8229,30
34537,0.0063,0.0195,0.9743,30
53135,0.0125,0.0232,0.9643,30
225310,0.0176,0.0979,0.8845,30
147851,0.8309,0.1625,0.0066,30
55902,0.8746,0.1096,0.0159,30
57148,0.0039,0.0219,0.9742,30
19267,0.0025,0.0165,0.9810,30
42227,0.0024,0.0183,0.9793,30
26911,0.0100,0.0941,0.8958,30
545503,0.0057,0.0181,0.9762,30
19399,0.0032,0.0143,0.9825,30
349605,0.0024,0.0126,0.9850,30
40231,0.0041,0.0085,0.9874,30
389628,0.0027,0.0198,0.9775,30
431229,0.0164,0.1152,0.8684,30
50707,0.2170,0.5165,0.2664,30
265595,0.0019,0.0080,0.9901,30
49476,0.0123,0.0593,0.9284,30
210500,0.0024,0.0214,0.9763,30
212331,0.0026,0.0240,0.9734,30
212327,0.0048,0.0202,0.9750,30
311819,0.0033,0.0103,0.9864,30
29382,0.0035,0.0129,0.9836,30
34525,0.0082,0.0715,0.9203,30
82419,0.0057,0.0319,0.9624,30
206931,0.0099,0.0358,0.9544,30
206744,0.0029,0.0107,0.9864,30
56471,0.6928,0.2611,0.0461,30
440024,0.0141,0.0677,0.9182,30
175495,0.0855,0.3757,0.5387,30
429529,0.0049,0.0096,0.9855,30
418528,0.0025,0.0083,0.9893,30
301562,0.0022,0.0196,0.9782,30
258533,0.0172,0.0195,0.9633,30
298956,0.8930,0.0942,0.0128,30
231271,0.0083,0.0322,0.9594,30
275904,0.0037,0.0079,0.9884,30
356657,0.0026,0.0135,0.9840,30
125705,0.0279,0.1455,0.8266,30
84137,0.0034,0.0103,0.9863,30
172189,0.0073,0.0485,0.9442,30
157832,0.0019,0.0138,0.9843,30
169921,0.0040,0.0235,0.9725,30
126242,0.0048,0.0427,0.9525,31
415470,0.0391,0.1629,0.7980,31
501116,0.0027,0.0152,0.9820,31
122990,0.0159,0.0383,0.9458,31
384999,0.0307,0.1110,0.8583,31
169036,0.0035,0.0254,0.9711,31
322539,0.9333,0.0611,0.0056,31
2295,0.8545,0.1335,0.0120,31
123074,0.0032,0.0158,0.9809,31
417221,0.0085,0.0285,0.9630,31
83112,0.0033,0.0130,0.9837,31
420143,0.0046,0.0137,0.9817,31
15849,0.0072,0.0611,0.9318,31
465450,0.0049,0.0332,0.9619,31
275866,0.0046,0.0134,0.9820,31
154500,0.0028,0.0106,0.9866,31
232341,0.0025,0.0094,0.9882,31
337304,0.0036,0.0076,0.9888,31
336958,0.0022,0.0107,0.9872,31
302746,0.0037,0.0184,0.9779,31
214532,0.7772,0.1974,0.0254,31
459512,0.7609,0.2076,0.0315,31
421364,0.0021,0.0100,0.9879,31
390269,0.0135,0.0374,0.9491,31
390560,0.0030,0.0091,0.9879,31
491405,0.0041,0.0334,0.9626,31
161819,0.0067,0.0154,0.9779,31
251957,0.0031,0.0083,0.9885,31
58073,0.9241,0.0709,0.0050,31
199487,0.0028,0.0101,0.9871,31
197735,0.0021,0.0148,0.9832,31
81628,0.0022,0.0109,0.9868,31
376099,0.1123,0.5488,0.3389,31
73763,0.0052,0.0121,0.9827,31
458830,0.0115,0.0485,0.9400,31
28910,0.0023,0.0313,0.9663,31
332507,0.0067,0.0747,0.9186,31
48912,0.0053,0.0552,0.9395,31
425497,0.0036,0.0137,0.9827,31
74389,0.0112,0.0317,0.9570,31
454996,0.0072,0.0561,0.9367,31
283608,0.2719,0.4224,0.3057,31
221175,0.0039,0.0340,0.9620,31
87015,0.0039,0.0150,0.9811,31
450730,0.0104,0.0463,0.9433,31
3497,0.0065,0.0375,0.9560,31
130281,0.0049,0.0222,0.9729,31
539848,0.0024,0.0891,0.9085,31
556606,0.1264,0.4414,0.4322,31
97963,0.0046,0.0277,0.9676,31
542063,0.3679,0.2606,0.3715,31
136536,0.7171,0.2614,0.0215,31
146216,0.0070,0.0237,0.9692,31
160435,0.0033,0.0134,0.9834,31
372179,0.0479,0.2445,0.7077,31
372444,0.0059,0.0190,0.9751,31
141302,0.0021,0.0089,0.9890,31
298299,0.0029,0.0061,0.9911,31
298747,0.0375,0.2279,0.7346,31
473604,0.0032,0.0150,0.9818,31
270134,0.2854,0.5230,0.1916,31
512659,0.0031,0.0082,0.9887,31
166373,0.0053,0.0120,0.9827,31
246091,0.0034,0.0190,0.9775,31
352559,0.2012,0.5675,0.2313,31
353046,0.0054,0.0204,0.9742,31
450421,0.4890,0.2100,0.3010,31
410577,0.0057,0.0175,0.9768,31
409722,0.0037,0.0143,0.9820,31
8707,0.0053,0.0172,0.9775,31
263601,0.0069,0.0110,0.9821,31
289206,0.0074,0.0284,0.9642,31
346273,0.5552,0.3231,0.1217,31
383848,0.0085,0.7865,0.2050,31
170156,0.0044,0.0344,0.9612,31
22808,0.8614,0.1201,0.0186,31
107179,0.0216,0.5311,0.4473,31
427942,0.9039,0.0888,0.0073,31
441274,0.0045,0.0104,0.9851,31
479964,0.0030,0.0207,0.9763,31
360598,0.0067,0.0255,0.9678,31
39651,0.0080,0.0479,0.9441,31
29701,0.0045,0.0751,0.9204,31
333121,0.8600,0.1305,0.0096,31
71050,0.0033,0.0137,0.9830,31
287744,0.0031,0.0075,0.9895,31
346673,0.0161,0.0412,0.9427,31
239909,0.0035,0.0103,0.9862,31
506712,0.0084,0.0275,0.9642,31
534591,0.0025,0.0218,0.9757,31
95702,0.0039,0.0256,0.9705,31
380963,0.0064,0.2052,0.7885,31
62422,0.0028,0.0116,0.9856,31
529044,0.0105,0.0230,0.9665,31
260599,0.0124,0.1791,0.8085,31
439572,0.0034,0.0130,0.9836,31
86082,0.0024,0.0082,0.9894,31
72291,0.9424,0.0511,0.0065,31
220455,0.0032,0.0102,0.9866,31
220546,0.0029,0.0113,0.9858,31
292916,0.0056,0.1037,0.8907,31
543379,0.0034,0.0147,0.9819,31
211715,0.0145,0.1145,0.8710,31
251965,0.0051,0.0138,0.9811,31
520229,0.0092,0.0526,0.9383,31
12314,0.2402,0.7154,0.0444,31
219176,0.0050,0.0217,0.9732,31
36905,0.0044,0.0243,0.9713,31
474348,0.0035,0.0141,0.9824,31
165035,0.1337,0.2448,0.6215,31
217118,0.0034,0.0612,0.9355,31
404763,0.0037,0.0158,0.9805,31
204199,0.0058,0.0105,0.9837,31
272651,0.1234,0.5557,0.3209,31
526247,0.0063,0.0320,0.9617,31
17849,0.0037,0.0104,0.9859,31
232364,0.0141,0.1241,0.8618,31
448036,0.0337,0.8452,0.1211,31
356750,0.0016,0.0175,0.9808,31
278906,0.0046,0.0126,0.9828,31
478084,0.0027,0.0121,0.9852,31
59089,0.0042,0.0128,0.9830,31
384213,0.2757,0.3765,0.3478,31
90131,0.0148,0.0820,0.9032,31
73029,0.0054,0.0346,0.9601,31
291684,0.4611,0.3884,0.1505,31
293712,0.8079,0.1788,0.0133,31
524948,0.0030,0.0079,0.9891,31
317646,0.0035,0.0073,0.9891,31
57030,0.0050,0.0099,0.9850,31
493334,0.3888,0.3565,0.2547,31
481106,0.0022,0.0187,0.9791,31
530103,0.0030,0.0101,0.9869,31
105562,0.0130,0.1298,0.8572,31
555946,0.0164,0.1486,0.8350,31
327455,0.0040,0.0164,0.9796,31
191389,0.5570,0.3886,0.0544,31
960,0.0035,0.0110,0.9855,32
232623,0.0037,0.0109,0.9854,32
233107,0.0382,0.2522,0.7096,32
480186,0.0056,0.0700,0.9244,32
44850,0.0057,0.0196,0.9748,32
276411,0.6735,0.2953,0.0311,32
206740,0.0029,0.0189,0.9781,32
314274,0.0091,0.1469,0.8440,32
412624,0.0062,0.0224,0.9714,32
246119,0.9328,0.0616,0.0056,32
315878,0.0041,0.0194,0.9766,32
546004,0.3625,0.2704,0.3670,32
25021,0.0133,0.0518,0.9349,32
123266,0.0038,0.0125,0.9837,32
253101,0.3279,0.2504,0.4217,32
525526,0.0030,0.0109,0.9861,32
56243,0.1586,0.4227,0.4187,32
379053,0.0101,0.1190,0.8708,32
379012,0.0030,0.0108,0.9862,32
378573,0.0035,0.0196,0.9769,32
470614,0.9113,0.0815,0.0071,32
415330,0.1012,0.5555,0.3433,32
197614,0.0034,0.0368,0.9598,32
79126,0.9059,0.0856,0.0085,32
106354,0.0088,0.0666,0.9246,32
151289,0.0641,0.1054,0.8305,32
356720,0.0062,0.0204,0.9734,32
563093,0.0040,0.0323,0.9638,32
441995,0.0021,0.0135,0.9844,32
47718,0.0050,0.0172,0.9778,32
532369,0.0052,0.0306,0.9642,32
427983,0.1829,0.3410,0.4761,32
44084,0.0357,0.0727,0.8916,32
107490,0.0052,0.0236,0.9712,32
237159,0.0061,0.1298,0.8642,32
64557,0.0046,0.0394,0.9560,32
393453,0.0063,0.1323,0.8614,32
515449,0.0670,0.3012,0.6319,32
514665,0.0030,0.0112,0.9858,32
537731,0.1284,0.2576,0.6140,32
90524,0.6555,0.3174,0.0271,32
426938,0.0141,0.1142,0.8717,32
182930,0.0035,0.0103,0.9862,32
209643,0.0181,0.1763,0.8056,32
553100,0.0109,0.0671,0.9220,32
29430,0.0046,0.0136,0.9818,32
384503,0.0038,0.0065,0.9897,32
83184,0.0732,0.3092,0.6176,32
330528,0.0046,0.0089,0.9866,32
120314,0.0030,0.0087,0.9883,32
396322,0.0025,0.0199,0.9776,32
13905,0.0065,0.0294,0.9641,32
13686,0.3639,0.4487,0.1873,32
21294,0.0025,0.0095,0.9880,32
284572,0.0037,0.0258,0.9705,32
538555,0.0037,0.0174,0.9789,32
161149,0.0235,0.0728,0.9037,32
284939,0.8932,0.0986,0.0082,32
283395,0.9237,0.0689,0.0074,32
225977,0.0081,0.0228,0.9691,32
504958,0.8228,0.1586,0.0186,32
302626,0.0056,0.0180,0.9764,32
471071,0.0030,0.0103,0.9867,32
470963,0.0026,0.1241,0.8733,32
54778,0.0026,0.0150,0.9825,32
419945,0.0809,0.1517,0.7674,32
84520,0.7299,0.2303,0.0398,32
211468,0.1676,0.2572,0.5752,32
30463,0.8539,0.1133,0.0328,32
29935,0.0088,0.0185,0.9726,32
70475,0.0053,0.0153,0.9794,32
265172,0.0023,0.0104,0.9873,32
442693,0.8922,0.0841,0.0237,32
441577,0.6182,0.3299,0.0520,32
451180,0.0046,0.0099,0.9855,32
70634,0.0057,0.0343,0.9600,32
34993,0.0039,0.0087,0.9874,32
98208,0.0050,0.0353,0.9598,32
97734,0.7132,0.2531,0.0337,32
166987,0.0122,0.7022,0.2856,32
257134,0.9464,0.0473,0.0062,32
337339,0.0114,0.1562,0.8323,32
8903,0.0076,0.0306,0.9618,32
506558,0.0025,0.0078,0.9897,32
214092,0.9093,0.0839,0.0067,32
538129,0.0030,0.0221,0.9749,32
239455,0.0085,0.0300,0.9615,32
161487,0.0028,0.0084,0.9887,32
239087,0.0106,0.0315,0.9578,32
529174,0.0995,0.3070,0.5935,32
4827,0.0204,0.0891,0.8906,32
452141,0.0036,0.0129,0.9835,32
110514,0.0057,0.0154,0.9789,32
218607,0.0064,0.0606,0.9330,32
550556,0.1535,0.5599,0.2866,32
472897,0.0024,0.0075,0.9901,32
555342,0.0358,0.2252,0.7390,32
20647,0.0039,0.0109,0.9852,32
244532,0.9476,0.0463,0.0061,32
192164,0.0083,0.0242,0.9676,32
191033,0.2709,0.2233,0.5058,32
543209,0.0139,0.0606,0.9255,32
542986,0.0032,0.0262,0.9706,32
185982,0.0170,0.0389,0.9441,32
289213,0.0106,0.0272,0.9623,32
483768,0.7130,0.2552,0.0318,32
483419,0.0066,0.0142,0.9792,32
528392,0.0051,0.0320,0.9630,32
244114,0.0033,0.0221,0.9746,32
483354,0.0036,0.0068,0.9897,32
174924,0.0129,0.0605,0.9266,32
187421,0.0048,0.0951,0.9000,32
188223,0.0029,0.0313,0.9658,32
424653,0.0023,0.0112,0.9865,32
37486,0.9382,0.0531,0.0087,32
291634,0.3731,0.3483,0.2787,32
433443,0.8900,0.0992,0.0108,32
174369,0.0104,0.0351,0.9546,32
262764,0.9241,0.0686,0.0073,32
142506,0.0021,0.0082,0.9897,32
295482,0.0031,0.0094,0.9875,32
189653,0.0032,0.0110,0.9859,32
166204,0.0075,0.0178,0.9747,32
165984,0.0081,0.0228,0.9692,32
438837,0.0775,0.2942,0.6282,32
12316,0.0055,0.0113,0.9832,32
242076,0.7341,0.2464,0.0195,32
563169,0.0037,0.0083,0.9880,32
404435,0.0062,0.0383,0.9555,32
217008,0.0028,0.0132,0.9840,32
216675,0.0021,0.0088,0.9891,32
506324,0.6693,0.2743,0.0563,32
298214,0.0032,0.0119,0.9848,32
80324,0.1249,0.6388,0.2363,32
9828,0.0018,0.0155,0.9827,32
465853,0.9493,0.0437,0.0070,32
464867,0.0047,0.0141,0.9812,32
500140,0.0117,0.2034,0.7850,32
414386,0.0031,0.0079,0.9890,32
326442,0.0083,0.0310,0.9607,32
429031,0.0909,0.2526,0.6565,32
12987,0.0044,0.0089,0.9867,32
168989,0.0049,0.0121,0.9830,32
7068,0.9362,0.0571,0.0066,32
410041,0.0094,0.0868,0.9038,32
409740,0.0067,0.0187,0.9746,32
566021,0.0035,0.0269,0.9697,32
318059,0.0022,0.0096,0.9882,32
501785,0.0087,0.1292,0.8621,33
2822,0.0089,0.0300,0.9611,33
465334,0.0493,0.3393,0.6115,33
123342,0.0065,0.0172,0.9764,33
327052,0.0061,0.1047,0.8892,33
127216,0.2748,0.3094,0.4157,33
563748,0.0041,0.0139,0.9820,33
170885,0.0032,0.0086,0.9882,33
251512,0.0038,0.1314,0.8649,33
546808,0.0244,0.0507,0.9249,33
494793,0.0041,0.0104,0.9855,33
274306,0.0031,0.0378,0.9591,33
123664,0.2266,0.3264,0.4470,33
319087,0.0121,0.0263,0.9616,33
9817,0.0040,0.0130,0.9830,33
201681,0.0092,0.1558,0.8350,33
81059,0.0025,0.0078,0.9897,33
216108,0.0070,0.0215,0.9715,33
190985,0.6392,0.3170,0.0439,33
142334,0.0029,0.0180,0.9791,33
218385,0.0331,0.1116,0.8553,33
404177,0.0039,0.0077,0.9884,33
291760,0.0065,0.0234,0.9701,33
294075,0.0040,0.0262,0.9698,33
86603,0.0105,0.0226,0.9669,33
36870,0.0032,0.0091,0.9877,33
164481,0.0096,0.0406,0.9498,33
370100,0.0021,0.0336,0.9643,33
173563,0.2782,0.3529,0.3689,33
17426,0.0363,0.1757,0.7880,33
6925,0.3564,0.5248,0.1188,33
346716,0.7979,0.1764,0.0257,33
540125,0.0031,0.0093,0.9875,33
346413,0.0041,0.0100,0.9859,33
38059,0.0107,0.0598,0.9295,33
543077,0.7872,0.1697,0.0430,33
117878,0.8888,0.0975,0.0137,33
100001,0.0039,0.0161,0.9800,33
558979,0.0024,0.0191,0.9785,33
116730,0.0025,0.0110,0.9865,33
218567,0.0345,0.6773,0.2882,33
144155,0.0130,0.0446,0.9424,33
539133,0.0508,0.2366,0.7125,33
289478,0.2860,0.3939,0.3201,33
286741,0.0035,0.0154,0.9811,33
64261,0.0062,0.0646,0.9292,33
238852,0.0059,0.0302,0.9639,33
518751,0.0043,0.0102,0.9856,33
432297,0.0281,0.0778,0.8940,33
191852,0.0050,0.0229,0.9721,33
117974,0.0060,0.0242,0.9698,33
405130,0.0051,0.0708,0.9241,33
116744,0.0035,0.0166,0.9799,33
374497,0.5211,0.4414,0.0375,33
372996,0.0137,0.2387,0.7476,33
259738,0.0109,0.0495,0.9397,33
86344,0.0020,0.0167,0.9813,33
70620,0.0042,0.0158,0.9800,33
511942,0.0252,0.1023,0.8725,33
148270,0.8555,0.1307,0.0138,33
160014,0.0041,0.0103,0.9856,33
264514,0.0046,0.0102,0.9852,33
266021,0.0057,0.0231,0.9712,33
476328,0.0060,0.0252,0.9688,33
476389,0.0349,0.1793,0.7858,33
399404,0.0048,0.0096,0.9856,33
193337,0.0027,0.0085,0.9889,33
193489,0.0045,0.0380,0.9575,33
334314,0.7294,0.2427,0.0280,33
132902,0.0031,0.0284,0.9685,33
307476,0.0024,0.0817,0.9160,33
307491,0.8432,0.1429,0.0138,33
108653,0.0119,0.0643,0.9239,33
285145,0.0086,0.0436,0.9478,33
110436,0.0053,0.0204,0.9742,33
149124,0.0059,0.0434,0.9506,33
20054,0.0195,0.0614,0.9191,33
494184,0.9316,0.0630,0.0054,33
311506,0.0054,0.0169,0.9777,33
544508,0.0070,0.0153,0.9776,33
544825,0.0018,0.0156,0.9825,33
15101,0.0026,0.0123,0.9851,33
120569,0.0031,0.0082,0.9887,33
97441,0.0090,0.0256,0.9655,33
97599,0.0072,0.0393,0.9535,33
435798,0.0273,0.1512,0.8215,33
406855,0.0037,0.0176,0.9787,33
108244,0.0914,0.3895,0.5191,33
41488,0.0047,0.0144,0.9809,33
40877,0.0033,0.0158,0.9809,33
11147,0.0026,0.0083,0.9890,33
236596,0.0055,0.0233,0.9711,33
397213,0.0051,0.0341,0.9608,33
536547,0.0111,0.0721,0.9168,33
535058,0.0028,0.0092,0.9880,33
512168,0.0030,0.0148,0.9822,33
512230,0.0036,0.0139,0.9825,33
229622,0.8081,0.1780,0.0139,33
357433,0.0090,0.0136,0.9773,33
278933,0.0270,0.2206,0.7524,33
330222,0.0023,0.0106,0.9871,33
416331,0.0037,0.0110,0.9853,33
553025,0.0048,0.0142,0.9810,33
377278,0.0788,0.4661,0.4551,33
255046,0.0035,0.0080,0.9885,33
57797,0.0050,0.0137,0.9813,33
547040,0.0028,0.0087,0.9885,33
318967,0.0047,0.0141,0.9812,33
123286,0.0032,0.0274,0.9694,33
25102,0.0155,0.0990,0.8855,33
315869,0.0061,0.0481,0.9458,33
168385,0.0022,0.0098,0.9880,33
205180,0.0026,0.0097,0.9877,33
314058,0.5494,0.3878,0.0627,33
44564,0.0051,0.1079,0.8870,33
393932,0.0175,0.0825,0.9000,33
394320,0.0044,0.0083,0.9873,33
104965,0.0019,0.0157,0.9824,33
273376,0.0049,0.0178,0.9773,33
361608,0.9114,0.0779,0.0107,33
178752,0.7836,0.1731,0.0434,33
91039,0.0036,0.0076,0.9888,33
236627,0.0235,0.3596,0.6169,33
531188,0.0749,0.3500,0.5751,33
274274,0.0026,0.0108,0.9866,33
57159,0.1097,0.1322,0.7581,34
250971,0.0043,0.0112,0.9845,34
247675,0.0043,0.0083,0.9874,34
167555,0.0056,0.0199,0.9745,34
80178,0.0042,0.0149,0.9809,34
501268,0.0039,0.0163,0.9798,34
502638,0.0465,0.1157,0.8378,34
411260,0.0042,0.0105,0.9852,34
314318,0.0033,0.0180,0.9787,34
121771,0.0333,0.1205,0.8462,34
94228,0.0032,0.0150,0.9818,34
252760,0.0097,0.0837,0.9066,34
465091,0.0055,0.0252,0.9693,34
499363,0.0032,0.0133,0.9835,34
81358,0.0379,0.1407,0.8214,34
120493,0.0045,0.0122,0.9833,34
438248,0.0031,0.0102,0.9867,34
438327,0.0563,0.3372,0.6065,34
167402,0.3612,0.4376,0.2013,34
484656,0.0031,0.0077,0.9892,34
522006,0.0034,0.0125,0.9841,34
259067,0.8676,0.1164,0.0160,34
375884,0.0092,0.0318,0.9589,34
434992,0.0026,0.0123,0.9851,34
12392,0.0042,0.0103,0.9854,34
406208,0.9350,0.0593,0.0057,34
437523,0.0109,0.0296,0.9595,34
59520,0.0048,0.0420,0.9532,34
128861,0.0145,0.0752,0.9104,34
469204,0.0723,0.1538,0.7739,34
313293,0.4168,0.5237,0.0595,34
29016,0.0080,0.0973,0.8947,34
53327,0.0025,0.0093,0.9882,34
265304,0.0023,0.0129,0.9848,34
8080,0.0048,0.0205,0.9747,34
302669,0.0044,0.0139,0.9817,34
302797,0.8871,0.1032,0.0097,34
455966,0.0045,0.0148,0.9808,34
367964,0.0023,0.0075,0.9902,34
73427,0.8941,0.0981,0.0078,34
175235,0.0065,0.0158,0.9777,34
368156,0.0048,0.0140,0.9812,34
491463,0.0068,0.0316,0.9616,34
175218,0.0029,0.0121,0.9850,34
300589,0.0070,0.0403,0.9528,34
458372,0.0033,0.0117,0.9850,34
134042,0.0033,0.0136,0.9831,34
543278,0.0067,0.0146,0.9786,34
552282,0.0042,0.0293,0.9664,34
61865,0.0082,0.1378,0.8540,34
372591,0.0308,0.5736,0.3956,34
369701,0.0040,0.0215,0.9745,34
372822,0.0360,0.3039,0.6601,34
418861,0.7682,0.1682,0.0636,34
85734,0.0051,0.0238,0.9711,34
505059,0.0032,0.0102,0.9866,34
471506,0.0040,0.0135,0.9825,34
308233,0.2415,0.3690,0.3895,34
505477,0.0037,0.0102,0.9861,34
310060,0.0043,0.0155,0.9802,34
460184,0.0032,0.0100,0.9868,34
6565,0.0060,0.0301,0.9639,34
528810,0.0053,0.0110,0.9838,34
208959,0.2672,0.4091,0.3237,34
367103,0.1576,0.2653,0.5771,34
35504,0.0027,0.0306,0.9667,34
472319,0.7714,0.1686,0.0600,34
160746,0.0108,0.0428,0.9464,34
144468,0.9188,0.0749,0.0063,34
292911,0.0038,0.0126,0.9836,34
402643,0.0162,0.0615,0.9223,34
562399,0.0024,0.0081,0.9894,34
538045,0.0029,0.0104,0.9867,34
495497,0.9097,0.0819,0.0084,34
427613,0.0023,0.0093,0.9884,34
5781,0.0050,0.0183,0.9767,34
67625,0.0040,0.0103,0.9857,34
8417,0.0083,0.0172,0.9745,34
347733,0.0028,0.0381,0.9591,34
109506,0.0028,0.0113,0.9859,34
524583,0.0042,0.0231,0.9726,34
381780,0.0024,0.0089,0.9887,34
250571,0.0076,0.0549,0.9375,34
15845,0.0037,0.0096,0.9867,34
3368,0.0023,0.0180,0.9796,34
467559,0.0036,0.0199,0.9765,34
24970,0.6211,0.2990,0.0799,34
327071,0.0167,0.2137,0.7696,34
284757,0.0071,0.0739,0.9190,34
322323,0.6310,0.2864,0.0826,34
126221,0.8478,0.1432,0.0089,34
535577,0.0047,0.0210,0.9743,34
397854,0.0026,0.0348,0.9626,34
182954,0.8798,0.1046,0.0156,34
351292,0.0101,0.0427,0.9472,34
284780,0.2296,0.2597,0.5108,34
277743,0.0087,0.0281,0.9631,34
152749,0.0032,0.0082,0.9887,34
359989,0.0100,0.0672,0.9229,34
233110,0.2627,0.5551,0.1823,34
393472,0.0055,0.0178,0.9766,34
392635,0.0023,0.0130,0.9846,34
64558,0.0063,0.0523,0.9413,34
232349,0.8575,0.1332,0.0093,34
65906,0.0043,0.0350,0.9607,34
66705,0.0031,0.0106,0.9863,34
45246,0.2557,0.3513,0.3930,34
534444,0.9429,0.0499,0.0072,34
357995,0.0117,0.0775,0.9109,34
358516,0.0100,0.0632,0.9269,34
15913,0.7867,0.1944,0.0190,34
142555,0.0039,0.0273,0.9688,34
442987,0.0104,0.0506,0.9390,34
340305,0.7031,0.2675,0.0295,34
295588,0.0037,0.0187,0.9776,34
104272,0.9133,0.0779,0.0087,34
237194,0.0072,0.0228,0.9700,34
18253,0.0057,0.0324,0.9618,34
339159,0.9213,0.0723,0.0064,34
363037,0.0038,0.0210,0.9752,34
363118,0.0101,0.0271,0.9628,34
47955,0.0042,0.0125,0.9833,34
294637,0.0034,0.0194,0.9772,34
190725,0.9023,0.0907,0.0070,34
542227,0.0027,0.0071,0.9903,34
60590,0.0067,0.0331,0.9602,35
83761,0.2774,0.4128,0.3099,35
28308,0.0096,0.1122,0.8783,35
217285,0.0075,0.0218,0.9707,35
365240,0.0020,0.0201,0.9779,35
100658,0.3015,0.4414,0.2571,35
300659,0.5792,0.3407,0.0801,35
33709,0.0051,0.0257,0.9691,35
115688,0.0025,0.0111,0.9864,35
369996,0.0032,0.0215,0.9753,35
21038,0.0037,0.0151,0.9813,35
406486,0.9608,0.0334,0.0057,35
470839,0.0047,0.0166,0.9787,35
459217,0.0179,0.0748,0.9073,35
214865,0.0027,0.0135,0.9838,35
133835,0.0037,0.0089,0.9874,35
138758,0.0232,0.0876,0.8892,35
137141,0.0052,0.0999,0.8949,35
483821,0.0052,0.0094,0.9853,35
529466,0.0076,0.0213,0.9711,35
93608,0.6923,0.2580,0.0497,35
209784,0.0032,0.0109,0.9859,35
309656,0.0064,0.0197,0.9738,35
407278,0.8429,0.1486,0.0085,35
242564,0.0079,0.0681,0.9240,35
130607,0.0035,0.0095,0.9869,35
461017,0.9075,0.0784,0.0141,35
261358,0.0328,0.0481,0.9191,35
388298,0.0696,0.1307,0.7997,35
461927,0.0048,0.0394,0.9558,35
131262,0.7250,0.1593,0.1157,35
242288,0.0047,0.0172,0.9781,35
522363,0.0038,0.0110,0.9852,35
245552,0.0079,0.1508,0.8413,35
208142,0.2277,0.3218,0.4505,35
246111,0.0059,0.0160,0.9781,35
83497,0.0040,0.0113,0.9847,35
55459,0.5933,0.3357,0.0711,35
95495,0.7968,0.1810,0.0221,35
486509,0.0033,0.0162,0.9805,35
95088,0.0045,0.0139,0.9817,35
524151,0.1014,0.2831,0.6155,35
59011,0.0037,0.0114,0.9849,35
82285,0.5652,0.3820,0.0528,35
129402,0.0486,0.3250,0.6264,35
251784,0.0026,0.0171,0.9804,35
248488,0.0086,0.0258,0.9656,35
560834,0.0214,0.2238,0.7548,35
328323,0.0342,0.0839,0.8820,35
466753,0.0193,0.0974,0.8833,35
27031,0.0530,0.3316,0.6154,35
555459,0.2448,0.5410,0.2142,35
384769,0.0036,0.0148,0.9816,35
483946,0.0034,0.0100,0.9866,35
60638,0.0043,0.0220,0.9737,35
120487,0.0050,0.0400,0.9550,35
120985,0.0040,0.0203,0.9757,35
555526,0.0032,0.0164,0.9804,35
129011,0.0061,0.0880,0.9060,35
11480,0.9042,0.0814,0.0144,35
481260,0.8760,0.1150,0.0089,35
47915,0.0025,0.0128,0.9846,35
64633,0.0034,0.0101,0.9865,35
391013,0.0034,0.0107,0.9859,35
274497,0.2064,0.2725,0.5211,35
497422,0.9218,0.0706,0.0077,35
296424,0.0040,0.0089,0.9871,35
393899,0.8966,0.0910,0.0124,35
17307,0.2100,0.3574,0.4326,35
454542,0.0044,0.0128,0.9828,35
475394,0.0032,0.0126,0.9842,35
291595,0.0070,0.0312,0.9618,35
424329,0.0130,0.0392,0.9478,35
474386,0.0033,0.0124,0.9843,35
143182,0.7107,0.2483,0.0410,35
447037,0.0036,0.0226,0.9738,35
105740,0.0076,0.0274,0.9651,35
442963,0.6550,0.2007,0.1442,35
428978,0.0039,0.0172,0.9788,35
220724,0.1177,0.3122,0.5701,35
231075,0.0110,0.0330,0.9560,35
70970,0.0030,0.0188,0.9782,35
220386,0.0027,0.0086,0.9886,35
158316,0.0036,0.0139,0.9825,35
218940,0.0031,0.0120,0.9850,35
270766,0.0169,0.0889,0.8942,35
270238,0.0057,0.0463,0.9480,35
491398,0.0025,0.0253,0.9721,35
270128,0.0054,0.0459,0.9488,35
178996,0.0144,0.0615,0.9241,35
176460,0.1174,0.1606,0.7219,35
422495,0.8186,0.1664,0.0150,35
101827,0.9336,0.0574,0.0090,35
85993,0.2274,0.4420,0.3307,35
287317,0.0022,0.0116,0.9862,35
147025,0.5497,0.2919,0.1585,35
150984,0.0495,0.1447,0.8058,35
152824,0.9518,0.0421,0.0061,35
478635,0.0049,0.0091,0.9860,35
39465,0.0117,0.0779,0.9104,35
224559,0.0759,0.1891,0.7350,35
510237,0.8154,0.1475,0.0372,35
510124,0.0220,0.2306,0.7473,35
222996,0.0495,0.2048,0.7456,35
147678,0.9211,0.0725,0.0063,35
39065,0.0023,0.0103,0.9875,35
180370,0.0068,0.0434,0.9498,35
428280,0.9494,0.0445,0.0061,35
356520,0.7673,0.2134,0.0193,35
357482,0.0036,0.0521,0.9443,35
353526,0.0042,0.0329,0.9628,35
449886,0.0049,0.0213,0.9738,35
223952,0.0035,0.0082,0.9884,35
398544,0.0300,0.3115,0.6585,35
287268,0.0094,0.0222,0.9684,35
500983,0.4043,0.5356,0.0601,35
202330,0.0072,0.0740,0.9188,35
325751,0.0043,0.0163,0.9794,35
1124,0.0618,0.1800,0.7582,35
110428,0.0021,0.0091,0.9888,35
227371,0.0095,0.0377,0.9528,35
221592,0.0029,0.0438,0.9533,35
185314,0.6132,0.3322,0.0546,35
317909,0.8652,0.1236,0.0112,35
415964,0.0140,0.3826,0.6034,35
81949,0.0039,0.0124,0.9837,35
381213,0.0406,0.2374,0.7219,35
125026,0.1116,0.2646,0.6237,35
324499,0.0041,0.0184,0.9776,36
1740,0.0033,0.0121,0.9846,36
126343,0.0833,0.4310,0.4858,36
467236,0.8261,0.1642,0.0098,36
200175,0.1378,0.5361,0.3261,36
477839,0.3268,0.5435,0.1297,36
283366,0.0142,0.2857,0.7000,36
13672,0.0218,0.0919,0.8863,36
39637,0.6861,0.2646,0.0494,36
40169,0.0037,0.0095,0.9869,36
220827,0.0047,0.0123,0.9830,36
349086,0.7319,0.2333,0.0348,36
401254,0.0187,0.0793,0.9020,36
227100,0.0029,0.0099,0.9872,36
285082,0.8544,0.1319,0.0137,36
351170,0.0035,0.0171,0.9793,36
21546,0.6110,0.3536,0.0354,36
423744,0.0052,0.0280,0.9668,36
225503,0.0083,0.0585,0.9331,36
278799,0.0035,0.0179,0.9787,36
44871,0.0073,0.0284,0.9643,36
448935,0.9446,0.0499,0.0055,36
66089,0.0027,0.0079,0.9894,36
155498,0.0090,0.0876,0.9033,36
423997,0.0045,0.0119,0.9836,36
474959,0.0102,0.0409,0.9489,36
511475,0.0063,0.0227,0.9710,36
222408,0.8680,0.1186,0.0134,36
145572,0.0065,0.0860,0.9075,36
38518,0.0033,0.0124,0.9844,36
280738,0.0029,0.0095,0.9876,36
41411,0.7708,0.1790,0.0502,36
36914,0.0036,0.1004,0.8960,36
185653,0.0022,0.0221,0.9757,36
280583,0.0053,0.0380,0.9567,36
535521,0.0458,0.0645,0.8898,36
492566,0.0046,0.0144,0.9811,36
454883,0.0087,0.0204,0.9708,36
405817,0.9033,0.0910,0.0057,36
191003,0.0042,0.0203,0.9756,36
141141,0.7518,0.2147,0.0335,36
133904,0.0041,0.0204,0.9756,36
557300,0.0141,0.0343,0.9516,36
34109,0.0035,0.0086,0.9879,36
100606,0.0066,0.0684,0.9250,36
102524,0.0095,0.0236,0.9668,36
190267,0.9339,0.0601,0.0061,36
86928,0.0098,0.0720,0.9182,36
10872,0.0028,0.0102,0.9870,36
179584,0.8612,0.1294,0.0094,36
480690,0.0108,0.0304,0.9588,36
140360,0.0146,0.0434,0.9421,36
188640,0.8244,0.1598,0.0158,36
295287,0.0032,0.0138,0.9830,36
455045,0.0092,0.0615,0.9293,36
455059,0.0457,0.0963,0.8580,36
70701,0.0271,0.1400,0.8329,36
220374,0.0032,0.0219,0.9749,36
220233,0.0079,0.1117,0.8804,36
16332,0.0069,0.0179,0.9752,36
155517,0.9546,0.0400,0.0054,36
540917,0.0045,0.0373,0.9582,36
144889,0.0054,0.0136,0.9810,36
454599,0.0037,0.0112,0.9851,36
136855,0.0042,0.0276,0.9682,36
142949,0.0031,0.0152,0.9817,36
268452,0.0052,0.0150,0.9797,36
159948,0.0615,0.1494,0.7891,36
159654,0.7730,0.2067,0.0203,36
48297,0.0026,0.0593,0.9381,36
366093,0.0055,0.0211,0.9734,36
270889,0.0032,0.0114,0.9855,36
469274,0.0075,0.0308,0.9618,36
384789,0.0022,0.0230,0.9748,36
129376,0.0025,0.0182,0.9793,36
121859,0.0042,0.0269,0.9689,36
170348,0.0070,0.0425,0.9505,36
377186,0.0049,0.0203,0.9748,36
376143,0.8361,0.1527,0.0112,36
54355,0.6187,0.3574,0.0239,36
127580,0.0045,0.0095,0.9860,36
382310,0.0120,0.2797,0.7083,36
563616,0.0030,0.0071,0.9899,36
436104,0.0053,0.0184,0.9762,36
169145,0.0029,0.0124,0.9847,36
168552,0.0031,0.0140,0.9829,36
56943,0.3311,0.4937,0.1752,36
169072,0.0115,0.0344,0.9540,36
25551,0.0041,0.0309,0.9649,36
484738,0.0038,0.0236,0.9726,36
26735,0.0284,0.1310,0.8405,36
25956,0.0037,0.0093,0.9869,36
318751,0.0082,0.1130,0.8788,36
316194,0.9365,0.0556,0.0079,36
548977,0.8913,0.0973,0.0114,36
498040,0.0313,0.1015,0.8672,36
62037,0.0038,0.0717,0.9245,36
242362,0.0075,0.0325,0.9600,36
29440,0.0063,0.0402,0.9535,36
29772,0.0082,0.0415,0.9503,36
194599,0.0020,0.0116,0.9864,36
6982,0.5504,0.2598,0.1898,36
93590,0.0045,0.0076,0.9879,36
241762,0.0577,0.0798,0.8625,36
528628,0.0067,0.2176,0.7757,36
503833,0.0031,0.0072,0.9897,36
470026,0.0136,0.0470,0.9394,36
470238,0.0027,0.0160,0.9813,36
196316,0.0060,0.0442,0.9499,36
196069,0.0098,0.0153,0.9749,36
60953,0.0111,0.0911,0.8978,36
243482,0.0037,0.0161,0.9802,36
463471,0.0028,0.0268,0.9704,36
265152,0.0040,0.0105,0.9855,36
30581,0.0140,0.0471,0.9389,36
262081,0.9188,0.0676,0.0136,36
263411,0.8579,0.1319,0.0102,36
371228,0.0046,0.0164,0.9791,36
553841,0.0071,0.0166,0.9763,36
459848,0.0154,0.2884,0.6962,36
160628,0.0029,0.0291,0.9680,36
265989,0.8197,0.1614,0.0189,36
368032,0.0040,0.0132,0.9828,36
388797,0.0029,0.0102,0.9870,36
136305,0.0036,0.0099,0.9866,36
8984,0.0033,0.0227,0.9740,36
300867,0.0027,0.0237,0.9735,36
302411,0.0031,0.0222,0.9747,36
526726,0.0033,0.0123,0.9845,36
247501,0.0041,0.0071,0.9888,36
247487,0.0182,0.0649,0.9169,36
247443,0.0363,0.3371,0.6266,36
166919,0.0028,0.0103,0.9869,36
375392,0.9338,0.0609,0.0053,36
244786,0.1235,0.5643,0.3122,36
64493,0.0052,0.0139,0.9809,37
472862,0.0146,0.0597,0.9257,37
562325,0.0026,0.0057,0.9917,37
117403,0.0047,0.0144,0.9809,37
564662,0.0062,0.0228,0.9710,37
366635,0.0082,0.0487,0.9431,37
269287,0.0024,0.0183,0.9793,37
529405,0.7972,0.1842,0.0185,37
190597,0.0053,0.0356,0.9590,37
155922,0.0099,0.0421,0.9479,37
393873,0.0178,0.0464,0.9358,37
509187,0.7978,0.1938,0.0084,37
36489,0.9563,0.0374,0.0062,37
36285,0.0050,0.0263,0.9687,37
36262,0.0039,0.0194,0.9767,37
292801,0.0042,0.0152,0.9807,37
293097,0.0074,0.0311,0.9615,37
114654,0.0037,0.0258,0.9705,37
48083,0.0026,0.0126,0.9849,37
6484,0.9316,0.0626,0.0058,37
91793,0.3374,0.3438,0.3188,37
341068,0.0048,0.0307,0.9645,37
297286,0.0048,0.0233,0.9719,37
216576,0.0045,0.0079,0.9876,37
291290,0.7409,0.2429,0.0163,37
223036,0.9254,0.0645,0.0102,37
224884,0.4679,0.3019,0.2302,37
538970,0.0681,0.4107,0.5212,37
109610,0.0030,0.0397,0.9573,37
144205,0.0033,0.0072,0.9894,37
80750,0.0042,0.0137,0.9821,37
184247,0.0060,0.0107,0.9833,37
325829,0.0046,0.0082,0.9872,37
248783,0.8876,0.1045,0.0079,37
327147,0.4287,0.4117,0.1596,37
124714,0.0051,0.0172,0.9777,37
40774,0.0032,0.0246,0.9722,37
477955,0.0051,0.0526,0.9424,37
24143,0.7857,0.1845,0.0298,37
465759,0.0247,0.0642,0.9111,37
3018,0.6674,0.2870,0.0456,37
40795,0.6460,0.2214,0.1326,37
538901,0.0134,0.0334,0.9533,37
144040,0.0072,0.0206,0.9722,37
534637,0.0063,0.0658,0.9278,37
154564,0.0027,0.0160,0.9814,37
353045,0.0141,0.0242,0.9617,37
180313,0.0069,0.0310,0.9621,37
180792,0.0050,0.0608,0.9343,37
443568,0.0361,0.2452,0.7186,37
363727,0.0042,0.0115,0.9844,37
534398,0.0103,0.0279,0.9618,37
231960,0.0025,0.0077,0.9898,37
342463,0.0048,0.0140,0.9812,37
557735,0.0039,0.0206,0.9755,37
346723,0.0078,0.0337,0.9585,37
528442,0.0083,0.0382,0.9536,37
212426,0.0034,0.0100,0.9866,37
310678,0.0052,0.0298,0.9650,37
544581,0.0074,0.0595,0.9331,37
544662,0.5042,0.2922,0.2036,37
129796,0.8112,0.1710,0.0179,37
544832,0.6172,0.3398,0.0430,37
527837,0.9069,0.0869,0.0062,37
173602,0.0039,0.0149,0.9812,37
93778,0.4712,0.3402,0.1886,37
332879,0.0029,0.0100,0.9871,37
260722,0.9240,0.0643,0.0117,37
505176,0.4353,0.2141,0.3506,37
373404,0.0032,0.0153,0.9814,37
504187,0.0041,0.0170,0.9789,37
259852,0.0057,0.0208,0.9735,37
135058,0.0033,0.0140,0.9827,37
161996,0.0086,0.0333,0.9581,37
490059,0.0111,0.0648,0.9240,37
175046,0.0046,0.0087,0.9867,37
161662,0.0157,0.0383,0.9460,37
301659,0.0037,0.0141,0.9822,37
506776,0.0027,0.0114,0.9859,37
497351,0.0044,0.0195,0.9761,37
262524,0.0147,0.0776,0.9077,37
131656,0.2886,0.6212,0.0902,37
459135,0.0145,0.1127,0.8729,37
308449,0.0041,0.0099,0.9860,37
119206,0.0059,0.0438,0.9503,37
418918,0.9557,0.0380,0.0063,37
306258,0.0036,0.0155,0.9810,37
484500,0.0068,0.0598,0.9333,37
545104,0.0166,0.0571,0.9263,37
410062,0.0032,0.0134,0.9834,37
79025,0.0034,0.0096,0.9870,37
327322,0.0050,0.0294,0.9656,37
121526,0.0468,0.1796,0.7736,37
412801,0.0025,0.0143,0.9832,37
434074,0.0028,0.0100,0.9872,37
379740,0.0165,0.2473,0.7362,37
487702,0.0026,0.0097,0.9877,37
27582,0.6252,0.2976,0.0772,37
255688,0.0053,0.0408,0.9540,37
259535,0.0101,0.0363,0.9536,37
52640,0.0053,0.0249,0.9698,37
521552,0.0042,0.0375,0.9583,37
166500,0.6219,0.3536,0.0245,37
166876,0.0068,0.0205,0.9727,37
501408,0.4903,0.3410,0.1687,37
409696,0.4983,0.2622,0.2395,37
467869,0.0034,0.0095,0.9871,37
384087,0.0175,0.0414,0.9411,37
566334,0.5304,0.2870,0.1826,38
566568,0.0060,0.0250,0.9690,38
2671,0.9516,0.0404,0.0080,38
124803,0.0149,0.0374,0.9478,38
125515,0.0035,0.0178,0.9787,38
339872,0.4048,0.4417,0.1534,38
79399,0.0632,0.1523,0.7845,38
499000,0.0419,0.1913,0.7669,38
451082,0.0098,0.0427,0.9475,38
145449,0.0033,0.0129,0.9838,38
475764,0.0159,0.0923,0.8917,38
144306,0.0058,0.0143,0.9800,38
292745,0.0029,0.0104,0.9867,38
206103,0.0034,0.0082,0.9884,38
540316,0.0087,0.0486,0.9427,38
287653,0.3908,0.2404,0.3688,38
146612,0.0030,0.0235,0.9735,38
295930,0.7363,0.2044,0.0593,38
35179,0.0055,0.0202,0.9742,38
208043,0.0034,0.0145,0.9821,38
286589,0.7161,0.2636,0.0203,38
480210,0.0131,0.0488,0.9380,38
498674,0.0064,0.0223,0.9713,38
14541,0.0432,0.1515,0.8053,38
13695,0.0311,0.2968,0.6721,38
284548,0.0057,0.0175,0.9769,38
40800,0.0128,0.0431,0.9441,38
42063,0.0088,0.0656,0.9256,38
40858,0.0046,0.0106,0.9848,38
210647,0.0029,0.0062,0.9909,38
39842,0.1708,0.5941,0.2351,38
40457,0.0049,0.0187,0.9763,38
479809,0.0056,0.0286,0.9659,38
44449,0.0137,0.0617,0.9246,38
351792,0.0944,0.1596,0.7460,38
45357,0.0026,0.0106,0.9867,38
423730,0.0029,0.0124,0.9847,38
339821,0.0065,0.0272,0.9663,38
128688,0.7233,0.2182,0.0585,38
507148,0.0048,0.0132,0.9821,38
530411,0.0101,0.4372,0.5528,38
368401,0.0050,0.0163,0.9787,38
50140,0.9503,0.0435,0.0062,38
163445,0.8085,0.1576,0.0339,38
439168,0.8004,0.1811,0.0185,38
220924,0.9247,0.0694,0.0059,38
17869,0.0044,0.0084,0.9873,38
22318,0.8817,0.1087,0.0096,38
363136,0.9227,0.0689,0.0084,38
554602,0.0064,0.0143,0.9793,38
73694,0.0030,0.0161,0.9809,38
560829,0.0135,0.0879,0.8986,38
86199,0.1774,0.3515,0.4711,38
548168,0.8899,0.1020,0.0082,38
216594,0.9084,0.0825,0.0091,38
154814,0.0024,0.0114,0.9862,38
215438,0.9338,0.0547,0.0115,38
17122,0.0048,0.0111,0.9841,38
447296,0.9371,0.0561,0.0068,38
275609,0.0596,0.2468,0.6936,38
215238,0.0130,0.0331,0.9538,38
139878,0.0050,0.0106,0.9845,38
114952,0.7842,0.1839,0.0319,38
276698,0.0134,0.0921,0.8944,38
53682,0.8940,0.0968,0.0092,38
161544,0.0045,0.0162,0.9793,38
542093,0.0716,0.2064,0.7220,38
272785,0.0055,0.0280,0.9664,38
339133,0.0048,0.0428,0.9525,38
161148,0.0313,0.0521,0.9166,38
272094,0.0042,0.0124,0.9834,38
513779,0.5375,0.3009,0.1616,38
230224,0.1319,0.3029,0.5652,38
518708,0.0139,0.0773,0.9088,38
331687,0.0870,0.2526,0.6604,38
331659,0.0019,0.0115,0.9866,38
175234,0.0477,0.1081,0.8442,38
388263,0.7384,0.2239,0.0377,38
132681,0.0085,0.0310,0.9605,38
131860,0.0126,0.1124,0.8750,38
60468,0.0041,0.0213,0.9747,38
58495,0.0035,0.0132,0.9833,38
95869,0.9043,0.0874,0.0083,38
511521,0.0053,0.0262,0.9684,38
250460,0.0033,0.0193,0.9774,38
489391,0.0038,0.0889,0.9073,38
202323,0.3457,0.2866,0.3677,38
430089,0.0154,0.1969,0.7877,38
324092,0.0066,0.0186,0.9748,38
321663,0.0063,0.0145,0.9792,38
24003,0.0041,0.0142,0.9816,38
23800,0.0037,0.0131,0.9832,38
1811,0.2662,0.4879,0.2459,38
203705,0.0031,0.0057,0.9912,38
468931,0.9399,0.0544,0.0056,38
321424,0.0053,0.0547,0.9400,38
63203,0.0293,0.1545,0.8162,38
174563,0.0034,0.0238,0.9727,38
391425,0.0042,0.0131,0.9827,38
428024,0.0065,0.1470,0.8465,38
462367,0.8966,0.0962,0.0072,38
173159,0.0064,0.0257,0.9679,38
514364,0.1673,0.4145,0.4182,38
381763,0.7771,0.1685,0.0544,38
169939,0.0069,0.0495,0.9435,38
56357,0.1245,0.4702,0.4053,38
253178,0.0144,0.0850,0.9007,38
306268,0.3533,0.6291,0.0176,38
303514,0.0070,0.0190,0.9740,38
88374,0.0108,0.0283,0.9608,38
222582,0.0040,0.0169,0.9791,38
459309,0.0032,0.0115,0.9853,38
306070,0.0025,0.0145,0.9830,38
144668,0.0120,0.0604,0.9277,39
328665,0.0051,0.0206,0.9743,39
346532,0.0137,0.1580,0.8283,39
502261,0.3362,0.3805,0.2833,39
324305,0.0069,0.0386,0.9545,39
342304,0.9370,0.0541,0.0090,39
318748,0.0068,0.0269,0.9663,39
14466,0.8120,0.1781,0.0098,39
198700,0.8656,0.1175,0.0169,39
40765,0.0030,0.0172,0.9798,39
39811,0.8318,0.1592,0.0090,39
44531,0.0052,0.0253,0.9695,39
107321,0.0764,0.5210,0.4026,39
455140,0.0033,0.0107,0.9860,39
151266,0.0124,0.0291,0.9586,39
12248,0.0104,0.0421,0.9475,39
257722,0.0119,0.0260,0.9621,39
508594,0.0062,0.0513,0.9426,39
469200,0.9502,0.0444,0.0055,39
265494,0.0041,0.0103,0.9856,39
564706,0.0052,0.0449,0.9499,39
564966,0.0527,0.1188,0.8284,39
32843,0.0024,0.0116,0.9860,39
162206,0.0911,0.6630,0.2459,39
266672,0.0428,0.2450,0.7122,39
33017,0.0032,0.0125,0.9843,39
102031,0.0080,0.1053,0.8867,39
219487,0.0020,0.0137,0.9843,39
121505,0.0061,0.0273,0.9666,39
267865,0.0057,0.0249,0.9694,39
271662,0.0041,0.0269,0.9690,39
153494,0.0040,0.0203,0.9757,39
405086,0.0044,0.0077,0.9879,39
445676,0.8953,0.0963,0.0084,39
445678,0.0029,0.0151,0.9820,39
360416,0.0022,0.0076,0.9902,39
474802,0.0030,0.0091,0.9879,39
212519,0.0044,0.0153,0.9803,39
193267,0.4382,0.5015,0.0603,39
404520,0.0048,0.0180,0.9771,39
553748,0.9281,0.0652,0.0067,39
273964,0.0037,0.0245,0.9719,39
157681,0.0946,0.2725,0.6329,39
34145,0.2336,0.3695,0.3970,39
44849,0.0068,0.0171,0.9761,39
75980,0.0056,0.0373,0.9571,39
193371,0.1128,0.4002,0.4870,39
21313,0.0144,0.0440,0.9415,39
280793,0.0598,0.2142,0.7260,39
354296,0.0040,0.0325,0.9635,39
114786,0.0022,0.0123,0.9856,39
542256,0.8533,0.1349,0.0118,39
287995,0.3495,0.3041,0.3464,39
417054,0.0046,0.0153,0.9801,39
290377,0.0034,0.0176,0.9790,39
415569,0.0062,0.0282,0.9657,39
24570,0.0058,0.0256,0.9686,39
488512,0.0139,0.0257,0.9604,39
384886,0.9144,0.0752,0.0104,39
386451,0.0151,0.0711,0.9137,39
168874,0.0068,0.0281,0.9651,39
170997,0.0063,0.0447,0.9490,39
172031,0.0063,0.0410,0.9527,39
461975,0.0987,0.3277,0.5736,39
461580,0.0069,0.0140,0.9791,39
90482,0.5031,0.4229,0.0740,39
462655,0.0252,0.0603,0.9144,39
88053,0.0025,0.0131,0.9844,39
183830,0.0189,0.0800,0.9012,39
427225,0.0036,0.0272,0.9692,39
306116,0.0434,0.0987,0.8579,39
249841,0.0031,0.0065,0.9903,39
118503,0.0063,0.0281,0.9656,39
95720,0.0019,0.0263,0.9719,39
379970,0.0060,0.0218,0.9722,39
97536,0.0050,0.0567,0.9383,39
52321,0.8684,0.1143,0.0173,39
301601,0.9130,0.0815,0.0055,39
302531,0.0066,0.0384,0.9550,39
129799,0.0038,0.0161,0.9802,39
395204,0.0044,0.0116,0.9839,39
311258,0.0061,0.0295,0.9643,39
17532,0.0038,0.0179,0.9783,39
243732,0.0062,0.0287,0.9651,39
93261,0.0025,0.0096,0.9879,39
520924,0.0071,0.0364,0.9566,39
119296,0.0062,0.0125,0.9812,39
396789,0.0171,0.0440,0.9388,39
89144,0.9077,0.0865,0.0057,39
330081,0.6836,0.2039,0.1125,39
59867,0.0046,0.0108,0.9846,39
229832,0.0023,0.0397,0.9581,39
91314,0.0041,0.0107,0.9852,39
240446,0.0105,0.0498,0.9397,39
491680,0.0048,0.0346,0.9606,39
317903,0.0039,0.0125,0.9836,39
465921,0.0112,0.1086,0.8802,39
464915,0.3001,0.4055,0.2944,39
81959,0.0028,0.0120,0.9853,39
309883,0.0152,0.0241,0.9607,39
239959,0.0048,0.0085,0.9867,39
174734,0.0054,0.0109,0.9837,39
568265,0.0043,0.0098,0.9859,39
327165,0.0083,0.0228,0.9689,39
318162,0.0044,0.0698,0.9258,39
326524,0.0207,0.1091,0.8702,39
24200,0.9567,0.0381,0.0052,40
319519,0.0152,0.0812,0.9036,40
200664,0.0057,0.0163,0.9779,40
325572,0.3040,0.4125,0.2835,40
544083,0.0038,0.0156,0.9806,40
333170,0.0152,0.0489,0.9358,40
131318,0.0035,0.0134,0.9831,40
131424,0.0035,0.0114,0.9851,40
391044,0.0047,0.0304,0.9649,40
199367,0.2740,0.5649,0.1611,40
311806,0.0046,0.0134,0.9820,40
36868,0.0042,0.0134,0.9824,40
288725,0.0032,0.0158,0.9810,40
15953,0.0028,0.0320,0.9652,40
295168,0.0421,0.0704,0.8876,40
82127,0.0037,0.0121,0.9842,40
452375,0.0021,0.0111,0.9867,40
513074,0.0075,0.0342,0.9583,40
389482,0.0053,0.0577,0.9369,40
451045,0.8629,0.1241,0.0129,40
522925,0.0168,0.1662,0.8170,40
196260,0.0024,0.0092,0.9884,40
418230,0.0037,0.0119,0.9844,40
450728,0.6454,0.2743,0.0804,40
395694,0.0050,0.0167,0.9784,40
395349,0.0037,0.0189,0.9774,40
407421,0.0044,0.0348,0.9608,40
231038,0.0072,0.0110,0.9818,40
554497,0.0230,0.1662,0.8107,40
311772,0.0064,0.0405,0.9531,40
349722,0.0031,0.0075,0.9894,40
110599,0.0023,0.0114,0.9862,40
212380,0.0062,0.0378,0.9560,40
17547,0.8711,0.1154,0.0136,40
110417,0.0191,0.0936,0.8873,40
145649,0.0052,0.0193,0.9755,40
285567,0.0037,0.0088,0.9875,40
33880,0.0044,0.0196,0.9761,40
10380,0.0606,0.0749,0.8645,40
31530,0.0064,0.0115,0.9821,40
117730,0.0042,0.0220,0.9738,40
254240,0.0504,0.1679,0.7817,40
252299,0.0141,0.0825,0.9034,40
480266,0.0032,0.0096,0.9872,40
534703,0.7835,0.2070,0.0094,40
533345,0.0320,0.7984,0.1696,40
357343,0.0149,0.0658,0.9193,40
184338,0.1756,0.6267,0.1977,40
43541,0.1186,0.2381,0.6433,40
279745,0.0088,0.0297,0.9615,40
279422,0.0046,0.0097,0.9857,40
43436,0.9374,0.0545,0.0081,40
150341,0.2446,0.5333,0.2221,40
427028,0.0783,0.4342,0.4875,40
182200,0.0021,0.0110,0.9869,40
120335,0.9457,0.0473,0.0070,40
140998,0.0055,0.0316,0.9629,40
141573,0.0027,0.0190,0.9783,40
35776,0.0239,0.1202,0.8558,40
427657,0.3924,0.3634,0.2441,40
330816,0.0028,0.0121,0.9851,40
149670,0.0092,0.1513,0.8395,40
536701,0.0183,0.1285,0.8532,40
41048,0.6578,0.2314,0.1108,40
436079,0.0031,0.0141,0.9828,40
214214,0.0051,0.0173,0.9776,40
448806,0.2897,0.4176,0.2927,40
489814,0.0096,0.0639,0.9265,40
564529,0.9323,0.0590,0.0087,40
138498,0.0083,0.0450,0.9467,40
25975,0.0040,0.0090,0.9870,40
195316,0.0156,0.4604,0.5241,40
481102,0.2336,0.3993,0.3671,40
15878,0.0057,0.0129,0.9813,40
122678,0.0027,0.0112,0.9860,40
337856,0.0032,0.0108,0.9860,40
220823,0.0060,0.0128,0.9813,40
507350,0.0059,0.0205,0.9735,40
136685,0.9304,0.0610,0.0086,40
160624,0.0129,0.0451,0.9420,40
112248,0.0040,0.0132,0.9828,40
263562,0.1842,0.2414,0.5743,40
50192,0.0076,0.0403,0.9522,40
124070,0.0034,0.0158,0.9807,40
128210,0.0066,0.0407,0.9526,40
121616,0.4056,0.2330,0.3614,40
300540,0.0048,0.0371,0.9581,40
268155,0.3834,0.2822,0.3344,40
127985,0.0080,0.0225,0.9694,40
82038,0.0064,0.0326,0.9610,40
410703,0.0054,0.0223,0.9723,40
296302,0.0072,0.0182,0.9746,40
92272,0.1725,0.1695,0.6579,40
430014,0.0056,0.0243,0.9701,40
80321,0.0056,0.0579,0.9365,40
318242,0.0028,0.0359,0.9613,40
360157,0.0029,0.0077,0.9894,40
273578,0.1571,0.1613,0.6817,40
481228,0.0046,0.0420,0.9534,40
554693,0.4629,0.4156,0.1215,40
531474,0.6666,0.2873,0.0461,40
423832,0.8529,0.1359,0.0112,40
100342,0.0223,0.0395,0.9381,40
484065,0.0040,0.0163,0.9797,40
54433,0.0036,0.0203,0.9761,40
406258,0.0035,0.0231,0.9734,40
13404,0.0056,0.0176,0.9768,40
275678,0.0355,0.2131,0.7513,40
45807,0.8983,0.0914,0.0104,40
447013,0.0049,0.0451,0.9500,40
225446,0.0027,0.0292,0.9681,40
480885,0.0094,0.0303,0.9602,40
468649,0.9434,0.0508,0.0058,40
121226,0.0350,0.1228,0.8422,40
118029,0.9423,0.0507,0.0070,40
563115,0.0133,0.0728,0.9139,40
190203,0.1523,0.6728,0.1750,40
404874,0.0036,0.0167,0.9797,40
482843,0.0098,0.0245,0.9657,40
334894,0.5864,0.2989,0.1147,40
225859,0.0050,0.0112,0.9838,40
451762,0.0033,0.0072,0.9895,41
132460,0.0219,0.1462,0.8319,41
5444,0.0385,0.0725,0.8890,41
328754,0.0064,0.0364,0.9572,41
538564,0.0106,0.0599,0.9296,41
283438,0.0024,0.0189,0.9787,41
407147,0.7941,0.1592,0.0467,41
226435,0.0028,0.0143,0.9830,41
68935,0.0037,0.0072,0.9892,41
380322,0.0073,0.0217,0.9710,41
524988,0.0104,0.0506,0.9390,41
76623,0.0041,0.0110,0.9849,41
456537,0.0027,0.0102,0.9870,41
76548,0.3245,0.4611,0.2145,41
254733,0.9320,0.0603,0.0077,41
136339,0.9272,0.0642,0.0086,41
153206,0.0711,0.2783,0.6506,41
316121,0.0025,0.0090,0.9884,41
26611,0.9200,0.0688,0.0112,41
58206,0.1944,0.3450,0.4606,41
544308,0.0880,0.1793,0.7328,41
134595,0.9440,0.0495,0.0065,41
563760,0.0036,0.0119,0.9846,41
94237,0.0076,0.0618,0.9306,41
384843,0.9273,0.0676,0.0051,41
35785,0.0304,0.1868,0.7828,41
491740,0.2715,0.5489,0.1797,41
107730,0.0064,0.0353,0.9584,41
108392,0.4486,0.4341,0.1173,41
43076,0.0867,0.0869,0.8265,41
474336,0.0070,0.0202,0.9728,41
69200,0.0076,0.0644,0.9280,41
43842,0.0033,0.0116,0.9851,41
557469,0.0197,0.0558,0.9245,41
28193,0.8515,0.1276,0.0210,41
563101,0.0030,0.0105,0.9866,41
328336,0.0037,0.0195,0.9768,41
245476,0.0057,0.0168,0.9775,41
173460,0.0819,0.2941,0.6240,41
92397,0.0505,0.1890,0.7606,41
237990,0.0025,0.0127,0.9848,41
418056,0.0580,0.4370,0.5049,41
208654,0.0033,0.0211,0.9756,41
110460,0.0377,0.1381,0.8242,41
475943,0.0081,0.0296,0.9622,41
512999,0.0815,0.1784,0.7401,41
174781,0.8916,0.0987,0.0097,41
131348,0.8441,0.1324,0.0235,41
333745,0.0435,0.4159,0.5406,41
29587,0.4831,0.4535,0.0634,41
199920,0.0141,0.0700,0.9159,41
236102,0.2016,0.2859,0.5125,41
37207,0.0024,0.0101,0.9875,41
37150,0.1349,0.3637,0.5014,41
392154,0.0038,0.0074,0.9888,41
149188,0.2328,0.2202,0.5470,41
531551,0.9336,0.0603,0.0060,41
8759,0.0049,0.0123,0.9829,41
8978,0.0109,0.0474,0.9417,41
12394,0.0042,0.0250,0.9708,41
526981,0.0960,0.1986,0.7054,41
437648,0.0848,0.2963,0.6189,41
161374,0.0032,0.0124,0.9844,41
526301,0.3804,0.2778,0.3418,41
275589,0.8239,0.1600,0.0161,41
533632,0.4599,0.2731,0.2669,41
505954,0.0038,0.0117,0.9845,41
404720,0.1103,0.2685,0.6211,41
87269,0.0046,0.0259,0.9695,41
87185,0.0052,0.0397,0.9550,41
306097,0.0047,0.0205,0.9748,41
468149,0.0045,0.0068,0.9887,41
103366,0.0028,0.0101,0.9871,41
5877,0.0065,0.0205,0.9730,41
270754,0.0045,0.0158,0.9797,41
423139,0.3913,0.4967,0.1120,41
189707,0.0054,0.0302,0.9644,41
339119,0.0562,0.1047,0.8391,41
401678,0.0051,0.0085,0.9865,41
260559,0.0042,0.0374,0.9584,41
100666,0.0064,0.0107,0.9829,41
47034,0.0036,0.0287,0.9677,41
363759,0.6547,0.3044,0.0409,41
424397,0.9016,0.0881,0.0103,41
483447,0.0036,0.0134,0.9830,41
276546,0.0030,0.0135,0.9836,41
222722,0.0093,0.0459,0.9449,41
511933,0.0060,0.1189,0.8751,41
1792,0.0042,0.0933,0.9025,41
50239,0.8194,0.1636,0.0170,41
267887,0.0057,0.0244,0.9700,41
440485,0.8046,0.1683,0.0271,41
458348,0.0094,0.0268,0.9638,41
50220,0.0033,0.0153,0.9814,41
32859,0.0095,0.0274,0.9631,41
36729,0.0021,0.0231,0.9748,41
310149,0.0044,0.0190,0.9766,41
412211,0.0165,0.1620,0.8215,41
491937,0.0040,0.0200,0.9761,41
294541,0.0038,0.0291,0.9671,41
144709,0.0089,0.0480,0.9431,41
291480,0.0039,0.0076,0.9884,41
415957,0.0168,0.0853,0.8979,42
561204,0.0048,0.0181,0.9770,42
112860,0.9189,0.0730,0.0081,42
112768,0.0057,0.0173,0.9771,42
346784,0.9026,0.0880,0.0095,42
343767,0.0131,0.0619,0.9250,42
203272,0.0028,0.0128,0.9844,42
93034,0.7921,0.1829,0.0251,42
323815,0.0082,0.0300,0.9618,42
320960,0.0270,0.0590,0.9140,42
80531,0.0034,0.0116,0.9850,42
556182,0.0220,0.0369,0.9411,42
401771,0.0709,0.2186,0.7106,42
264793,0.0025,0.0179,0.9796,42
267866,0.6646,0.2515,0.0838,42
49354,0.9571,0.0365,0.0065,42
35340,0.0044,0.0303,0.9653,42
464328,0.0159,0.0955,0.8887,42
122668,0.0049,0.0225,0.9726,42
270752,0.0109,0.0976,0.8915,42
299695,0.0048,0.0623,0.9329,42
104658,0.3730,0.4230,0.2041,42
102796,0.0042,0.0146,0.9812,42
269674,0.0094,0.0711,0.9195,42
116118,0.0133,0.0738,0.9129,42
481180,0.0135,0.0484,0.9381,42
531455,0.0032,0.0091,0.9877,42
531412,0.2041,0.1767,0.6192,42
72744,0.0041,0.0187,0.9772,42
402238,0.0037,0.0222,0.9740,42
219482,0.0032,0.0380,0.9588,42
189203,0.0340,0.1004,0.8656,42
156933,0.0138,0.0412,0.9450,42
261299,0.0033,0.0092,0.9875,42
260651,0.0030,0.0218,0.9752,42
375011,0.0057,0.0675,0.9268,42
530977,0.0044,0.0201,0.9755,42
424623,0.0055,0.0416,0.9529,42
536608,0.9443,0.0491,0.0066,42
279896,0.0144,0.0258,0.9598,42
152171,0.0247,0.0598,0.9156,42
279821,0.0067,0.0174,0.9760,42
536626,0.0033,0.0081,0.9886,42
496595,0.1023,0.1363,0.7614,42
487377,0.0034,0.0106,0.9860,42
56101,0.1519,0.2787,0.5694,42
191426,0.1240,0.7099,0.1661,42
75462,0.0040,0.0259,0.9700,42
507134,0.0095,0.0225,0.9680,42
45325,0.0318,0.4200,0.5482,42
154131,0.0765,0.0899,0.8336,42
495708,0.0041,0.0083,0.9876,42
19815,0.0958,0.2448,0.6593,42
506242,0.0026,0.0374,0.9600,42
495508,0.0049,0.0755,0.9196,42
193068,0.0015,0.0160,0.9825,42
55232,0.0030,0.0087,0.9884,42
256470,0.5523,0.2128,0.2349,42
52238,0.0024,0.0094,0.9882,42
460337,0.9617,0.0331,0.0052,42
373541,0.0034,0.0135,0.9831,42
374058,0.0049,0.0833,0.9117,42
53900,0.0026,0.0127,0.9847,42
375521,0.0034,0.0143,0.9823,42
59114,0.7710,0.2156,0.0133,42
133772,0.0147,0.0976,0.8878,42
543388,0.0673,0.0758,0.8569,42
305970,0.8300,0.1573,0.0127,42
211631,0.7888,0.1952,0.0160,42
25387,0.0105,0.0641,0.9254,42
169420,0.0185,0.0602,0.9213,42
564618,0.0162,0.0739,0.9099,42
244915,0.0070,0.0282,0.9647,42
488620,0.0517,0.2017,0.7466,42
388337,0.0061,0.0273,0.9666,42
553012,0.0040,0.0209,0.9750,42
475097,0.0084,0.0200,0.9716,42
470575,0.0025,0.0082,0.9893,42
308537,0.0029,0.0103,0.9868,42
119067,0.0064,0.0357,0.9578,42
176101,0.0031,0.0125,0.9843,42
432057,0.0044,0.0075,0.9881,42
239646,0.2368,0.2623,0.5010,42
429341,0.0034,0.0140,0.9826,42
142468,0.0385,0.2195,0.7420,42
410040,0.2545,0.4557,0.2898,42
38469,0.0036,0.0207,0.9757,42
145575,0.0035,0.0120,0.9845,42
206804,0.0038,0.0321,0.9641,42
126017,0.0453,0.7456,0.2091,42
333339,0.0231,0.3594,0.6176,42
65254,0.0057,0.0157,0.9785,42
322630,0.0303,0.1032,0.8665,42
19241,0.0035,0.0163,0.9802,42
209968,0.0020,0.0223,0.9757,42
208060,0.2795,0.5903,0.1302,42
315892,0.8964,0.0916,0.0120,42
449131,0.0085,0.0339,0.9576,42
109070,0.0032,0.0097,0.9871,42
35944,0.0033,0.0202,0.9764,42
339839,0.0030,0.0112,0.9858,42
61696,0.0433,0.0959,0.8608,42
284630,0.0469,0.0849,0.8682,42
499049,0.0044,0.0295,0.9662,42
175176,0.0044,0.0161,0.9795,42
108419,0.0023,0.0134,0.9843,42
247197,0.0074,0.0338,0.9588,42
523530,0.1428,0.2603,0.5969,42
558730,0.9450,0.0476,0.0074,42
94279,0.7662,0.1786,0.0552,42
94384,0.0028,0.0220,0.9752,42
114310,0.0062,0.0142,0.9796,42
21724,0.2307,0.3302,0.4391,42
43749,0.0067,0.0182,0.9751,42
67348,0.0062,0.0175,0.9763,42
428210,0.0030,0.0061,0.9909,42
29988,0.0036,0.0137,0.9827,42
307492,0.0042,0.0114,0.9844,42
245661,0.8283,0.1498,0.0219,42
489207,0.9295,0.0618,0.0086,42
71623,0.0022,0.0144,0.9834,43
404505,0.0069,0.0466,0.9465,43
162960,0.0068,0.0249,0.9683,43
531539,0.0031,0.0300,0.9668,43
51853,0.0057,0.0149,0.9794,43
369943,0.0033,0.0339,0.9628,43
370669,0.1270,0.7152,0.1578,43
20997,0.0921,0.2460,0.6619,43
448299,0.0361,0.0647,0.8992,43
182075,0.7141,0.2713,0.0146,43
447280,0.0155,0.0807,0.9038,43
460054,0.0064,0.1133,0.8802,43
84265,0.2021,0.5193,0.2787,43
384424,0.0055,0.0231,0.9713,43
31484,0.7993,0.1753,0.0254,43
169928,0.0024,0.0154,0.9822,43
384239,0.7256,0.2421,0.0323,43
97066,0.0027,0.0108,0.9865,43
138612,0.0106,0.0366,0.9528,43
151315,0.0056,0.0271,0.9674,43
315953,0.1452,0.4040,0.4508,43
106393,0.0085,0.0311,0.9604,43
316296,0.0037,0.0151,0.9812,43
464793,0.9323,0.0604,0.0073,43
167770,0.8803,0.0942,0.0255,43
57560,0.0066,0.0274,0.9660,43
497410,0.0109,0.0556,0.9335,43
398529,0.0094,0.0201,0.9705,43
99296,0.9082,0.0838,0.0079,43
99179,0.3981,0.5581,0.0438,43
460863,0.0126,0.0437,0.9437,43
375704,0.0022,0.0099,0.9879,43
193074,0.0055,0.0104,0.9840,43
221738,0.0091,0.0805,0.9104,43
114280,0.0404,0.1275,0.8321,43
276235,0.0075,0.0477,0.9448,43
19901,0.0063,0.0205,0.9732,43
359178,0.0090,0.0176,0.9734,43
161412,0.0137,0.0395,0.9468,43
167154,0.3269,0.3604,0.3127,43
48369,0.0051,0.0227,0.9722,43
138152,0.0049,0.0183,0.9768,43
136648,0.0025,0.0134,0.9842,43
22138,0.8941,0.0882,0.0176,43
339032,0.8760,0.1166,0.0073,43
404437,0.0029,0.0110,0.9860,43
220580,0.0051,0.0438,0.9512,43
6140,0.0032,0.0112,0.9856,43
501611,0.0049,0.0146,0.9805,43
203825,0.1104,0.5001,0.3896,43
91626,0.0286,0.1242,0.8472,43
465175,0.0028,0.0236,0.9736,43
300605,0.0201,0.1856,0.7943,43
300513,0.0060,0.0139,0.9801,43
365024,0.0028,0.0068,0.9905,43
162595,0.0074,0.0462,0.9464,43
121463,0.0066,0.0427,0.9507,43
210147,0.9249,0.0700,0.0051,43
209414,0.0066,0.0130,0.9804,43
387884,0.0034,0.0057,0.9909,43
387590,0.0050,0.0093,0.9857,43
130808,0.0065,0.0183,0.9752,43
558538,0.0028,0.0117,0.9855,43
435237,0.0030,0.0826,0.9144,43
462571,0.0126,0.0547,0.9327,43
115745,0.0078,0.0168,0.9754,43
545224,0.7890,0.2028,0.0083,43
246207,0.0047,0.0534,0.9419,43
549112,0.0098,0.0248,0.9653,43
493827,0.0025,0.0146,0.9829,43
141183,0.0132,0.1490,0.8378,43
280313,0.0091,0.0357,0.9553,43
287245,0.0106,0.0342,0.9552,43
286494,0.0102,0.0349,0.9549,43
4897,0.9367,0.0561,0.0072,43
119510,0.0079,0.0640,0.9281,43
3440,0.0043,0.0148,0.9808,43
130604,0.0050,0.0215,0.9735,43
310860,0.0102,0.0708,0.9190,43
82405,0.0029,0.0097,0.9874,43
295887,0.9571,0.0354,0.0075,43
295823,0.9198,0.0705,0.0097,43
298306,0.0027,0.0219,0.9754,43
285403,0.0070,0.0333,0.9597,43
473650,0.0086,0.0433,0.9482,43
464639,0.0098,0.1246,0.8656,43
240840,0.0191,0.0633,0.9176,43
332067,0.0063,0.1253,0.8684,43
199380,0.0181,0.0559,0.9260,43
289571,0.0038,0.0113,0.9849,43
560101,0.0058,0.0368,0.9573,43
493437,0.8878,0.0932,0.0190,43
120160,0.0054,0.0904,0.9042,43
119771,0.7980,0.1773,0.0246,43
3946,0.0229,0.1788,0.7983,43
237211,0.0034,0.0072,0.9894,43
81983,0.7186,0.2139,0.0675,43
126980,0.9498,0.0441,0.0061,43
500817,0.0049,0.0265,0.9686,43
566309,0.0060,0.0263,0.9678,43
566962,0.1039,0.1358,0.7603,44
321921,0.0086,0.0202,0.9712,44
23704,0.0031,0.0178,0.9790,44
24072,0.5257,0.3685,0.1058,44
324998,0.0132,0.0435,0.9434,44
568198,0.0110,0.0659,0.9231,44
124665,0.0047,0.0126,0.9827,44
546604,0.0029,0.0099,0.9872,44
143139,0.0314,0.2185,0.7501,44
143150,0.0163,0.1289,0.8548,44
541146,0.0048,0.0168,0.9785,44
540200,0.0074,0.0135,0.9791,44
346163,0.8602,0.1300,0.0098,44
451037,0.0081,0.0411,0.9508,44
349424,0.1176,0.4441,0.4383,44
448872,0.0047,0.0265,0.9687,44
44152,0.0050,0.0504,0.9445,44
106010,0.0022,0.0202,0.9776,44
479559,0.0043,0.0258,0.9699,44
115756,0.0216,0.0696,0.9088,44
275910,0.0189,0.0487,0.9324,44
532364,0.3759,0.2366,0.3875,44
558488,0.0058,0.0254,0.9688,44
450410,0.0266,0.1626,0.8108,44
351307,0.0110,0.0201,0.9689,44
283617,0.0100,0.0364,0.9536,44
556542,0.0051,0.0451,0.9499,44
13704,0.0037,0.0153,0.9810,44
5028,0.1872,0.2441,0.5687,44
39476,0.1962,0.5116,0.2922,44
274554,0.0018,0.0139,0.9843,44
558973,0.8604,0.1227,0.0169,44
100447,0.0210,0.0826,0.8964,44
12464,0.0065,0.0104,0.9831,44
460331,0.2239,0.3987,0.3774,44
526762,0.0403,0.4528,0.5069,44
248567,0.1901,0.2300,0.5800,44
301433,0.8141,0.1745,0.0113,44
334283,0.0035,0.0108,0.9857,44
306670,0.0051,0.0264,0.9685,44
521993,0.0043,0.0067,0.9890,44
247171,0.0057,0.0130,0.9813,44
558965,0.0037,0.0134,0.9829,44
94215,0.0049,0.0224,0.9727,44
266608,0.0143,0.0305,0.9552,44
370488,0.0372,0.3655,0.5972,44
163928,0.0029,0.0490,0.9480,44
439774,0.0317,0.1191,0.8493,44
367330,0.8991,0.0917,0.0092,44
267667,0.0047,0.0159,0.9794,44
339137,0.0352,0.3048,0.6599,44
564759,0.0062,0.5253,0.4686,44
458089,0.0101,0.0570,0.9329,44
116181,0.0035,0.0344,0.9621,44
161887,0.0109,0.0827,0.9064,44
270354,0.0157,0.1156,0.8687,44
103298,0.0177,0.0661,0.9161,44
105150,0.0110,0.0428,0.9461,44
367771,0.0106,0.2337,0.7557,44
136225,0.0087,0.0346,0.9567,44
441410,0.0295,0.4019,0.5686,44
158699,0.0359,0.1360,0.8281,44
273587,0.0056,0.0256,0.9688,44
434412,0.0027,0.0099,0.9874,44
184837,0.0047,0.0115,0.9837,44
129444,0.0060,0.0234,0.9706,44
123105,0.0025,0.0087,0.9888,44
72419,0.0053,0.0230,0.9717,44
395930,0.1045,0.2532,0.6423,44
67726,0.0076,0.0480,0.9444,44
230435,0.8261,0.1578,0.0161,44
511954,0.0049,0.0399,0.9553,44
8263,0.0096,0.0371,0.9533,44
8633,0.0133,0.0478,0.9389,44
551693,0.0063,0.0245,0.9692,44
69008,0.0135,0.0328,0.9537,44
72939,0.0451,0.1380,0.8169,44
506351,0.0041,0.0130,0.9829,44
192860,0.0056,0.0127,0.9816,44
75607,0.0297,0.1233,0.8470,44
9927,0.0035,0.0136,0.9830,44
413372,0.0071,0.0834,0.9095,44
80291,0.9221,0.0702,0.0077,44
79972,0.0039,0.0106,0.9855,44
326911,0.1683,0.6163,0.2154,44
24957,0.0043,0.0135,0.9822,44
414456,0.0028,0.0102,0.9870,44
201475,0.0054,0.0325,0.9621,44
417439,0.0185,0.0706,0.9109,44
196149,0.0238,0.0548,0.9214,44
199358,0.0038,0.0087,0.9875,44
209295,0.0043,0.0533,0.9424,44
77347,0.7597,0.1920,0.0482,44
25823,0.0285,0.0660,0.9055,44
85822,0.9119,0.0804,0.0077,44
503179,0.0040,0.0362,0.9598,44
492162,0.0066,0.0214,0.9720,44
28730,0.0079,0.0366,0.9555,44
231432,0.0023,0.0095,0.9882,44
67061,0.8563,0.1311,0.0126,44
90679,0.0062,0.0169,0.9768,44
3744,0.5999,0.3376,0.0625,44
179142,0.0026,0.0338,0.9636,44
517038,0.0267,0.0620,0.9113,44
432161,0.0033,0.0104,0.9863,44
238869,0.6662,0.2211,0.1127,44
490689,0.3552,0.4749,0.1699,44
520668,0.3904,0.4215,0.1881,44
315239,0.2963,0.2343,0.4694,44
545369,0.0030,0.0208,0.9761,44
22762,0.7177,0.2675,0.0148,44
182552,0.0031,0.0120,0.9850,44
61893,0.0049,0.0151,0.9800,44
243548,0.0110,0.0918,0.8971,44
131136,0.4417,0.3775,0.1808,44
154312,0.0094,0.0319,0.9587,45
276365,0.0110,0.0418,0.9473,45
45088,0.0542,0.1043,0.8415,45
153394,0.0030,0.0404,0.9566,45
115402,0.0244,0.3438,0.6318,45
450267,0.0030,0.0169,0.9801,45
451256,0.0086,0.0582,0.9332,45
451317,0.0046,0.0424,0.9530,45
147487,0.9355,0.0587,0.0058,45
139821,0.0033,0.0098,0.9869,45
278162,0.0024,0.0125,0.9851,45
106689,0.0035,0.0099,0.9866,45
566965,0.0056,0.0278,0.9666,45
246584,0.0082,0.0196,0.9722,45
60105,0.0034,0.0118,0.9848,45
384042,0.0043,0.0275,0.9681,45
169832,0.0054,0.0206,0.9741,45
305551,0.0060,0.0178,0.9762,45
459739,0.2267,0.2363,0.5370,45
382355,0.8596,0.1332,0.0073,45
384097,0.0069,0.0164,0.9766,45
170367,0.0073,0.0219,0.9708,45
375182,0.0060,0.0425,0.9515,45
525693,0.2421,0.4396,0.3183,45
543177,0.0060,0.0142,0.9799,45
524971,0.7742,0.2061,0.0197,45
379775,0.0033,0.0114,0.9853,45
252466,0.0027,0.0120,0.9854,45
252960,0.0036,0.0119,0.9845,45
165290,0.0055,0.0321,0.9624,45
165029,0.3789,0.3990,0.2221,45
98958,0.0160,0.0877,0.8964,45
4117,0.0044,0.0277,0.9678,45
274531,0.0092,0.0225,0.9683,45
532316,0.0050,0.0138,0.9812,45
472977,0.9396,0.0493,0.0111,45
102052,0.0069,0.0612,0.9319,45
367871,0.0072,0.0172,0.9756,45
441455,0.0098,0.0370,0.9532,45
365624,0.0034,0.0104,0.9862,45
21218,0.0450,0.2754,0.6795,45
265612,0.0055,0.0364,0.9581,45
161474,0.0034,0.0122,0.9844,45
163179,0.0036,0.0184,0.9780,45
320391,0.0050,0.0172,0.9778,45
145963,0.0083,0.0249,0.9668,45
146158,0.0035,0.0153,0.9812,45
37867,0.8216,0.1485,0.0299,45
289176,0.6002,0.3370,0.0627,45
343957,0.1621,0.4884,0.3495,45
289248,0.0079,0.0631,0.9289,45
16381,0.0101,0.0150,0.9750,45
143641,0.0146,0.0597,0.9257,45
454546,0.0035,0.0409,0.9556,45
541254,0.0621,0.4369,0.5010,45
111863,0.0032,0.0232,0.9736,45
123669,0.7926,0.1690,0.0384,45
125001,0.0036,0.0154,0.9810,45
566567,0.0028,0.0318,0.9654,45
36998,0.0049,0.0198,0.9754,45
112682,0.0032,0.0107,0.9861,45
565990,0.0539,0.1578,0.7884,45
450841,0.0140,0.0500,0.9360,45
537711,0.0038,0.0125,0.9837,45
40696,0.3528,0.5592,0.0880,45
3654,0.0052,0.0158,0.9790,45
119714,0.0046,0.0350,0.9605,45
561948,0.0040,0.0118,0.9841,45
238638,0.0033,0.0099,0.9868,45
15146,0.0048,0.0123,0.9829,45
178528,0.8897,0.1036,0.0067,45
90570,0.0236,0.2069,0.7695,45
235790,0.0022,0.0146,0.9832,45
471372,0.0026,0.0109,0.9865,45
308827,0.0052,0.0101,0.9848,45
17631,0.0069,0.0252,0.9679,45
94571,0.0346,0.1718,0.7936,45
427257,0.0056,0.0166,0.9778,45
330493,0.0049,0.0171,0.9779,45
181368,0.0063,0.0312,0.9625,45
328794,0.0037,0.0316,0.9646,45
22609,0.5175,0.3610,0.1215,45
129099,0.0043,0.0468,0.9489,45
315304,0.8619,0.1167,0.0214,45
27591,0.0173,0.0662,0.9164,45
394288,0.9351,0.0568,0.0081,45
232599,0.9203,0.0707,0.0090,45
15067,0.0876,0.2620,0.6504,45
229979,0.8913,0.0975,0.0112,45
90152,0.7662,0.2086,0.0252,45
428291,0.9566,0.0378,0.0056,45
558583,0.0026,0.0207,0.9767,45
396879,0.0059,0.0600,0.9341,45
92589,0.0028,0.0093,0.9879,45
389634,0.0036,0.0221,0.9743,45
175117,0.0018,0.0156,0.9826,45
241827,0.1292,0.4365,0.4344,45
245376,0.0025,0.0224,0.9751,45
12011,0.8995,0.0910,0.0095,45
518636,0.0182,0.1629,0.8189,45
432223,0.0054,0.0174,0.9772,45
73339,0.8303,0.1472,0.0225,45
72226,0.0068,0.0190,0.9742,45
219303,0.0043,0.0114,0.9843,45
219089,0.0043,0.0386,0.9571,45
70578,0.0030,0.0106,0.9864,45
186195,0.0020,0.0113,0.9867,45
424976,0.0066,0.0666,0.9268,45
223797,0.0047,0.0358,0.9595,45
417061,0.0040,0.0267,0.9693,45
81385,0.0046,0.0318,0.9635,45
407571,0.0059,0.0330,0.9611,45
328160,0.0355,0.0873,0.8772,45
193406,0.0123,0.1595,0.8282,45
214589,0.0050,0.0319,0.9631,45
211663,0.0042,0.0106,0.9852,45
464883,0.0046,0.0187,0.9766,45
511394,0.0050,0.0179,0.9771,45
411235,0.8631,0.1230,0.0139,45
81673,0.0117,0.1081,0.8802,45
414113,0.0051,0.0271,0.9678,45
407029,0.7339,0.2029,0.0632,46
15481,0.0351,0.1623,0.8026,46
42745,0.0109,0.0527,0.9364,46
381771,0.0070,0.0128,0.9802,46
556390,0.4524,0.4980,0.0496,46
247539,0.0163,0.0418,0.9419,46
86496,0.5337,0.3902,0.0762,46
86064,0.8257,0.1573,0.0171,46
491293,0.0030,0.0263,0.9707,46
208545,0.0023,0.0132,0.9845,46
360066,0.9182,0.0752,0.0065,46
4288,0.0805,0.1675,0.7520,46
100978,0.0066,0.0518,0.9416,46
112558,0.0038,0.0222,0.9740,46
373237,0.0049,0.0331,0.9620,46
302423,0.0058,0.0767,0.9175,46
545034,0.0030,0.0216,0.9754,46
218009,0.0077,0.0539,0.9384,46
307218,0.0591,0.2287,0.7122,46
73682,0.9398,0.0507,0.0095,46
475647,0.0044,0.0141,0.9815,46
345904,0.0074,0.0246,0.9680,46
386573,0.0024,0.0065,0.9911,46
386199,0.6694,0.3050,0.0256,46
413266,0.9380,0.0537,0.0083,46
289524,0.0047,0.0167,0.9786,46
340320,0.0105,0.0716,0.9179,46
449096,0.0227,0.0927,0.8846,46
484547,0.0041,0.0117,0.9842,46
76730,0.6858,0.2892,0.0250,46
185129,0.0093,0.0260,0.9647,46
195265,0.8254,0.1499,0.0247,46
199816,0.8231,0.1394,0.0376,46
433097,0.0020,0.0117,0.9863,46
494431,0.0045,0.0514,0.9441,46
526291,0.0046,0.0088,0.9866,46
36813,0.0201,0.0732,0.9068,46
360398,0.0069,0.0363,0.9568,46
237450,0.0034,0.0134,0.9832,46
225670,0.0616,0.3400,0.5984,46
450458,0.0303,0.1183,0.8515,46
296440,0.8865,0.1041,0.0093,46
36130,0.0021,0.0115,0.9864,46
427401,0.0067,0.0217,0.9716,46
406303,0.0060,0.0307,0.9633,46
227697,0.0165,0.2122,0.7713,46
504143,0.7084,0.2314,0.0602,46
450872,0.0048,0.0311,0.9641,46
479704,0.0031,0.0133,0.9835,46
149604,0.0119,0.0392,0.9488,46
478651,0.0029,0.0138,0.9833,46
157111,0.8892,0.1003,0.0105,46
415434,0.8402,0.1427,0.0171,46
196456,0.0047,0.0245,0.9708,46
231068,0.0052,0.0245,0.9703,46
29712,0.0043,0.0184,0.9773,46
35524,0.0031,0.0199,0.9770,46
207662,0.0114,0.0493,0.9393,46
97571,0.6998,0.2293,0.0709,46
35145,0.0038,0.0374,0.9587,46
353992,0.0990,0.3144,0.5866,46
194875,0.1265,0.2507,0.6228,46
205039,0.0032,0.0178,0.9790,46
96368,0.0032,0.0096,0.9871,46
14874,0.0025,0.0220,0.9756,46
514308,0.0316,0.1045,0.8639,46
92495,0.0024,0.0196,0.9780,46
229792,0.8134,0.1642,0.0224,46
181481,0.0046,0.0311,0.9643,46
180671,0.6680,0.3105,0.0214,46
29910,0.0049,0.0258,0.9693,46
538078,0.0032,0.0152,0.9816,46
330891,0.7340,0.2425,0.0234,46
375681,0.0040,0.0092,0.9868,46
423143,0.0518,0.4059,0.5423,46
528290,0.0070,0.0203,0.9727,46
177657,0.0557,0.0592,0.8851,46
497725,0.0138,0.1303,0.8559,46
64367,0.0601,0.1665,0.7734,46
402814,0.9284,0.0633,0.0084,46
37681,0.0046,0.0212,0.9741,46
205390,0.0025,0.0115,0.9860,46
102646,0.9236,0.0662,0.0102,46
388976,0.0093,0.0773,0.9133,46
402649,0.0039,0.0135,0.9827,46
236680,0.0177,0.0318,0.9505,46
422870,0.0037,0.0181,0.9781,46
486322,0.0023,0.0156,0.9822,46
380991,0.3429,0.2353,0.4219,46
57610,0.9187,0.0742,0.0071,46
73283,0.0037,0.0082,0.9880,46
99175,0.0110,0.0452,0.9438,46
251876,0.0042,0.0200,0.9758,46
49078,0.0126,0.0605,0.9269,47
178549,0.0088,0.0665,0.9247,47
12341,0.0037,0.0270,0.9694,47
271146,0.0457,0.0785,0.8758,47
287364,0.0122,0.0359,0.9519,47
170164,0.0088,0.2158,0.7754,47
205857,0.7739,0.2006,0.0255,47
79570,0.0133,0.0867,0.9001,47
354294,0.0035,0.0218,0.9747,47
38900,0.0056,0.0112,0.9832,47
37249,0.0097,0.1226,0.8678,47
120812,0.0032,0.0228,0.9739,47
151065,0.0165,0.1680,0.8155,47
294221,0.0060,0.0179,0.9762,47
126237,0.0068,0.0282,0.9649,47
438373,0.8652,0.1156,0.0191,47
324134,0.9500,0.0433,0.0067,47
468730,0.0062,0.0223,0.9715,47
383167,0.0062,0.0263,0.9675,47
188356,0.0264,0.1059,0.8677,47
324443,0.9514,0.0440,0.0046,47
58152,0.0030,0.0456,0.9514,47
186969,0.8135,0.1730,0.0134,47
59261,0.8575,0.1209,0.0216,47
469627,0.0107,0.0412,0.9481,47
66335,0.3152,0.4323,0.2526,47
141288,0.0035,0.0238,0.9726,47
496356,0.1164,0.3307,0.5529,47
232981,0.8150,0.1289,0.0561,47
16313,0.0059,0.0152,0.9789,47
434476,0.2700,0.3688,0.3612,47
527357,0.4450,0.4384,0.1166,47
114017,0.8377,0.1391,0.0232,47
65510,0.0049,0.0305,0.9646,47
406870,0.0172,0.1118,0.8709,47
439551,0.1550,0.2101,0.6350,47
309374,0.0045,0.0379,0.9576,47
368070,0.0243,0.0362,0.9395,47
404661,0.0069,0.0171,0.9760,47
117656,0.0043,0.0092,0.9864,47
149255,0.0249,0.0874,0.8877,47
228561,0.0043,0.0086,0.9871,47
30516,0.9312,0.0612,0.0076,47
168667,0.7320,0.1769,0.0911,47
432935,0.5253,0.2770,0.1977,47
271884,0.0093,0.0734,0.9173,47
406185,0.0032,0.0133,0.9835,47
280649,0.0025,0.0144,0.9831,47
119480,0.0094,0.0402,0.9505,47
493841,0.0079,0.0368,0.9553,47
254224,0.0056,0.0115,0.9829,47
349187,0.0052,0.0269,0.9679,47
216538,0.0147,0.1016,0.8836,47
564220,0.0109,0.0313,0.9578,47
412957,0.0063,0.0349,0.9587,47
8515,0.7117,0.1945,0.0938,47
552272,0.0029,0.0185,0.9787,47
254742,0.8939,0.0952,0.0109,47
99787,0.0313,0.0894,0.8793,47
529367,0.1333,0.1636,0.7030,47
50644,0.3577,0.4443,0.1980,47
510756,0.0104,0.0579,0.9317,47
402002,0.0069,0.0235,0.9696,47
293195,0.0031,0.0179,0.9790,47
219297,0.0033,0.0147,0.9820,47
220178,0.0124,0.0529,0.9347,47
417148,0.0052,0.0141,0.9808,47
326706,0.0085,0.0412,0.9503,47
279430,0.0054,0.0226,0.9720,47
316133,0.0040,0.0099,0.9861,47
510211,0.0095,0.1009,0.8896,47
411092,0.0045,0.0282,0.9673,47
446134,0.0054,0.0225,0.9721,47
49049,0.0118,0.0481,0.9401,47
62043,0.0578,0.1771,0.7650,47
173215,0.5753,0.2549,0.1699,47
63767,0.2116,0.4704,0.3181,47
508663,0.0041,0.0159,0.9800,47
221208,0.0033,0.0117,0.9850,47
330263,0.0138,0.0971,0.8891,47
160627,0.0051,0.0823,0.9126,47
530126,0.0049,0.0207,0.9743,47
451177,0.0068,0.0227,0.9705,47
457614,0.0065,0.0176,0.9759,47
137281,0.8891,0.0916,0.0194,47
375988,0.0102,0.0240,0.9659,47
193396,0.9456,0.0480,0.0064,47
497409,0.0043,0.0511,0.9446,47
90223,0.0068,0.0211,0.9721,47
110904,0.0038,0.0225,0.9737,47
147883,0.0895,0.1503,0.7603,47
14851,0.0077,0.0445,0.9478,47
103200,0.0039,0.0239,0.9722,47
139453,0.0026,0.0161,0.9813,47
88742,0.7085,0.2531,0.0384,47
279924,0.2532,0.4325,0.3142,47
204652,0.0049,0.0603,0.9348,47
52018,0.0442,0.2507,0.7051,47
391006,0.0043,0.0328,0.9628,47
247846,0.0028,0.0109,0.9863,47
91502,0.8905,0.0999,0.0096,47
313909,0.0159,0.1647,0.8194,47
314637,0.3802,0.4495,0.1703,47
229723,0.0069,0.0195,0.9735,47
111121,0.0024,0.0115,0.9860,47
229733,0.0022,0.0159,0.9819,47
35802,0.8019,0.1846,0.0135,47
158558,0.0151,0.0372,0.9477,47
98973,0.0028,0.0280,0.9692,47
121920,0.0567,0.1380,0.8053,47
218560,0.0042,0.0488,0.9470,47
319140,0.0035,0.0211,0.9754,47
208997,0.8522,0.1150,0.0328,47
381086,0.0063,0.0197,0.9740,47
250988,0.6494,0.3170,0.0336,47
486416,0.0117,0.0285,0.9598,47
382946,0.0048,0.0167,0.9785,47
42191,0.0028,0.0098,0.9874,47
188057,0.0129,0.1407,0.8463,47
126876,0.0094,0.0197,0.9708,48
464000,0.0506,0.1947,0.7548,48
434900,0.0028,0.0146,0.9827,48
489406,0.1403,0.4381,0.4216,48
208977,0.9526,0.0404,0.0069,48
99384,0.0361,0.1760,0.7879,48
554472,0.0033,0.0145,0.9822,48
78927,0.0087,0.0446,0.9466,48
423031,0.0034,0.0075,0.9892,48
556020,0.1040,0.4177,0.4782,48
286387,0.1823,0.2484,0.5693,48
259751,0.0206,0.1476,0.8318,48
455186,0.0038,0.0241,0.9722,48
347198,0.0178,0.4868,0.4955,48
145157,0.0026,0.0070,0.9904,48
447076,0.0031,0.0362,0.9607,48
518517,0.9259,0.0681,0.0060,48
557328,0.9030,0.0902,0.0068,48
138256,0.0041,0.0460,0.9500,48
38578,0.0030,0.0253,0.9717,48
176851,0.0039,0.0198,0.9763,48
176801,0.0042,0.0125,0.9833,48
10779,0.0103,0.0354,0.9543,48
389623,0.6856,0.2422,0.0722,48
508987,0.8420,0.1448,0.0132,48
457808,0.9092,0.0838,0.0070,48
388886,0.0388,0.2712,0.6900,48
240791,0.0078,0.0681,0.9241,48
136817,0.0051,0.0638,0.9311,48
550679,0.0038,0.0251,0.9712,48
80799,0.0061,0.0227,0.9713,48
484723,0.8197,0.1639,0.0164,48
279137,0.0151,0.1291,0.8558,48
278733,0.0097,0.0417,0.9486,48
538529,0.0026,0.0108,0.9866,48
75346,0.0084,0.0194,0.9722,48
359999,0.0040,0.0152,0.9808,48
447662,0.0050,0.0123,0.9827,48
447486,0.0028,0.0229,0.9743,48
350613,0.0310,0.1049,0.8641,48
256331,0.0259,0.1528,0.8213,48
389255,0.0047,0.0295,0.9659,48
546116,0.0049,0.0302,0.9649,48
76159,0.0037,0.0095,0.9869,48
397807,0.0069,0.0461,0.9470,48
81029,0.0081,0.0753,0.9166,48
268494,0.5785,0.3050,0.1165,48
236389,0.0032,0.0203,0.9765,48
140166,0.0080,0.0521,0.9399,48
17104,0.0046,0.0125,0.9829,48
46101,0.0069,0.0404,0.9527,48
316474,0.0054,0.0444,0.9502,48
357336,0.0046,0.0220,0.9734,48
415190,0.0031,0.0217,0.9752,48
31296,0.0030,0.0275,0.9695,48
444620,0.0042,0.0214,0.9744,48
204322,0.9122,0.0804,0.0074,48
204076,0.0092,0.0586,0.9322,48
316377,0.0026,0.0173,0.9801,48
61295,0.0109,0.0584,0.9307,48
184427,0.0093,0.0268,0.9639,48
448920,0.0039,0.0145,0.9816,48
32267,0.0030,0.0099,0.9871,48
32262,0.6257,0.3181,0.0562,48
17274,0.0021,0.0451,0.9528,48
220254,0.0057,0.0131,0.9812,48
39640,0.9075,0.0821,0.0103,48
462004,0.0188,0.0606,0.9206,48
103447,0.0056,0.0420,0.9524,48
5805,0.0399,0.5660,0.3942,48
106477,0.0066,0.0203,0.9732,48
448972,0.0029,0.0089,0.9882,48
169223,0.4290,0.2951,0.2758,48
191008,0.0044,0.0172,0.9784,48
17855,0.0061,0.0303,0.9636,48
496376,0.0086,0.0287,0.9627,48
416948,0.7421,0.2280,0.0299,48
371146,0.0071,0.0169,0.9759,48
343403,0.0186,0.0534,0.9281,48
272406,0.1740,0.4880,0.3380,48
233621,0.0071,0.0301,0.9629,48
86582,0.0094,0.0766,0.9140,48
273479,0.0046,0.0188,0.9767,48
247767,0.0083,0.0401,0.9516,48
437351,0.0044,0.0728,0.9228,48
563564,0.0024,0.0219,0.9757,48
381040,0.8255,0.1605,0.0140,48
124150,0.0048,0.0373,0.9579,48
353570,0.0145,0.0506,0.9350,49
325982,0.0079,0.1236,0.8684,49
438450,0.5827,0.2297,0.1876,49
311599,0.0029,0.0071,0.9900,49
199419,0.0097,0.0206,0.9697,49
66022,0.0036,0.0177,0.9787,49
19628,0.0041,0.0105,0.9854,49
16394,0.5251,0.4139,0.0610,49
271604,0.0044,0.2295,0.7661,49
276471,0.2140,0.6263,0.1597,49
276287,0.0039,0.0246,0.9715,49
178615,0.0123,0.0545,0.9332,49
440512,0.4472,0.3538,0.1990,49
161942,0.8739,0.0871,0.0390,49
144139,0.7335,0.2379,0.0286,49
198393,0.0068,0.0367,0.9564,49
534891,0.0053,0.0168,0.9779,49
237419,0.1861,0.3647,0.4491,49
230943,0.4587,0.2230,0.3183,49
9861,0.9390,0.0547,0.0062,49
280282,0.0093,0.0247,0.9660,49
84455,0.9459,0.0476,0.0064,49
167596,0.5574,0.4130,0.0296,49
555286,0.0476,0.2089,0.7436,49
236676,0.0038,0.0132,0.9831,49
404793,0.4888,0.4701,0.0410,49
396966,0.0062,0.0828,0.9110,49
201923,0.7037,0.2412,0.0550,49
223419,0.2392,0.3781,0.3827,49
254774,0.0045,0.0154,0.9802,49
241765,0.0285,0.0740,0.8975,49
241738,0.0494,0.2913,0.6593,49
554635,0.0062,0.0300,0.9638,49
27044,0.0035,0.0131,0.9834,49
96341,0.3493,0.4930,0.1577,49
442509,0.0142,0.0435,0.9423,49
273702,0.0040,0.0163,0.9797,49
106752,0.9285,0.0652,0.0063,49
106570,0.3642,0.4556,0.1802,49
36059,0.0031,0.0128,0.9841,49
223436,0.8452,0.1217,0.0331,49
546342,0.0067,0.0200,0.9733,49
427302,0.0029,0.0175,0.9796,49
350359,0.4590,0.2689,0.2721,49
504011,0.0022,0.0111,0.9868,49
446387,0.0202,0.0416,0.9382,49
255750,0.3620,0.4868,0.1512,49
509096,0.0023,0.0136,0.9841,49
544165,0.4083,0.5046,0.0871,49
309037,0.0053,0.0104,0.9844,49
452307,0.1273,0.1765,0.6962,49
147537,0.0027,0.0060,0.9913,49
44226,0.1270,0.3435,0.5295,49
156722,0.0031,0.0182,0.9787,49
287411,0.2869,0.3747,0.3384,49
369731,0.0026,0.0469,0.9505,49
445457,0.0050,0.0288,0.9662,49
7856,0.9119,0.0787,0.0094,49
498353,0.0051,0.0085,0.9864,49
5326,0.0105,0.0892,0.9004,49
146014,0.0321,0.5939,0.3740,49
288755,0.0029,0.0234,0.9737,49
347046,0.0113,0.0298,0.9589,49
8128,0.3040,0.4608,0.2352,49
469466,0.0033,0.0150,0.9817,49
216265,0.0072,0.0232,0.9696,49
384850,0.4688,0.5077,0.0236,49
253081,0.0099,0.0813,0.9088,49
317769,0.0026,0.0141,0.9833,49
10597,0.0033,0.0243,0.9723,49
85694,0.0034,0.0103,0.9863,49
278119,0.9382,0.0553,0.0065,49
380720,0.0061,0.0295,0.9644,49
191087,0.0050,0.0185,0.9766,49
32550,0.0043,0.0146,0.9812,49
522162,0.0036,0.0114,0.9850,49
479140,0.0243,0.1278,0.8479,49
204216,0.0050,0.0117,0.9833,49
387210,0.0039,0.0232,0.9729,49
386857,0.0069,0.0284,0.9648,49
276774,0.0055,0.0247,0.9698,49
203621,0.0197,0.0336,0.9467,49
150151,0.0046,0.0267,0.9687,49
306662,0.0044,0.0542,0.9414,49
151183,0.0065,0.1049,0.8885,49
477404,0.0081,0.0383,0.9536,49
433990,0.1831,0.2023,0.6145,49
131887,0.7593,0.2069,0.0338,49
99635,0.5181,0.4319,0.0500,49
437923,0.0037,0.0304,0.9660,49
73299,0.0049,0.0126,0.9826,49
383286,0.0045,0.0110,0.9845,49
323804,0.0046,0.0256,0.9698,49
166719,0.8408,0.1207,0.0384,49
166815,0.0035,0.0152,0.9813,49
72892,0.0054,0.0153,0.9793,49
397331,0.0083,0.0885,0.9032,49
99743,0.0037,0.0114,0.9849,49
49135,0.0072,0.0403,0.9526,49
263543,0.0362,0.0841,0.8797,49
485940,0.0027,0.0102,0.9871,49
564381,0.9028,0.0789,0.0183,49
458594,0.0032,0.0082,0.9887,49
407417,0.0083,0.0154,0.9764,50
173275,0.0049,0.0183,0.9768,50
8921,0.0418,0.1665,0.7918,50
436156,0.1248,0.3618,0.5134,50
207980,0.0042,0.0184,0.9775,50
390572,0.0046,0.0115,0.9839,50
534449,0.0066,0.0232,0.9702,50
115142,0.0032,0.0144,0.9824,50
114917,0.7306,0.2428,0.0266,50
557728,0.0195,0.0778,0.9027,50
394803,0.0039,0.0160,0.9801,50
321771,0.0087,0.0173,0.9740,50
282836,0.0023,0.0103,0.9875,50
15871,0.0042,0.0134,0.9824,50
6576,0.4496,0.4416,0.1088,50
395198,0.0045,0.0190,0.9765,50
261200,0.4023,0.4235,0.1742,50
16258,0.0035,0.0096,0.9869,50
445021,0.0065,0.1627,0.8308,50
217116,0.0039,0.0243,0.9718,50
140394,0.0024,0.0349,0.9627,50
114776,0.8779,0.1124,0.0098,50
472809,0.0052,0.0125,0.9824,50
236143,0.0090,0.0418,0.9492,50
16862,0.0033,0.0379,0.9588,50
10112,0.1348,0.2723,0.5929,50
426814,0.0220,0.1316,0.8463,50
470752,0.0022,0.0198,0.9781,50
520251,0.0098,0.0281,0.9621,50
300169,0.0044,0.0143,0.9812,50
194037,0.0315,0.0958,0.8727,50
354351,0.1235,0.3640,0.5125,50
100445,0.0043,0.0148,0.9808,50
229036,0.0150,0.0748,0.9103,50
367916,0.0112,0.0318,0.9571,50
55382,0.1104,0.0969,0.7926,50
477670,0.0015,0.0157,0.9828,50
406366,0.9147,0.0745,0.0108,50
315157,0.0074,0.0415,0.9511,50
26960,0.0052,0.0754,0.9194,50
300699,0.0167,0.1833,0.8001,50
38446,0.0070,0.0147,0.9782,50
557518,0.9477,0.0453,0.0070,50
3688,0.0063,0.0195,0.9742,50
498665,0.0117,0.1153,0.8730,50
471815,0.0047,0.0369,0.9585,50
287923,0.0040,0.0321,0.9638,50
199346,0.4252,0.4730,0.1018,50
33951,0.6857,0.2744,0.0399,50
314804,0.2824,0.3662,0.3514,50
526991,0.0092,0.0158,0.9750,50
112076,0.0070,0.0219,0.9711,50
199517,0.0027,0.0139,0.9833,50
24241,0.0250,0.1556,0.8193,50
547922,0.0041,0.0106,0.9853,50
469002,0.0155,0.0814,0.9031,50
524342,0.0036,0.0169,0.9795,50
196409,0.7563,0.2040,0.0397,50
236536,0.0137,0.0417,0.9446,50
142913,0.3842,0.2630,0.3528,50
392468,0.0053,0.0139,0.9807,50
168971,0.9122,0.0803,0.0076,50
271436,0.0070,0.0231,0.9700,50
74184,0.9346,0.0581,0.0074,50
564701,0.0117,0.0560,0.9323,50
184709,0.0347,0.8147,0.1505,50
421349,0.0111,0.0663,0.9226,50
49996,0.0035,0.0115,0.9850,50
442203,0.8866,0.1030,0.0104,50
411565,0.0033,0.0196,0.9771,50
335793,0.0059,0.0277,0.9664,50
54883,0.0037,0.0200,0.9763,50
433228,0.0055,0.0144,0.9801,50
253026,0.0032,0.0117,0.9851,50
10232,0.0060,0.0163,0.9777,50
540639,0.0093,0.0735,0.9172,50
6377,0.0032,0.0114,0.9854,50
104981,0.0022,0.0226,0.9752,50
470282,0.0174,0.0563,0.9263,50
106432,0.0120,0.0394,0.9485,50
545598,0.0086,0.0465,0.9449,50
154572,0.9211,0.0724,0.0065,50
176209,0.0143,0.0603,0.9254,50
42196,0.0075,0.0484,0.9441,50
337321,0.2933,0.3377,0.3690,50
550483,0.0077,0.0539,0.9385,50
289285,0.0065,0.0353,0.9582,50
491498,0.0101,0.0227,0.9672,50
360612,0.0770,0.4773,0.4457,50
24030,0.7422,0.2217,0.0361,50
246363,0.0038,0.0130,0.9831,50
525950,0.8616,0.1112,0.0271,50
210138,0.0141,0.0233,0.9626,50
361575,0.0032,0.0118,0.9851,50
342242,0.8851,0.1019,0.0130,50
46990,0.0044,0.0197,0.9759,50
106291,0.0034,0.0997,0.8969,50
34437,0.0031,0.0159,0.9810,50
58117,0.0072,0.0322,0.9606,50
77397,0.0054,0.0170,0.9775,50
15722,0.9122,0.0773,0.0105,50
210757,0.0207,0.1782,0.8011,50
23478,0.0108,0.0324,0.9567,50
86390,0.0325,0.1203,0.8472,51
423974,0.0025,0.0252,0.9723,51
249527,0.0041,0.0106,0.9853,51
383198,0.9280,0.0633,0.0086,51
299706,0.0096,0.1339,0.8565,51
160119,0.0084,0.0376,0.9540,51
151444,0.0061,0.0218,0.9720,51
479384,0.0983,0.4799,0.4217,51
266829,0.6945,0.2555,0.0500,51
6546,0.0043,0.0237,0.9720,51
441919,0.1016,0.4492,0.4493,51
357332,0.0120,0.2175,0.7704,51
399248,0.0038,0.0203,0.9759,51
108265,0.0042,0.0110,0.9849,51
69392,0.0062,0.0473,0.9466,51
176127,0.0025,0.0142,0.9833,51
175549,0.0297,0.3244,0.6459,51
70533,0.0038,0.0101,0.9861,51
303918,0.0265,0.3082,0.6653,51
106958,0.0165,0.2888,0.6948,51
31717,0.0034,0.0155,0.9811,51
543906,0.2396,0.4678,0.2926,51
149365,0.0039,0.0614,0.9347,51
149211,0.8044,0.1758,0.0198,51
450489,0.0112,0.0817,0.9071,51
48846,0.0047,0.0202,0.9751,51
441312,0.0081,0.0442,0.9477,51
159502,0.0053,0.0325,0.9622,51
451578,0.0389,0.1480,0.8131,51
451430,0.0541,0.1506,0.7953,51
196566,0.0072,0.0324,0.9603,51
81711,0.0097,0.0443,0.9460,51
544778,0.0038,0.0153,0.9808,51
561780,0.5133,0.2732,0.2134,51
475244,0.0070,0.0204,0.9727,51
112593,0.0020,0.0164,0.9816,51
394437,0.0308,0.2488,0.7205,51
279260,0.8968,0.0938,0.0093,51
38242,0.0299,0.0722,0.8979,51
162714,0.0075,0.0192,0.9733,51
270767,0.0469,0.1833,0.7698,51
22370,0.4400,0.4110,0.1490,51
49273,0.0033,0.0249,0.9718,51
216274,0.0069,0.0392,0.9539,51
349095,0.0059,0.0249,0.9692,51
332843,0.0050,0.0137,0.9814,51
343164,0.9204,0.0707,0.0088,51
162921,0.0052,0.0312,0.9636,51
65390,0.0083,0.0412,0.9505,51
197777,0.0040,0.0192,0.9767,51
279389,0.8770,0.1145,0.0085,51
563400,0.0037,0.0200,0.9763,51
402267,0.9452,0.0493,0.0055,51
345721,0.0044,0.0129,0.9828,51
49984,0.0156,0.0408,0.9436,51
313074,0.0241,0.1677,0.8082,51
141603,0.0210,0.0826,0.8964,51
101570,0.0094,0.1772,0.8134,51
493555,0.0111,0.0857,0.9032,51
390337,0.9252,0.0671,0.0077,51
330587,0.0048,0.0556,0.9396,51
138374,0.0151,0.0839,0.9010,51
545444,0.0022,0.0167,0.9811,51
389497,0.2649,0.5458,0.1893,51
220315,0.0046,0.0173,0.9782,51
300297,0.0064,0.0149,0.9787,51
71390,0.4599,0.4261,0.1140,51
367873,0.0033,0.0066,0.9901,51
367833,0.0088,0.0206,0.9706,51
240696,0.0046,0.0368,0.9586,51
22645,0.9178,0.0684,0.0139,51
350753,0.7808,0.1851,0.0342,51
43558,0.0027,0.0184,0.9789,51
389176,0.0036,0.0176,0.9788,51
377117,0.0031,0.0082,0.9886,51
459059,0.0048,0.0368,0.9584,51
134309,0.0081,0.0342,0.9578,51
254806,0.9462,0.0449,0.0089,51
554133,0.0120,0.0621,0.9259,51
494495,0.9548,0.0390,0.0062,51
471420,0.0098,0.0977,0.8925,51
132908,0.0049,0.0267,0.9684,51
376318,0.0025,0.0268,0.9707,51
297452,0.3220,0.5193,0.1587,51
316445,0.0354,0.0893,0.8753,51
205490,0.0077,0.0425,0.9499,51
204310,0.0040,0.0191,0.9769,51
25587,0.0050,0.0327,0.9623,51
10305,0.0076,0.0179,0.9744,51
60743,0.0561,0.2395,0.7044,51
192936,0.0286,0.0989,0.8725,51
484610,0.0045,0.0077,0.9879,51
185096,0.0043,0.0139,0.9818,51
247680,0.0037,0.0171,0.9791,51
497576,0.0082,0.0267,0.9651,51
185925,0.0024,0.0073,0.9903,51
129336,0.0041,0.0368,0.9591,51
86930,0.0209,0.2096,0.7695,51
95094,0.0067,0.0256,0.9678,51
94961,0.0039,0.0177,0.9783,51
122825,0.1348,0.1056,0.7596,51
408635,0.0165,0.0633,0.9203,51
208220,0.0047,0.0465,0.9488,51
438082,0.3834,0.5334,0.0832,51
467725,0.1281,0.3131,0.5588,52
530603,0.0054,0.2820,0.7125,52
443113,0.8947,0.0860,0.0194,52
546579,0.8877,0.0892,0.0231,52
71455,0.0157,0.0649,0.9194,52
444019,0.0039,0.0143,0.9818,52
156259,0.0042,0.0091,0.9867,52
31672,0.1771,0.2481,0.5748,52
411716,0.0027,0.0116,0.9857,52
45395,0.0053,0.0241,0.9706,52
222231,0.0236,0.1189,0.8575,52
334503,0.0050,0.0210,0.9740,52
398169,0.8935,0.0903,0.0162,52
401682,0.6325,0.3248,0.0427,52
508420,0.0029,0.0072,0.9899,52
401901,0.0053,0.0124,0.9823,52
32591,0.0090,0.0523,0.9387,52
305570,0.0101,0.7426,0.2473,52
292850,0.0063,0.0161,0.9776,52
506520,0.1737,0.4292,0.3971,52
264393,0.0477,0.2143,0.7380,52
266099,0.0129,0.1026,0.8846,52
202504,0.9352,0.0545,0.0103,52
397489,0.0021,0.0149,0.9829,52
103939,0.9151,0.0740,0.0109,52
159098,0.0038,0.0147,0.9814,52
107479,0.0090,0.0430,0.9480,52
413379,0.0375,0.0838,0.8787,52
442048,0.0061,0.0158,0.9781,52
368284,0.0038,0.0158,0.9804,52
101745,0.8572,0.0987,0.0441,52
170182,0.7596,0.2141,0.0263,52
339739,0.0027,0.0199,0.9775,52
82206,0.0052,0.0198,0.9750,52
364180,0.0559,0.0872,0.8568,52
271339,0.0049,0.0486,0.9465,52
140678,0.0146,0.1560,0.8294,52
534432,0.0229,0.5669,0.4102,52
342621,0.0054,0.0208,0.9738,52
259659,0.0084,0.0552,0.9364,52
239801,0.9491,0.0442,0.0067,52
538097,0.0056,0.0204,0.9740,52
314740,0.0045,0.0103,0.9852,52
389808,0.0105,0.0258,0.9636,52
373067,0.0060,0.0399,0.9540,52
235460,0.6411,0.2816,0.0773,52
140244,0.0048,0.0192,0.9761,52
112196,0.0041,0.0210,0.9750,52
110530,0.0082,0.0294,0.9625,52
396470,0.0488,0.1564,0.7948,52
144698,0.0213,0.1121,0.8666,52
51227,0.0394,0.2583,0.7024,52
232041,0.0049,0.0336,0.9615,52
231831,0.0062,0.0162,0.9776,52
393654,0.0113,0.0345,0.9542,52
396182,0.3461,0.4612,0.1927,52
92700,0.7289,0.2199,0.0512,52
309016,0.0047,0.0170,0.9783,52
499454,0.0327,0.0555,0.9118,52
347599,0.0056,0.0149,0.9795,52
43295,0.0850,0.1412,0.7738,52
117339,0.4046,0.2788,0.3166,52
531438,0.0041,0.0131,0.9829,52
404756,0.0121,0.0249,0.9631,52
191054,0.0025,0.0180,0.9795,52
296203,0.3093,0.2365,0.4542,52
77278,0.0212,0.1558,0.8229,52
77928,0.7028,0.2478,0.0494,52
426202,0.0173,0.0422,0.9405,52
426287,0.0036,0.0377,0.9587,52
423910,0.0179,0.1008,0.8813,52
58849,0.8978,0.0934,0.0089,52
495153,0.1071,0.3776,0.5153,52
247718,0.7706,0.1842,0.0452,52
129463,0.0151,0.0417,0.9433,52
322295,0.0054,0.0204,0.9742,52
322230,0.0040,0.0153,0.9807,52
122219,0.0043,0.1289,0.8668,52
294659,0.0046,0.0107,0.9848,52
99065,0.8481,0.1421,0.0099,52
323967,0.0080,0.0243,0.9676,52
320407,0.0032,0.0559,0.9410,52
525339,0.0131,0.0584,0.9285,52
119016,0.0057,0.0422,0.9521,52
422628,0.6189,0.3063,0.0747,52
21884,0.0034,0.0167,0.9799,52
12445,0.0075,0.0642,0.9282,52
75815,0.0338,0.0488,0.9175,52
271879,0.0562,0.4747,0.4690,52
63067,0.0044,0.0220,0.9735,52
285944,0.0046,0.0721,0.9232,52
167449,0.1481,0.3272,0.5247,52
2213,0.7016,0.2329,0.0654,52
59330,0.0047,0.0480,0.9473,52
1712,0.0062,0.0244,0.9693,52
326512,0.8808,0.1111,0.0082,52
61679,0.1324,0.2095,0.6581,52
228451,0.0037,0.0120,0.9843,53
13958,0.0031,0.0106,0.9863,53
13717,0.9019,0.0851,0.0130,53
558431,0.0053,0.0198,0.9749,53
480832,0.0106,0.1458,0.8436,53
500924,0.0030,0.0243,0.9727,53
347765,0.0119,0.0557,0.9325,53
206206,0.0035,0.0122,0.9842,53
79331,0.0063,0.0191,0.9746,53
507171,0.0055,0.0249,0.9696,53
414143,0.5568,0.2881,0.1551,53
543269,0.0034,0.0156,0.9810,53
152227,0.0147,0.0494,0.9359,53
479816,0.2582,0.5181,0.2237,53
397032,0.0175,0.0550,0.9275,53
105521,0.1474,0.3129,0.5397,53
501756,0.0050,0.0356,0.9593,53
433922,0.0052,0.0171,0.9777,53
501089,0.8340,0.1268,0.0393,53
37661,0.0083,0.0228,0.9689,53
250582,0.0124,0.0738,0.9137,53
381037,0.0062,0.0542,0.9396,53
123577,0.7928,0.1694,0.0378,53
351119,0.0078,0.0548,0.9374,53
529434,0.0039,0.0175,0.9786,53
447206,0.0139,0.0502,0.9359,53
367622,0.0040,0.0216,0.9744,53
447933,0.0067,0.0411,0.9522,53
401060,0.0129,0.0481,0.9390,53
4393,0.0099,0.0360,0.9541,53
299628,0.0027,0.0118,0.9856,53
458820,0.0026,0.0086,0.9888,53
517116,0.0499,0.3504,0.5997,53
239306,0.8847,0.0993,0.0160,53
376256,0.0034,0.0161,0.9805,53
491757,0.0098,0.0527,0.9375,53
162194,0.1529,0.4772,0.3699,53
101590,0.0061,0.0661,0.9277,53
542529,0.6527,0.2976,0.0497,53
168518,0.0034,0.0088,0.9878,53
163876,0.0056,0.0404,0.9540,53
161540,0.0060,0.0240,0.9700,53
199136,0.0022,0.0089,0.9889,53
65008,0.0038,0.0236,0.9726,53
279266,0.0146,0.0482,0.9372,53
392049,0.0031,0.0123,0.9845,53
238567,0.0027,0.0145,0.9828,53
142456,0.8891,0.0993,0.0116,53
180203,0.0027,0.0130,0.9842,53
454082,0.0074,0.0712,0.9214,53
414511,0.0211,0.0669,0.9120,53
227535,0.0043,0.0216,0.9741,53
511932,0.0083,0.0237,0.9681,53
148136,0.0087,0.0196,0.9716,53
564561,0.0030,0.0172,0.9798,53
232321,0.0084,0.1773,0.8143,53
348774,0.0258,0.1088,0.8654,53
339758,0.0067,0.0501,0.9432,53
217132,0.2570,0.6006,0.1424,53
38366,0.0158,0.0338,0.9504,53
112137,0.0039,0.0080,0.9880,53
332015,0.0438,0.0907,0.8655,53
233059,0.0038,0.0122,0.9840,53
262050,0.0026,0.0322,0.9652,53
514432,0.0893,0.4121,0.4986,53
445482,0.2827,0.4866,0.2307,53
72481,0.0343,0.0739,0.8918,53
220280,0.0044,0.0157,0.9799,53
545855,0.0081,0.0443,0.9475,53
120028,0.0413,0.1086,0.8501,53
131105,0.0365,0.0928,0.8706,53
164017,0.0024,0.0112,0.9864,53
407109,0.0229,0.0921,0.8850,53
550492,0.0423,0.1203,0.8373,53
26768,0.5248,0.3795,0.0957,53
245431,0.8452,0.1401,0.0147,53
424475,0.0033,0.0141,0.9826,53
340065,0.0108,0.0367,0.9525,53
377364,0.0108,0.0825,0.9067,53
43567,0.0062,0.0446,0.9492,53
520055,0.0024,0.0180,0.9796,53
117771,0.0068,0.0304,0.9628,53
327141,0.0200,0.1430,0.8370,53
56996,0.0041,0.0235,0.9725,53
209360,0.0031,0.0307,0.9662,53
294434,0.0089,0.0961,0.8950,53
189589,0.0139,0.0974,0.8887,53
469489,0.6632,0.2879,0.0489,53
42426,0.0040,0.0171,0.9789,53
250833,0.0047,0.0123,0.9830,53
376724,0.0065,0.0153,0.9782,53
426950,0.2118,0.2614,0.5269,53
284741,0.0201,0.3784,0.6016,53
285803,0.0029,0.0081,0.9890,53
471173,0.0081,0.0229,0.9690,53
325233,0.0042,0.0301,0.9658,53
437516,0.2830,0.6640,0.0530,53
128253,0.0031,0.0763,0.9206,53
15384,0.0049,0.0200,0.9751,53
166710,0.8409,0.1266,0.0325,53
59297,0.0130,0.0240,0.9630,53
382529,0.0061,0.0213,0.9726,53
36353,0.0075,0.0244,0.9681,53
188227,0.0063,0.0231,0.9706,53
2353,0.0245,0.0953,0.8802,54
568112,0.0045,0.0171,0.9784,54
23675,0.9053,0.0831,0.0116,54
467441,0.2049,0.4803,0.3148,54
23645,0.0039,0.0141,0.9820,54
185573,0.0066,0.0176,0.9758,54
190575,0.0045,0.0124,0.9831,54
380971,0.0128,0.0530,0.9341,54
506048,0.0054,0.0329,0.9617,54
15505,0.0045,0.0231,0.9724,54
46653,0.0048,0.0187,0.9765,54
324623,0.0046,0.0104,0.9850,54
63237,0.0076,0.0172,0.9752,54
293319,0.0530,0.4329,0.5142,54
343554,0.0045,0.0097,0.9858,54
365600,0.0022,0.0117,0.9861,54
299658,0.0051,0.0141,0.9808,54
533631,0.0062,0.0173,0.9765,54
287108,0.0035,0.0235,0.9730,54
90956,0.0253,0.1550,0.8197,54
545997,0.0052,0.0348,0.9600,54
373749,0.1004,0.2468,0.6528,54
218669,0.0040,0.0116,0.9843,54
541441,0.0041,0.0087,0.9872,54
79474,0.0035,0.0215,0.9750,54
365898,0.0123,0.0494,0.9383,54
270158,0.0134,0.0559,0.9307,54
482723,0.0057,0.0911,0.9031,54
339570,0.0160,0.1180,0.8660,54
216788,0.0042,0.0233,0.9725,54
299262,0.1056,0.1155,0.7789,54
215777,0.9353,0.0581,0.0066,54
253010,0.0054,0.0380,0.9566,54
120142,0.0066,0.0256,0.9678,54
461963,0.0301,0.0994,0.8705,54
334543,0.0057,0.0308,0.9635,54
372082,0.9172,0.0747,0.0081,54
55201,0.0254,0.7088,0.2658,54
197346,0.0042,0.0171,0.9786,54
108047,0.0048,0.0105,0.9846,54
491541,0.0042,0.0181,0.9777,54
540357,0.0122,0.0432,0.9446,54
108079,0.8034,0.1806,0.0160,54
396349,0.0029,0.0383,0.9588,54
305984,0.1686,0.2036,0.6278,54
267433,0.0269,0.0627,0.9104,54
432903,0.0103,0.0465,0.9432,54
184299,0.0060,0.0254,0.9686,54
80305,0.0071,0.0282,0.9647,54
71875,0.0107,0.0304,0.9589,54
480573,0.0765,0.1757,0.7478,54
244523,0.0092,0.0845,0.9064,54
351854,0.0023,0.0091,0.9886,54
43265,0.0020,0.0125,0.9856,54
29387,0.0034,0.0295,0.9671,54
233588,0.0093,0.0230,0.9677,54
536518,0.8685,0.1210,0.0105,54
193476,0.8537,0.1205,0.0258,54
234204,0.0057,0.0216,0.9726,54
501625,0.0035,0.0189,0.9775,54
434911,0.5852,0.3304,0.0844,54
380317,0.0029,0.0107,0.9863,54
88386,0.0052,0.0201,0.9747,54
426802,0.0040,0.0080,0.9879,54
491111,0.0064,0.0187,0.9748,54
254167,0.0036,0.0120,0.9844,54
418571,0.6388,0.3176,0.0436,54
265015,0.0032,0.0248,0.9719,54
531023,0.0041,0.0165,0.9794,54
406392,0.0107,0.0523,0.9371,54
275872,0.0041,0.0116,0.9843,54
86989,0.1595,0.1988,0.6417,54
271913,0.0030,0.0305,0.9665,54
59095,0.0028,0.0240,0.9732,54
86569,0.0063,0.0354,0.9583,54
189136,0.0030,0.0347,0.9623,54
295245,0.0165,0.0997,0.8838,54
186449,0.0038,0.0132,0.9830,54
465884,0.0032,0.0182,0.9786,54
248275,0.0196,0.0578,0.9226,54
328375,0.0063,0.0318,0.9619,54
395471,0.0056,0.0213,0.9731,54
458637,0.0036,0.0107,0.9856,54
348688,0.6311,0.3508,0.0181,54
110455,0.0065,0.0890,0.9045,54
20765,0.0086,0.0978,0.8936,54
263702,0.0058,0.0119,0.9822,54
92015,0.0076,0.0247,0.9677,54
68491,0.0035,0.0124,0.9842,54
422617,0.0031,0.0138,0.9830,55
55784,0.0058,0.0172,0.9769,55
83263,0.7196,0.2408,0.0395,55
474603,0.1068,0.3856,0.5076,55
140170,0.0192,0.0507,0.9302,55
140483,0.0094,0.0563,0.9343,55
417389,0.0031,0.0106,0.9863,55
18146,0.0064,0.0244,0.9692,55
387731,0.0043,0.0361,0.9596,55
132654,0.6709,0.2324,0.0967,55
152642,0.0082,0.0400,0.9518,55
270282,0.8322,0.1538,0.0140,55
555159,0.0061,0.0157,0.9783,55
268133,0.0072,0.0131,0.9797,55
56190,0.8923,0.0934,0.0143,55
429451,0.0084,0.1251,0.8665,55
502934,0.0055,0.0235,0.9710,55
100710,0.0766,0.2517,0.6718,55
73477,0.7446,0.2274,0.0280,55
9490,0.0026,0.0355,0.9619,55
271617,0.0160,0.1877,0.7962,55
270105,0.0036,0.0185,0.9779,55
6152,0.0288,0.0888,0.8825,55
542346,0.0043,0.1026,0.8931,55
57725,0.0069,0.0147,0.9783,55
15518,0.0067,0.0495,0.9438,55
423996,0.3670,0.4975,0.1355,55
187792,0.9340,0.0590,0.0070,55
465362,0.0045,0.0283,0.9672,55
455795,0.0040,0.0476,0.9483,55
172239,0.7316,0.2537,0.0147,55
534529,0.4114,0.2884,0.3003,55
517322,0.0427,0.8931,0.0643,55
528127,0.0037,0.0262,0.9701,55
375516,0.0044,0.0374,0.9582,55
125598,0.8893,0.1027,0.0079,55
54734,0.8681,0.1109,0.0211,55
484009,0.0066,0.1305,0.8629,55
169287,0.0131,0.1061,0.8808,55
50335,0.0042,0.0201,0.9757,55
19646,0.6771,0.2434,0.0794,55
289407,0.7962,0.1637,0.0401,55
265791,0.0037,0.0180,0.9783,55
81110,0.0133,0.2741,0.7126,55
315253,0.0030,0.0304,0.9665,55
152830,0.0261,0.0673,0.9066,55
327968,0.4970,0.3647,0.1382,55
225666,0.0087,0.0221,0.9692,55
480027,0.0060,0.0505,0.9435,55
302656,0.5234,0.3880,0.0886,55
145039,0.0337,0.1098,0.8566,55
177911,0.0070,0.0261,0.9669,55
311508,0.0037,0.0151,0.9812,55
62554,0.8742,0.1063,0.0195,55
22713,0.7651,0.2214,0.0135,55
539949,0.0056,0.0157,0.9786,55
471917,0.0037,0.0118,0.9845,55
516063,0.0068,0.0282,0.9650,55
412671,0.8472,0.1146,0.0382,55
530315,0.0033,0.0136,0.9831,55
24031,0.0059,0.0179,0.9762,55
548376,0.0060,0.0223,0.9716,55
33519,0.0061,0.0472,0.9467,55
117654,0.0097,0.0285,0.9618,55
177934,0.0302,0.2658,0.7040,55
3674,0.9071,0.0799,0.0130,55
3814,0.0114,0.0367,0.9519,55
176225,0.0091,0.0622,0.9288,55
44529,0.0062,0.0289,0.9650,55
228929,0.0349,0.0359,0.9291,55
489979,0.0509,0.1468,0.8022,55
206403,0.0079,0.0296,0.9625,55
295837,0.0052,0.0969,0.8978,55
484191,0.0130,0.1036,0.8834,55
165083,0.1399,0.1779,0.6822,55
242291,0.0071,0.0358,0.9570,55
241326,0.0058,0.0169,0.9772,55
30010,0.0049,0.0261,0.9690,55
477896,0.0037,0.0223,0.9740,55
341137,0.0028,0.0122,0.9849,55
341972,0.0281,0.0834,0.8885,55
296117,0.0105,0.0601,0.9294,55
77344,0.0073,0.0296,0.9631,55
319293,0.7850,0.1853,0.0297,55
122855,0.0072,0.0379,0.9550,55
536646,0.6078,0.3310,0.0613,55
422256,0.0033,0.0152,0.9815,56
282831,0.0046,0.0223,0.9731,56
319051,0.3737,0.2147,0.4115,56
506216,0.0065,0.0276,0.9659,56
294392,0.8716,0.1183,0.0102,56
327043,0.0053,0.0219,0.9728,56
163649,0.0337,0.0946,0.8717,56
101372,0.0289,0.0928,0.8783,56
483744,0.0080,0.0267,0.9653,56
289474,0.0025,0.0846,0.9129,56
30296,0.0107,0.0495,0.9398,56
458599,0.0057,0.0231,0.9712,56
280588,0.2138,0.2989,0.4873,56
192035,0.2050,0.2413,0.5537,56
118042,0.8766,0.1109,0.0125,56
67629,0.9094,0.0821,0.0085,56
67370,0.0046,0.0108,0.9846,56
333747,0.0027,0.0610,0.9364,56
109627,0.0030,0.0168,0.9801,56
370492,0.0508,0.1078,0.8414,56
117891,0.9513,0.0418,0.0069,56
309627,0.0135,0.0663,0.9202,56
367995,0.0049,0.0260,0.9691,56
431291,0.0211,0.1053,0.8736,56
150126,0.8507,0.1340,0.0153,56
19656,0.0032,0.0130,0.9838,56
288867,0.5117,0.4267,0.0615,56
307273,0.9398,0.0525,0.0077,56
151579,0.0133,0.0413,0.9454,56
49391,0.9379,0.0551,0.0070,56
501775,0.0054,0.0159,0.9787,56
38066,0.0045,0.0225,0.9730,56
202251,0.0994,0.6535,0.2471,56
369640,0.0260,0.1177,0.8563,56
315955,0.0858,0.2672,0.6470,56
458846,0.0547,0.1433,0.8020,56
142960,0.0029,0.0171,0.9800,56
475462,0.0053,0.0121,0.9826,56
144065,0.0123,0.0565,0.9312,56
395962,0.0032,0.0102,0.9866,56
3402,0.5324,0.3752,0.0924,56
354335,0.0032,0.0142,0.9826,56
18873,0.0043,0.0280,0.9677,56
471379,0.0118,0.0582,0.9300,56
153614,0.0033,0.0153,0.9814,56
342919,0.0108,0.1308,0.8584,56
335593,0.0894,0.1357,0.7749,56
300601,0.7558,0.2081,0.0362,56
555177,0.8012,0.1760,0.0228,56
27256,0.0095,0.0338,0.9567,56
453957,0.0048,0.0318,0.9634,56
113273,0.0037,0.0178,0.9785,56
53392,0.0049,0.0162,0.9788,56
529866,0.1066,0.2809,0.6125,56
232434,0.0071,0.0148,0.9780,56
279689,0.9135,0.0781,0.0084,56
549103,0.0065,0.0315,0.9620,56
292258,0.0290,0.3927,0.5782,56
292480,0.0208,0.0616,0.9176,56
94231,0.8232,0.1589,0.0179,56
546804,0.0043,0.0291,0.9666,56
52910,0.0089,0.0305,0.9606,56
473894,0.0084,0.0575,0.9341,56
140000,0.0061,0.0290,0.9649,56
235411,0.8678,0.1027,0.0296,56
236999,0.0035,0.0305,0.9660,56
563487,0.0080,0.0442,0.9478,56
179602,0.0231,0.0753,0.9015,56
522264,0.0100,0.0605,0.9296,56
522865,0.6156,0.3212,0.0632,56
564720,0.0289,0.1055,0.8657,56
3975,0.4259,0.4714,0.1027,56
360590,0.0041,0.0330,0.9629,56
158480,0.0052,0.0646,0.9302,56
73457,0.0317,0.8746,0.0937,56
365583,0.8948,0.0957,0.0095,56
550843,0.9530,0.0407,0.0063,56
440606,0.0061,0.0201,0.9738,56
440612,0.7861,0.1854,0.0285,56
74361,0.0072,0.0136,0.9792,56
36406,0.0044,0.0131,0.9825,56
321513,0.0356,0.3266,0.6378,56
43937,0.6276,0.2983,0.0741,56
545165,0.4575,0.4061,0.1363,56
257191,0.4768,0.4258,0.0974,56
293701,0.0103,0.0196,0.9700,56
276678,0.0076,0.0508,0.9416,56
275113,0.0064,0.0099,0.9837,56
122312,0.0065,0.0231,0.9704,56
41393,0.0088,0.0743,0.9168,56
76099,0.0295,0.1846,0.7859,56
124520,0.0034,0.0093,0.9873,56
469005,0.0062,0.0248,0.9691,57
187168,0.0231,0.0755,0.9014,57
556157,0.0034,0.0141,0.9826,57
128831,0.0041,0.0130,0.9828,57
524157,0.1122,0.2358,0.6520,57
361446,0.0103,0.1511,0.8386,57
502033,0.0066,0.0577,0.9357,57
167221,0.0589,0.4171,0.5240,57
26884,0.0042,0.0206,0.9752,57
239247,0.0038,0.0164,0.9798,57
389340,0.9164,0.0748,0.0087,57
5305,0.0063,0.0318,0.9618,57
497165,0.0768,0.3912,0.5321,57
193410,0.0978,0.2079,0.6943,57
454904,0.0029,0.0156,0.9815,57
7731,0.0058,0.0388,0.9554,57
52755,0.0090,0.0565,0.9345,57
91434,0.1778,0.3191,0.5031,57
194885,0.8398,0.1112,0.0489,57
515319,0.7443,0.2280,0.0276,57
471845,0.0053,0.0412,0.9534,57
62546,0.5123,0.4380,0.0496,57
137921,0.4756,0.3665,0.1579,57
138214,0.9435,0.0504,0.0061,57
231359,0.2756,0.3627,0.3617,57
66981,0.1780,0.4025,0.4195,57
199478,0.8503,0.1385,0.0112,57
199499,0.0080,0.0400,0.9521,57
394465,0.0072,0.0499,0.9429,57
452082,0.0063,0.0269,0.9668,57
551226,0.0033,0.0158,0.9809,57
146623,0.8562,0.1326,0.0112,57
146677,0.0054,0.0086,0.9860,57
44678,0.0033,0.0196,0.9771,57
147250,0.8580,0.1320,0.0100,57
21035,0.0038,0.0303,0.9659,57
431737,0.0062,0.0786,0.9152,57
432133,0.0081,0.0295,0.9623,57
429518,0.7892,0.1506,0.0602,57
355113,0.0031,0.0067,0.9902,57
309149,0.7003,0.2188,0.0810,57
241460,0.0477,0.1551,0.7972,57
89832,0.0033,0.0483,0.9484,57
386947,0.0027,0.0123,0.9851,57
254764,0.0065,0.0196,0.9739,57
13724,0.9051,0.0849,0.0100,57
450731,0.0047,0.0157,0.9795,57
534990,0.0151,0.0798,0.9050,57
175267,0.0751,0.1231,0.8019,57
479984,0.0363,0.1582,0.8054,57
307496,0.0040,0.0216,0.9744,57
529266,0.0111,0.0439,0.9450,57
553231,0.0173,0.0764,0.9063,57
226078,0.0048,0.0301,0.9651,57
203658,0.0075,0.0366,0.9559,57
265289,0.0078,0.0463,0.9460,57
542684,0.0103,0.0554,0.9342,57
398370,0.0051,0.0271,0.9677,57
327784,0.0056,0.0245,0.9699,57
253623,0.7044,0.2230,0.0726,57
303670,0.0043,0.0265,0.9692,57
153507,0.0026,0.0188,0.9786,57
510370,0.0151,0.0448,0.9402,57
80640,0.0417,0.7996,0.1587,57
80654,0.0058,0.0173,0.9769,57
301965,0.9425,0.0513,0.0062,57
222013,0.0056,0.0109,0.9836,57
156423,0.0076,0.0471,0.9453,57
402911,0.0096,0.0439,0.9465,57
80327,0.3431,0.3449,0.3121,57
298911,0.0048,0.0417,0.9535,57
59506,0.9056,0.0826,0.0118,57
120682,0.0021,0.0143,0.9836,57
120711,0.0040,0.0087,0.9873,57
130905,0.0616,0.1249,0.8135,57
246508,0.0031,0.0094,0.9875,57
564703,0.0058,0.0306,0.9635,57
12026,0.0247,0.1686,0.8067,57
480009,0.0086,0.0284,0.9630,57
540782,0.0080,0.0958,0.8961,57
159297,0.0031,0.0152,0.9817,57
216703,0.0261,0.0565,0.9173,57
215798,0.0259,0.0718,0.9023,57
101350,0.0054,0.0215,0.9732,57
274798,0.0030,0.0235,0.9735,57
462131,0.0033,0.0453,0.9514,57
252405,0.8389,0.1263,0.0348,57
21319,0.0126,0.0990,0.8884,57
120982,0.1852,0.2232,0.5915,57
326724,0.6289,0.3011,0.0700,57
97575,0.0062,0.0453,0.9486,57
75439,0.0071,0.0227,0.9702,57
76561,0.0243,0.1484,0.8273,57
363193,0.0274,0.2148,0.7578,57
125233,0.0107,0.0473,0.9420,57
123682,0.0049,0.0189,0.9762,57
23584,0.0036,0.0119,0.9845,57
148331,0.0077,0.0679,0.9244,58
544050,0.0032,0.0152,0.9816,58
284475,0.0051,0.0462,0.9487,58
87786,0.0051,0.0163,0.9786,58
204731,0.0050,0.0316,0.9633,58
256484,0.0042,0.0163,0.9795,58
25978,0.9294,0.0566,0.0140,58
275142,0.0058,0.0537,0.9405,58
276323,0.0055,0.0188,0.9757,58
172362,0.0052,0.0289,0.9659,58
172075,0.0133,0.2128,0.7739,58
95054,0.0259,0.1101,0.8640,58
534367,0.0052,0.0321,0.9627,58
555433,0.9173,0.0761,0.0066,58
552594,0.7092,0.2597,0.0311,58
137812,0.0095,0.0823,0.9081,58
62928,0.0098,0.0195,0.9707,58
62618,0.4388,0.4409,0.1204,58
78202,0.0049,0.0229,0.9721,58
450480,0.0072,0.0289,0.9639,58
450803,0.9006,0.0884,0.0110,58
396689,0.0039,0.0117,0.9844,58
185959,0.0086,0.0333,0.9581,58
251899,0.0144,0.0356,0.9500,58
37503,0.0030,0.0080,0.9890,58
173027,0.0073,0.0173,0.9754,58
208945,0.0066,0.0320,0.9614,58
408323,0.0043,0.0229,0.9728,58
483960,0.0024,0.0119,0.9857,58
14734,0.0909,0.1578,0.7513,58
115974,0.0128,0.1223,0.8650,58
253746,0.8772,0.1094,0.0134,58
166087,0.0058,0.0173,0.9770,58
15943,0.0118,0.0264,0.9618,58
529173,0.0198,0.0683,0.9119,58
226563,0.0503,0.0824,0.8672,58
233030,0.0044,0.0165,0.9792,58
302770,0.1081,0.4601,0.4318,58
446593,0.0031,0.0447,0.9523,58
483303,0.0033,0.0246,0.9721,58
38811,0.0044,0.0243,0.9712,58
564114,0.0113,0.0345,0.9541,58
278851,0.8517,0.1238,0.0246,58
176477,0.2053,0.3224,0.4723,58
314485,0.0186,0.0847,0.8967,58
138625,0.0043,0.0263,0.9694,58
179158,0.0038,0.0113,0.9849,58
521784,0.0203,0.1027,0.8770,58
252911,0.0211,0.1717,0.8072,58
165019,0.0026,0.0107,0.9866,58
191832,0.8699,0.1198,0.0103,58
84868,0.0029,0.0091,0.9880,58
321442,0.0160,0.0460,0.9380,58
491318,0.0363,0.1087,0.8551,58
9520,0.9427,0.0512,0.0061,58
115135,0.0046,0.0570,0.9384,58
474154,0.0064,0.0758,0.9179,58
354117,0.0218,0.0704,0.9078,58
469038,0.0070,0.0234,0.9697,58
246283,0.0082,0.0837,0.9081,58
218012,0.0059,0.0149,0.9792,58
299772,0.0059,0.1565,0.8375,58
474627,0.6846,0.2653,0.0502,58
299084,0.8931,0.0992,0.0077,58
350781,0.0058,0.0378,0.9564,58
280612,0.8183,0.1637,0.0180,58
15383,0.1145,0.2216,0.6639,58
330346,0.0038,0.0217,0.9745,58
367840,0.0031,0.0109,0.9860,58
554972,0.0057,0.0233,0.9711,58
140726,0.0100,0.0237,0.9663,58
65132,0.0184,0.1096,0.8720,58
129630,0.0039,0.0542,0.9419,58
252336,0.0165,0.1230,0.8606,58
12665,0.0032,0.0105,0.9863,58
159247,0.6764,0.2866,0.0370,58
382180,0.1042,0.1348,0.7610,58
321676,0.0842,0.6764,0.2394,58
111801,0.0033,0.0115,0.9851,58
371475,0.0066,0.0351,0.9583,58
230431,0.0030,0.0119,0.9851,58
112445,0.0352,0.0922,0.8726,58
97068,0.0021,0.0119,0.9860,58
172708,0.0057,0.0180,0.9763,58
292509,0.6669,0.2715,0.0616,58
11536,0.0045,0.0158,0.9797,58
353452,0.0046,0.0234,0.9719,58
283774,0.0022,0.0306,0.9672,59
377484,0.0046,0.0105,0.9849,59
388003,0.0369,0.1231,0.8400,59
144191,0.0048,0.0223,0.9729,59
551309,0.0035,0.0292,0.9674,59
229406,0.0069,0.0206,0.9724,59
370723,0.9207,0.0715,0.0078,59
541294,0.0417,0.1381,0.8202,59
230310,0.0230,0.0908,0.8862,59
49168,0.0025,0.0159,0.9817,59
58510,0.0048,0.0090,0.9862,59
384222,0.7697,0.2163,0.0140,59
129805,0.0125,0.0275,0.9600,59
442118,0.0087,0.0407,0.9507,59
468982,0.0554,0.1834,0.7612,59
325993,0.0053,0.0180,0.9767,59
181586,0.0139,0.0486,0.9375,59
120343,0.0110,0.0270,0.9621,59
49062,0.0020,0.0173,0.9807,59
363839,0.0035,0.1697,0.8269,59
405202,0.2328,0.3160,0.4512,59
180232,0.0057,0.0695,0.9248,59
492120,0.0070,0.0097,0.9832,59
199178,0.0094,0.0423,0.9483,59
267769,0.0088,0.0187,0.9726,59
59641,0.6616,0.2263,0.1122,59
4647,0.0118,0.0397,0.9485,59
6467,0.0034,0.0160,0.9806,59
139310,0.0592,0.2095,0.7313,59
314524,0.0085,0.0439,0.9476,59
285995,0.0111,0.1377,0.8513,59
559852,0.0412,0.0987,0.8601,59
559991,0.0945,0.3197,0.5859,59
297984,0.0100,0.1308,0.8592,59
418138,0.0080,0.0789,0.9131,59
192969,0.0050,0.0255,0.9695,59
407424,0.0073,0.0990,0.8937,59
212220,0.0036,0.0108,0.9856,59
458057,0.0042,0.0279,0.9678,59
37836,0.0036,0.0111,0.9853,59
208966,0.0126,0.1832,0.8042,59
530904,0.0029,0.0117,0.9854,59
274584,0.8974,0.0929,0.0097,59
256537,0.0806,0.1089,0.8106,59
54581,0.7565,0.2098,0.0337,59
412939,0.0127,0.0828,0.9044,59
118977,0.9144,0.0732,0.0123,59
377237,0.1646,0.5663,0.2691,59
151860,0.0022,0.0070,0.9908,59
252683,0.6628,0.2677,0.0695,59
161459,0.0473,0.2171,0.7356,59
162827,0.1614,0.5056,0.3330,59
38659,0.0059,0.0291,0.9650,59
528243,0.0345,0.2419,0.7236,59
238233,0.0034,0.0171,0.9795,59
139160,0.0126,0.1150,0.8724,59
427260,0.0024,0.0409,0.9567,59
165031,0.0637,0.1366,0.7996,59
296574,0.0062,0.1375,0.8563,59
85110,0.4451,0.3145,0.2404,59
15899,0.0032,0.0077,0.9891,59
529051,0.0123,0.0301,0.9576,59
233674,0.0062,0.1064,0.8874,59
337604,0.0044,0.0158,0.9798,59
70525,0.7726,0.2078,0.0197,59
398476,0.0058,0.0296,0.9646,59
475058,0.0092,0.0624,0.9284,59
147937,0.0117,0.1185,0.8698,59
411216,0.0060,0.0485,0.9455,59
260737,0.2024,0.3995,0.3981,59
31570,0.7966,0.1469,0.0565,59
436999,0.0056,0.0257,0.9688,59
264552,0.0781,0.3476,0.5743,59
8697,0.0489,0.1308,0.8204,59
389175,0.0030,0.0451,0.9519,59
30436,0.5131,0.3363,0.1506,59
185310,0.0641,0.2101,0.7258,59
18329,0.0076,0.0162,0.9762,59
468709,0.8466,0.1413,0.0122,59
423116,0.0383,0.1505,0.8112,59
42579,0.0055,0.0451,0.9494,59
423226,0.0048,0.0239,0.9713,59
319545,0.0046,0.0187,0.9767,59
320432,0.1204,0.3170,0.5627,59
456276,0.0040,0.0181,0.9780,60
267506,0.0071,0.0927,0.9002,60
400302,0.0103,0.0277,0.9621,60
53188,0.0051,0.0257,0.9693,60
447186,0.0058,0.0250,0.9692,60
16940,0.0234,0.1167,0.8599,60
280541,0.0086,0.0610,0.9303,60
563854,0.0035,0.0112,0.9854,60
543162,0.0383,0.1626,0.7991,60
74327,0.2238,0.3693,0.4069,60
492102,0.0146,0.0455,0.9399,60
555022,0.8929,0.0889,0.0182,60
431720,0.0068,0.0303,0.9629,60
91806,0.0423,0.2093,0.7484,60
259115,0.9077,0.0792,0.0131,60
47826,0.0069,0.0196,0.9735,60
102575,0.0070,0.0843,0.9087,60
429782,0.0036,0.0209,0.9755,60
100887,0.0033,0.0159,0.9808,60
375266,0.9313,0.0620,0.0068,60
55949,0.0165,0.0948,0.8887,60
70676,0.0031,0.0116,0.9852,60
52348,0.0026,0.0067,0.9907,60
10760,0.0195,0.0523,0.9282,60
483691,0.0045,0.0140,0.9815,60
185346,0.0053,0.0413,0.9534,60
516719,0.0056,0.0318,0.9626,60
416409,0.6855,0.2443,0.0703,60
37239,0.0036,0.0111,0.9853,60
96296,0.2615,0.2756,0.4629,60
391551,0.8851,0.1038,0.0111,60
291440,0.0046,0.0132,0.9822,60
187337,0.6338,0.3093,0.0569,60
353984,0.0190,0.1506,0.8304,60
127058,0.0044,0.0160,0.9796,60
353770,0.1570,0.2962,0.5469,60
23519,0.0025,0.0603,0.9372,60
236172,0.0122,0.0620,0.9257,60
145032,0.0064,0.0669,0.9267,60
249740,0.0034,0.0234,0.9731,60
58996,0.7120,0.2133,0.0747,60
299594,0.8360,0.1352,0.0288,60
365738,0.0167,0.0631,0.9202,60
84628,0.6335,0.2654,0.1011,60
438380,0.0495,0.0950,0.8555,60
46725,0.0065,0.0293,0.9642,60
19308,0.0105,0.0375,0.9520,60
540194,0.0024,0.0124,0.9853,60
7661,0.4008,0.3058,0.2933,60
199866,0.0777,0.1702,0.7521,60
166646,0.0839,0.1236,0.7924,60
447874,0.0050,0.0325,0.9625,60
192941,0.8716,0.1059,0.0226,60
282015,0.0294,0.1192,0.8513,60
150555,0.0656,0.1400,0.7944,60
150162,0.0085,0.0296,0.9619,60
504920,0.1331,0.3053,0.5616,60
464644,0.0096,0.0289,0.9615,60
211092,0.6400,0.2598,0.1001,60
254062,0.0075,0.0261,0.9664,60
540616,0.9078,0.0819,0.0103,60
165805,0.3888,0.2411,0.3702,60
169150,0.0100,0.0227,0.9673,60
526327,0.0040,0.0347,0.9614,60
132781,0.4832,0.3931,0.1237,60
9818,0.8138,0.1666,0.0197,60
54902,0.3140,0.4108,0.2751,60
525536,0.0036,0.0115,0.9849,60
534360,0.0756,0.2072,0.7172,60
413484,0.8217,0.1367,0.0417,60
206569,0.0195,0.0529,0.9277,60
30616,0.0145,0.3478,0.6377,60
192870,0.0023,0.0171,0.9806,60
457897,0.4868,0.3013,0.2120,60
525875,0.2975,0.5148,0.1877,60
14071,0.0110,0.0810,0.9080,60
262776,0.8972,0.0947,0.0081,60
409715,0.0105,0.0469,0.9427,60
117266,0.0187,0.2182,0.7630,60
174210,0.0071,0.0257,0.9672,60
136270,0.0060,0.0300,0.9640,60
276977,0.4752,0.3867,0.1380,60
512996,0.0834,0.1344,0.7822,60
147846,0.0073,0.0502,0.9425,60
190407,0.0392,0.0964,0.8645,60
425149,0.0036,0.0238,0.9726,60
512175,0.0036,0.0154,0.9810,60
321572,0.0080,0.0401,0.9519,60
568428,0.0071,0.0293,0.9636,61
381859,0.0036,0.0149,0.9815,61
86216,0.8554,0.1281,0.0166,61
15665,0.9435,0.0504,0.0061,61
547319,0.0025,0.0273,0.9701,61
1045,0.1931,0.4166,0.3903,61
434926,0.0063,0.0564,0.9374,61
327471,0.4077,0.3592,0.2331,61
551378,0.0050,0.0205,0.9745,61
262516,0.6734,0.2569,0.0697,61
394480,0.0072,0.0234,0.9695,61
110852,0.0071,0.0190,0.9739,61
563016,0.0031,0.0264,0.9705,61
13974,0.0048,0.0135,0.9817,61
30640,0.0295,0.1267,0.8439,61
69395,0.0128,0.0337,0.9535,61
421172,0.0069,0.0557,0.9374,61
553650,0.0091,0.1701,0.8208,61
495794,0.0114,0.0687,0.9199,61
24158,0.0262,0.2242,0.7496,61
383078,0.8901,0.1014,0.0085,61
502939,0.0037,0.0230,0.9733,61
520093,0.0218,0.1865,0.7916,61
307501,0.9336,0.0604,0.0060,61
184269,0.0061,0.0954,0.8985,61
140764,0.0052,0.0161,0.9787,61
20064,0.0045,0.0165,0.9790,61
85013,0.0051,0.0146,0.9803,61
351699,0.0035,0.0175,0.9790,61
550208,0.0046,0.0146,0.9807,61
31603,0.0051,0.0259,0.9691,61
65876,0.6384,0.2737,0.0879,61
43585,0.0551,0.1807,0.7642,61
354734,0.8822,0.0930,0.0248,61
10067,0.0040,0.0182,0.9778,61
494119,0.0034,0.0152,0.9814,61
399474,0.7921,0.1412,0.0667,61
134307,0.6610,0.2066,0.1324,61
173272,0.0254,0.1038,0.8709,61
80857,0.0037,0.0329,0.9633,61
80884,0.0034,0.0140,0.9826,61
220298,0.0036,0.0158,0.9806,61
270251,0.1760,0.5642,0.2598,61
337682,0.0216,0.0947,0.8837,61
6870,0.0101,0.0679,0.9220,61
90495,0.0058,0.0267,0.9675,61
34739,0.0038,0.0173,0.9788,61
523827,0.0798,0.5608,0.3594,61
56942,0.0210,0.6335,0.3455,61
442071,0.0055,0.0484,0.9461,61
507641,0.8706,0.1173,0.0122,61
114472,0.0260,0.0778,0.8962,61
337316,0.0169,0.0209,0.9622,61
504136,0.3400,0.3693,0.2907,61
78840,0.9103,0.0828,0.0070,61
116038,0.5077,0.3631,0.1293,61
97809,0.0033,0.0171,0.9796,61
167580,0.0075,0.0267,0.9658,61
492429,0.0059,0.0205,0.9736,61
320912,0.0056,0.0134,0.9810,61
102798,0.3427,0.3066,0.3508,61
216888,0.0042,0.0968,0.8990,61
259417,0.0090,0.0381,0.9529,61
130952,0.0346,0.2011,0.7643,61
531173,0.0040,0.0306,0.9654,61
177879,0.2401,0.6305,0.1294,61
162649,0.0033,0.0514,0.9453,61
271989,0.0048,0.0430,0.9522,61
294462,0.0055,0.0695,0.9249,61
318397,0.4487,0.3874,0.1639,61
318479,0.5859,0.3927,0.0214,61
316690,0.0034,0.0721,0.9245,61
534986,0.0052,0.0314,0.9634,61
272885,0.0038,0.0278,0.9683,61
365010,0.0035,0.0154,0.9811,61
20442,0.0052,0.0442,0.9505,61
528096,0.0045,0.0188,0.9767,61
46256,0.0147,0.0628,0.9225,61
46741,0.0036,0.0128,0.9836,61
274510,0.0299,0.0828,0.8872,61
505152,0.0053,0.0216,0.9731,61
438874,0.0086,0.0310,0.9604,61
5752,0.0032,0.0308,0.9660,61
38975,0.0183,0.0782,0.9035,61
540510,0.0064,0.0417,0.9520,61
253504,0.0115,0.0737,0.9148,61
423207,0.0033,0.0183,0.9784,61
186990,0.4065,0.2862,0.3072,61
566481,0.0065,0.0317,0.9618,61
567515,0.0242,0.1214,0.8544,61
124661,0.1393,0.2121,0.6486,61
465566,0.0138,0.0538,0.9324,62
323951,0.0057,0.0420,0.9523,62
437972,0.0055,0.0225,0.9720,62
524282,0.0082,0.0385,0.9534,62
65877,0.0064,0.0694,0.9242,62
560942,0.0056,0.0157,0.9787,62
66669,0.6862,0.2899,0.0239,62
120177,0.0971,0.7117,0.1911,62
116233,0.0053,0.1161,0.8786,62
3682,0.0079,0.0269,0.9652,62
421721,0.0189,0.0629,0.9182,62
504826,0.0040,0.0127,0.9832,62
77570,0.0039,0.0294,0.9667,62
485967,0.9078,0.0847,0.0075,62
77019,0.0079,0.0187,0.9734,62
289049,0.0064,0.0759,0.9177,62
512949,0.0070,0.0377,0.9553,62
176130,0.0026,0.0142,0.9832,62
377390,0.4297,0.3150,0.2553,62
532606,0.0130,0.0559,0.9311,62
225332,0.6934,0.2674,0.0391,62
19694,0.4964,0.4282,0.0754,62
351794,0.0843,0.6298,0.2859,62
64034,0.0076,0.0860,0.9064,62
108184,0.0680,0.1524,0.7797,62
81236,0.0062,0.0479,0.9459,62
471835,0.9206,0.0709,0.0085,62
184781,0.0029,0.0249,0.9721,62
80612,0.0302,0.1116,0.8582,62
264523,0.0043,0.0260,0.9697,62
255627,0.9519,0.0423,0.0058,62
273670,0.1519,0.2854,0.5627,62
150413,0.0199,0.0637,0.9164,62
326543,0.0053,0.0290,0.9657,62
337689,0.0388,0.1415,0.8197,62
367346,0.0064,0.0497,0.9439,62
97118,0.0180,0.0655,0.9165,62
454346,0.0321,0.3362,0.6317,62
306108,0.8906,0.1005,0.0090,62
58483,0.3208,0.4254,0.2538,62
355347,0.0071,0.0231,0.9698,62
534550,0.0061,0.0189,0.9749,62
533515,0.0040,0.0221,0.9739,62
380143,0.0030,0.0110,0.9860,62
252476,0.0126,0.0366,0.9507,62
298219,0.0067,0.2145,0.7788,62
113230,0.0271,0.1127,0.8602,62
80798,0.0102,0.0608,0.9290,62
399255,0.0083,0.0574,0.9343,62
113620,0.4684,0.4048,0.1268,62
183657,0.0093,0.0325,0.9581,62
155811,0.1277,0.1718,0.7005,62
134653,0.0061,0.0421,0.9518,62
301765,0.7858,0.1871,0.0272,62
267674,0.0034,0.0295,0.9670,62
107568,0.6026,0.2511,0.1463,62
232427,0.0047,0.0203,0.9751,62
140977,0.3253,0.4279,0.2468,62
140803,0.0696,0.2944,0.6360,62
302600,0.0062,0.0387,0.9550,62
138595,0.0029,0.0107,0.9863,62
214957,0.0083,0.0472,0.9445,62
534409,0.3865,0.5644,0.0490,62
30003,0.0044,0.0175,0.9781,62
286708,0.1204,0.2239,0.6557,62
74406,0.0085,0.0869,0.9047,62
222577,0.0029,0.0200,0.9770,62
279829,0.0646,0.3730,0.5624,62
291608,0.0694,0.3118,0.6188,62
58197,0.0049,0.1793,0.8158,62
51656,0.0078,0.0504,0.9418,62
388383,0.0025,0.0188,0.9786,62
86764,0.0071,0.0152,0.9777,62
497690,0.0153,0.0387,0.9461,62
507626,0.9214,0.0698,0.0088,62
445867,0.6669,0.2745,0.0586,62
418151,0.0379,0.8050,0.1571,62
442404,0.0168,0.0345,0.9486,62
136726,0.0059,0.0296,0.9645,62
227339,0.0343,0.2427,0.7230,63
96615,0.0049,0.0383,0.9567,63
228619,0.5057,0.3631,0.1311,63
35782,0.8447,0.1391,0.0162,63
396640,0.2030,0.5713,0.2257,63
75314,0.9049,0.0863,0.0088,63
314398,0.0125,0.0489,0.9386,63
313812,0.0034,0.0216,0.9750,63
238095,0.8655,0.1248,0.0097,63
472430,0.0075,0.0200,0.9725,63
310867,0.0082,0.0342,0.9576,63
372673,0.8935,0.0986,0.0079,63
108548,0.0062,0.0446,0.9492,63
328157,0.0040,0.0215,0.9745,63
376374,0.0057,0.0102,0.9841,63
486178,0.0023,0.0437,0.9540,63
144361,0.0025,0.0082,0.9892,63
32010,0.4206,0.4276,0.1518,63
555350,0.0065,0.0454,0.9481,63
105856,0.5695,0.2940,0.1365,63
549992,0.0053,0.0296,0.9651,63
386741,0.0066,0.1196,0.8738,63
82213,0.0080,0.0283,0.9638,63
167592,0.0050,0.0220,0.9730,63
385584,0.0052,0.0547,0.9401,63
406374,0.0043,0.0237,0.9720,63
137267,0.1568,0.5780,0.2652,63
293497,0.0360,0.2996,0.6644,63
139188,0.8971,0.0917,0.0112,63
177372,0.0055,0.0193,0.9751,63
447729,0.0092,0.0642,0.9266,63
351129,0.0061,0.0167,0.9772,63
122324,0.2581,0.4731,0.2688,63
33520,0.0108,0.0859,0.9034,63
156329,0.0080,0.0299,0.9621,63
71719,0.0413,0.1329,0.8259,63
97144,0.0037,0.0165,0.9798,63
188517,0.0113,0.0327,0.9560,63
125099,0.7969,0.1539,0.0492,63
380836,0.0032,0.0269,0.9698,63
35999,0.0514,0.1289,0.8197,63
43058,0.3684,0.4295,0.2021,63
504006,0.0112,0.0507,0.9382,63
174506,0.0086,0.0268,0.9646,63
210489,0.4180,0.3020,0.2800,63
127534,0.6742,0.2860,0.0399,63
110416,0.0114,0.0471,0.9416,63
186012,0.0098,0.0540,0.9361,63
464401,0.0036,0.0230,0.9734,63
269505,0.5252,0.2846,0.1902,63
4536,0.6360,0.3157,0.0483,63
247248,0.0052,0.0167,0.9782,63
429387,0.8298,0.1391,0.0311,63
58426,0.6544,0.3193,0.0263,63
247542,0.2512,0.2298,0.5190,63
28383,0.0055,0.1086,0.8858,63
327070,0.0076,0.0432,0.9492,63
440651,0.0069,0.0231,0.9700,63
340375,0.2578,0.5973,0.1450,63
130940,0.9217,0.0723,0.0060,63
102268,0.0034,0.0368,0.9598,63
59946,0.0039,0.0215,0.9746,63
97156,0.0038,0.0272,0.9690,63
342481,0.0205,0.0467,0.9328,63
12611,0.0037,0.0186,0.9777,63
158625,0.0040,0.0230,0.9731,63
142865,0.7994,0.1742,0.0264,63
441407,0.0035,0.0128,0.9836,63
22205,0.5695,0.3224,0.1081,63
311814,0.0042,0.0208,0.9750,63
237368,0.0040,0.0182,0.9778,63
454429,0.3350,0.1933,0.4717,63
262507,0.9340,0.0554,0.0105,63
110587,0.0092,0.0376,0.9532,63
230421,0.8932,0.0969,0.0099,63
263331,0.0038,0.0150,0.9812,63
249734,0.3165,0.2863,0.3972,63
249421,0.6394,0.2903,0.0703,63
249144,0.0089,0.0657,0.9254,64
360460,0.6684,0.2973,0.0343,64
395560,0.0038,0.0444,0.9518,64
79633,0.0030,0.0158,0.9812,64
29478,0.0262,0.1079,0.8659,64
548324,0.0250,0.1395,0.8354,64
103925,0.0074,0.0531,0.9395,64
231029,0.0293,0.4248,0.5459,64
22517,0.0357,0.0932,0.8712,64
269304,0.1754,0.7399,0.0847,64
481797,0.0027,0.0174,0.9799,64
196139,0.0042,0.0140,0.9818,64
48989,0.0046,0.1009,0.8945,64
156957,0.0049,0.0198,0.9752,64
442130,0.1137,0.2756,0.6107,64
62552,0.8822,0.1002,0.0177,64
218295,0.0069,0.0219,0.9712,64
72578,0.0051,0.0223,0.9726,64
443537,0.0098,0.1940,0.7962,64
506497,0.0046,0.0392,0.9562,64
34489,0.0764,0.1685,0.7551,64
40419,0.0148,0.0778,0.9075,64
271827,0.6381,0.3082,0.0537,64
101896,0.0071,0.0446,0.9483,64
92046,0.0132,0.0717,0.9152,64
121541,0.6833,0.2476,0.0691,64
94653,0.8922,0.0878,0.0200,64
208045,0.0053,0.0175,0.9772,64
113696,0.0049,0.0302,0.9649,64
473838,0.1399,0.1143,0.7458,64
517053,0.8995,0.0882,0.0123,64
155336,0.0079,0.0813,0.9107,64
70675,0.0047,0.0352,0.9601,64
70681,0.0069,0.0181,0.9750,64
464935,0.1108,0.2116,0.6776,64
559855,0.0080,0.0429,0.9491,64
362276,0.8259,0.1596,0.0145,64
525020,0.0038,0.0340,0.9623,64
529071,0.0073,0.0213,0.9714,64
391096,0.0083,0.0890,0.9027,64
285125,0.0050,0.0109,0.9841,64
544342,0.0060,0.0275,0.9665,64
367575,0.0121,0.1059,0.8820,64
401929,0.0106,0.0870,0.9024,64
431542,0.0048,0.0192,0.9760,64
49662,0.0068,0.0576,0.9357,64
346795,0.0055,0.0314,0.9631,64
256565,0.9236,0.0699,0.0065,64
201747,0.0037,0.0158,0.9804,64
432261,0.0600,0.1817,0.7583,64
143725,0.7183,0.1720,0.1097,64
171633,0.6229,0.2976,0.0795,64
314381,0.0043,0.0314,0.9643,64
76144,0.0495,0.1300,0.8205,64
227187,0.0042,0.0142,0.9816,64
76234,0.0166,0.0357,0.9476,64
273872,0.0048,0.0149,0.9803,64
397054,0.6252,0.3446,0.0302,64
224788,0.6283,0.3381,0.0336,64
163907,0.0030,0.0232,0.9738,64
21048,0.0071,0.0199,0.9730,64
51093,0.0041,0.0199,0.9760,64
66992,0.0531,0.1082,0.8387,64
142578,0.0040,0.0188,0.9771,64
282748,0.0084,0.0484,0.9431,64
281891,0.0624,0.1206,0.8169,64
283634,0.0478,0.5875,0.3647,64
563064,0.0021,0.0113,0.9866,64
339857,0.0054,0.0117,0.9830,64
174835,0.0186,0.0448,0.9367,64
93311,0.0048,0.0192,0.9760,64
472256,0.0069,0.0411,0.9520,64
331735,0.6937,0.2782,0.0281,64
111923,0.0107,0.1215,0.8678,64
511751,0.9364,0.0553,0.0083,64
376645,0.0333,0.1920,0.7747,64
376343,0.0155,0.0238,0.9607,64
330145,0.0074,0.0353,0.9573,64
115589,0.0102,0.1033,0.8866,64
540730,0.0145,0.0415,0.9440,64
3324,0.0045,0.0366,0.9589,64
477476,0.0056,0.0196,0.9748,64
166667,0.0805,0.5005,0.4190,64
352212,0.7387,0.2355,0.0258,64
228987,0.0320,0.0964,0.8716,64
58161,0.0303,0.1665,0.8032,64
168561,0.0091,0.1265,0.8644,65
148767,0.0068,0.0392,0.9540,65
109010,0.0042,0.0632,0.9325,65
174398,0.0033,0.0174,0.9793,65
362235,0.0169,0.0852,0.8979,65
206923,0.0036,0.0143,0.9821,65
458558,0.0025,0.0169,0.9806,65
508536,0.0060,0.0164,0.9777,65
173519,0.0172,0.0958,0.8870,65
401243,0.0041,0.0098,0.9861,65
49748,0.3829,0.3553,0.2618,65
223182,0.0038,0.0184,0.9778,65
191907,0.0077,0.0418,0.9505,65
10185,0.7364,0.2443,0.0193,65
83725,0.0085,0.0584,0.9331,65
179011,0.5052,0.3962,0.0985,65
7416,0.0068,0.0193,0.9739,65
64992,0.0421,0.1665,0.7914,65
105932,0.5211,0.4362,0.0426,65
222322,0.0150,0.0428,0.9422,65
438553,0.0035,0.0083,0.9882,65
530384,0.0274,0.0727,0.8999,65
90349,0.0109,0.0459,0.9432,65
73541,0.0046,0.0204,0.9750,65
310841,0.0301,0.1466,0.8233,65
454414,0.0028,0.0170,0.9802,65
456427,0.0055,0.0231,0.9714,65
34172,0.0069,0.0364,0.9568,65
443552,0.5298,0.4437,0.0265,65
286756,0.0039,0.0192,0.9769,65
256238,0.0034,0.0243,0.9723,65
169905,0.7167,0.2633,0.0200,65
516785,0.0184,0.0452,0.9364,65
236621,0.0189,0.0517,0.9293,65
481860,0.1112,0.7693,0.1195,65
480809,0.0139,0.0597,0.9264,65
86180,0.0108,0.0338,0.9554,65
925,0.8757,0.1154,0.0090,65
124574,0.0122,0.0607,0.9271,65
94307,0.8840,0.0959,0.0201,65
37226,0.0085,0.0658,0.9257,65
126689,0.9187,0.0725,0.0089,65
125308,0.2568,0.2391,0.5040,65
262810,0.1806,0.3319,0.4874,65
495598,0.0289,0.1467,0.8243,65
512161,0.0030,0.0131,0.9838,65
281860,0.0053,0.0104,0.9843,65
491551,0.0701,0.2070,0.7229,65
66015,0.0040,0.0325,0.9634,65
356874,0.3197,0.4894,0.1909,65
328161,0.4760,0.5035,0.0206,65
130760,0.9312,0.0623,0.0065,65
142526,0.0257,0.0625,0.9117,65
525800,0.0307,0.1793,0.7900,65
113117,0.0102,0.0435,0.9464,65
230130,0.0071,0.0292,0.9637,65
395196,0.5883,0.3827,0.0290,65
383180,0.0057,0.0291,0.9653,65
513529,0.6313,0.2920,0.0767,65
190616,0.0126,0.0447,0.9427,65
314970,0.6445,0.2563,0.0992,65
294680,0.8154,0.1643,0.0203,65
133023,0.8614,0.1245,0.0142,65
503428,0.0108,0.0369,0.9522,65
545181,0.0044,0.0097,0.9859,65
459807,0.7625,0.2205,0.0170,65
16124,0.8500,0.1300,0.0200,65
519014,0.0049,0.0125,0.9825,65
225710,0.0033,0.0184,0.9783,65
531118,0.0028,0.0164,0.9808,65
271887,0.0083,0.0551,0.9365,65
264566,0.0319,0.0409,0.9272,65
193020,0.0815,0.2152,0.7033,65
177414,0.3404,0.3907,0.2689,66
409748,0.9194,0.0719,0.0087,66
373531,0.0035,0.0122,0.9843,66
455003,0.0051,0.0492,0.9457,66
312505,0.0030,0.0298,0.9672,66
22079,0.3091,0.4878,0.2031,66
216900,0.0046,0.0132,0.9823,66
249447,0.0042,0.0130,0.9828,66
1494,0.0565,0.1230,0.8205,66
204462,0.8807,0.1066,0.0127,66
399277,0.0410,0.1994,0.7595,66
563800,0.0020,0.0090,0.9890,66
390597,0.1091,0.3543,0.5365,66
156775,0.0658,0.3893,0.5449,66
118102,0.0117,0.0467,0.9416,66
36155,0.0036,0.0142,0.9822,66
316952,0.0034,0.0295,0.9672,66
215707,0.0051,0.1863,0.8086,66
405169,0.0064,0.2376,0.7561,66
298327,0.0046,0.0183,0.9771,66
158236,0.6817,0.2414,0.0768,66
33176,0.0354,0.2576,0.7071,66
220628,0.0099,0.0518,0.9383,66
291286,0.9132,0.0808,0.0060,66
323423,0.0038,0.0138,0.9824,66
91414,0.0672,0.5405,0.3923,66
46875,0.0859,0.5745,0.3396,66
404209,0.0115,0.0331,0.9554,66
103272,0.5881,0.3168,0.0950,66
271699,0.5022,0.3129,0.1849,66
506346,0.0721,0.1679,0.7601,66
564565,0.9051,0.0835,0.0114,66
33693,0.0129,0.0430,0.9441,66
268530,0.0042,0.0114,0.9844,66
150906,0.1958,0.4150,0.3891,66
176607,0.0077,0.0986,0.8937,66
287867,0.0031,0.0432,0.9538,66
278729,0.7147,0.2256,0.0597,66
438948,0.0149,0.0688,0.9163,66
439655,0.0036,0.0100,0.9864,66
176473,0.0326,0.0881,0.8792,66
184717,0.6968,0.2694,0.0338,66
553715,0.0121,0.0840,0.9039,66
8694,0.0238,0.0642,0.9120,66
46193,0.7568,0.2113,0.0320,66
134783,0.8070,0.1658,0.0272,66
517418,0.0021,0.0287,0.9692,66
518843,0.0276,0.1825,0.7899,66
137234,0.0055,0.0211,0.9734,66
211627,0.0022,0.0124,0.9854,66
70416,0.0068,0.0597,0.9334,66
281136,0.0021,0.0193,0.9786,66
371419,0.8621,0.0989,0.0389,66
412413,0.0044,0.0293,0.9663,66
117312,0.9335,0.0610,0.0055,66
552621,0.1270,0.1754,0.6976,66
20544,0.0096,0.0257,0.9646,66
421728,0.9112,0.0797,0.0091,66
524267,0.1470,0.2914,0.5616,66
412838,0.9450,0.0483,0.0067,66
503436,0.0060,0.0653,0.9287,66
553000,0.0062,0.0623,0.9315,66
497543,0.0060,0.0180,0.9759,66
284476,0.0116,0.0309,0.9575,66
41154,0.0027,0.0349,0.9623,66
66279,0.0454,0.1451,0.8095,66
145603,0.5650,0.3111,0.1239,66
414590,0.0050,0.0194,0.9756,66
424514,0.0124,0.0672,0.9204,66
3030,0.0049,0.0266,0.9686,66
58123,0.8143,0.1673,0.0184,66
567524,0.0032,0.0105,0.9863,67
567048,0.0728,0.1645,0.7627,67
381933,0.0097,0.1432,0.8472,67
537963,0.0141,0.0529,0.9330,67
451292,0.0156,0.0679,0.9165,67
59151,0.0055,0.0131,0.9814,67
231784,0.0129,0.0566,0.9304,67
231747,0.0052,0.0365,0.9583,67
127457,0.0111,0.0764,0.9125,67
7340,0.0043,0.0206,0.9751,67
7014,0.0083,0.2816,0.7100,67
122937,0.0039,0.0095,0.9866,67
354651,0.0081,0.1017,0.8902,67
302964,0.0297,0.0894,0.8810,67
222947,0.0344,0.0646,0.9010,67
16522,0.0586,0.2375,0.7039,67
464755,0.0041,0.0162,0.9797,67
13095,0.0081,0.0406,0.9512,67
128784,0.0092,0.0816,0.9093,67
73373,0.0033,0.0103,0.9864,67
59760,0.5970,0.3597,0.0433,67
140289,0.1117,0.2329,0.6554,67
429349,0.0038,0.0426,0.9536,67
279685,0.6699,0.2884,0.0416,67
218606,0.0234,0.1600,0.8166,67
194032,0.0114,0.0483,0.9402,67
493488,0.4640,0.2939,0.2420,67
39246,0.0131,0.0704,0.9166,67
469179,0.0090,0.0206,0.9705,67
6866,0.0160,0.1396,0.8444,67
221563,0.0130,0.0460,0.9410,67
70685,0.0025,0.0104,0.9871,67
338340,0.0806,0.2841,0.6353,67
5498,0.0110,0.0459,0.9431,67
178951,0.7183,0.2672,0.0145,67
500843,0.0146,0.0323,0.9531,67
491456,0.0082,0.0435,0.9483,67
12417,0.0081,0.0260,0.9659,67
201936,0.0038,0.0194,0.9768,67
357731,0.8255,0.1583,0.0162,67
481336,0.0058,0.0150,0.9792,67
551186,0.0210,0.0750,0.9040,67
67302,0.0703,0.3833,0.5464,67
230078,0.0064,0.0389,0.9547,67
125148,0.0099,0.0593,0.9307,67
206253,0.0027,0.0122,0.9851,67
124452,0.0066,0.1300,0.8635,67
254796,0.4435,0.2753,0.2812,67
457883,0.0128,0.0759,0.9113,67
79449,0.0026,0.0157,0.9817,67
358504,0.2290,0.5808,0.1902,67
203872,0.8894,0.1000,0.0106,67
342235,0.0048,0.0146,0.9806,67
409292,0.0212,0.0856,0.8932,67
408703,0.8745,0.1156,0.0099,67
208791,0.3092,0.5441,0.1468,67
12106,0.0099,0.0761,0.9140,67
167025,0.8715,0.1160,0.0125,67
63783,0.4453,0.4776,0.0771,67
167258,0.0035,0.0082,0.9883,67
242705,0.0055,0.0131,0.9814,67
119445,0.7125,0.2682,0.0193,67
119659,0.0039,0.0775,0.9185,67
561700,0.0057,0.0277,0.9666,67
424148,0.0077,0.0623,0.9300,67
86726,0.0102,0.0321,0.9576,67
86462,0.0063,0.0398,0.9539,67
546537,0.8943,0.0884,0.0173,67
38369,0.0049,0.0139,0.9811,68
313921,0.0265,0.1409,0.8325,68
257744,0.6968,0.2737,0.0295,68
296062,0.0448,0.2245,0.7307,68
212429,0.5267,0.4002,0.0731,68
500262,0.0619,0.1305,0.8076,68
212446,0.0064,0.0138,0.9798,68
4673,0.0031,0.0126,0.9843,68
73701,0.0046,0.0246,0.9708,68
285977,0.4979,0.2832,0.2189,68
158109,0.0033,0.0254,0.9713,68
188172,0.0045,0.0173,0.9782,68
138587,0.3074,0.4213,0.2714,68
534255,0.0270,0.1536,0.8194,68
410657,0.0033,0.0137,0.9831,68
203183,0.0047,0.0148,0.9805,68
202891,0.0140,0.0455,0.9404,68
132927,0.0156,0.0691,0.9153,68
78084,0.6238,0.2099,0.1662,68
28680,0.0133,0.0514,0.9354,68
63046,0.0069,0.0167,0.9764,68
254192,0.0561,0.2433,0.7007,68
172727,0.0059,0.0548,0.9393,68
28722,0.0218,0.0419,0.9363,68
323942,0.0034,0.0121,0.9845,68
315191,0.0030,0.0837,0.9134,68
51760,0.8197,0.1679,0.0124,68
3451,0.7653,0.2191,0.0156,68
530897,0.0098,0.0427,0.9475,68
118052,0.9462,0.0466,0.0072,68
138344,0.9503,0.0428,0.0069,68
328412,0.0263,0.1140,0.8596,68
46635,0.9414,0.0523,0.0063,68
461828,0.3756,0.2009,0.4235,68
455959,0.0077,0.0537,0.9386,68
457425,0.0051,0.0248,0.9701,68
542606,0.9272,0.0635,0.0092,68
270015,0.0038,0.0245,0.9717,68
73331,0.9149,0.0769,0.0081,68
7276,0.9200,0.0728,0.0071,68
158672,0.0141,0.1099,0.8760,68
278501,0.0373,0.0508,0.9119,68
178980,0.0314,0.1247,0.8439,68
73688,0.0353,0.2673,0.6973,68
105853,0.0042,0.0169,0.9790,68
559988,0.0094,0.0935,0.8971,68
529294,0.6928,0.1933,0.1139,68
544024,0.0049,0.0378,0.9574,68
263793,0.0044,0.0307,0.9649,68
182829,0.1548,0.6344,0.2109,68
420040,0.0058,0.0248,0.9694,68
307227,0.0032,0.0167,0.9801,68
148787,0.0046,0.0158,0.9796,68
232215,0.3816,0.4757,0.1428,68
331349,0.0046,0.0256,0.9697,68
311804,0.1464,0.1700,0.6836,68
20929,0.0089,0.0223,0.9688,68
3739,0.0069,0.0183,0.9748,68
263276,0.0839,0.1788,0.7373,68
308952,0.9179,0.0712,0.0109,68
533307,0.0083,0.0469,0.9448,68
248876,0.0055,0.0110,0.9835,68
420963,0.0073,0.0196,0.9731,68
122452,0.0035,0.0199,0.9766,68
423281,0.8772,0.1054,0.0174,68
137583,0.0114,0.0634,0.9252,69
432852,0.0020,0.0111,0.9869,69
439734,0.1004,0.2861,0.6135,69
498885,0.0025,0.0324,0.9651,69
130934,0.0061,0.0841,0.9098,69
200541,0.7004,0.2153,0.0843,69
414486,0.0109,0.1834,0.8057,69
5955,0.0059,0.0251,0.9690,69
83973,0.0038,0.0183,0.9779,69
286508,0.0065,0.3571,0.6363,69
91124,0.0053,0.0181,0.9766,69
443163,0.0669,0.1562,0.7770,69
119319,0.0191,0.0848,0.8961,69
12455,0.0102,0.0570,0.9328,69
214581,0.0225,0.5190,0.4585,69
12142,0.7783,0.1987,0.0230,69
101604,0.0082,0.0370,0.9548,69
16038,0.0032,0.0545,0.9423,69
29380,0.0124,0.0757,0.9119,69
308424,0.0041,0.0079,0.9880,69
334643,0.0039,0.0403,0.9558,69
180291,0.0049,0.0301,0.9650,69
354650,0.0330,0.1022,0.8648,69
222685,0.0034,0.0280,0.9686,69
510421,0.0084,0.0481,0.9435,69
302372,0.4800,0.4383,0.0817,69
33205,0.0060,0.0233,0.9707,69
128856,0.9086,0.0831,0.0083,69
6711,0.0045,0.0123,0.9832,69
31887,0.3031,0.5881,0.1088,69
154336,0.0032,0.0256,0.9712,69
231631,0.0065,0.0119,0.9816,69
379934,0.0033,0.0205,0.9762,69
284997,0.0039,0.0265,0.9697,69
554416,0.6676,0.2620,0.0704,69
229278,0.0022,0.0099,0.9879,69
3098,0.0070,0.0277,0.9653,69
2320,0.0025,0.0332,0.9643,69
109596,0.0039,0.0188,0.9773,69
451226,0.0094,0.0294,0.9612,69
85976,0.5856,0.3712,0.0431,69
477483,0.0133,0.0964,0.8903,69
515311,0.0048,0.0605,0.9346,69
304786,0.2069,0.2461,0.5470,69
12542,0.8145,0.1416,0.0440,69
121021,0.2278,0.4078,0.3644,69
563528,0.0029,0.0195,0.9776,69
266565,0.0037,0.0137,0.9826,69
450025,0.0035,0.0145,0.9820,69
457119,0.0057,0.0170,0.9773,69
213305,0.0158,0.0559,0.9283,69
459200,0.0449,0.7546,0.2005,69
55253,0.0038,0.0337,0.9626,69
240651,0.0084,0.0379,0.9537,69
208831,0.0157,0.0487,0.9356,69
314765,0.4849,0.4522,0.0629,69
77453,0.0151,0.0445,0.9404,69
330221,0.0052,0.0231,0.9717,69
362959,0.2182,0.4930,0.2889,69
63009,0.0118,0.2503,0.7379,69
170819,0.0050,0.0144,0.9806,69
433858,0.0053,0.0171,0.9775,69
436416,0.0304,0.0695,0.9001,69
45266,0.0174,0.0448,0.9378,69
96332,0.0151,0.2409,0.7441,69
97281,0.1832,0.4845,0.3323,69
191000,0.2101,0.1749,0.6150,69
497412,0.0044,0.0444,0.9513,69
189941,0.0069,0.0911,0.9020,69
123613,0.0067,0.0528,0.9405,70
88126,0.1134,0.6133,0.2733,70
512063,0.1775,0.3286,0.4939,70
310838,0.0153,0.0581,0.9266,70
310686,0.0055,0.0519,0.9426,70
22811,0.9431,0.0470,0.0099,70
94592,0.0822,0.1112,0.8066,70
314800,0.0028,0.0266,0.9706,70
136739,0.0590,0.1186,0.8223,70
19395,0.0067,0.1432,0.8501,70
97699,0.8848,0.0915,0.0237,70
63564,0.7760,0.1910,0.0330,70
46782,0.0047,0.0752,0.9201,70
136826,0.5512,0.3238,0.1250,70
97762,0.0056,0.0637,0.9306,70
339306,0.9440,0.0478,0.0082,70
25026,0.7502,0.2393,0.0106,70
347664,0.1357,0.1775,0.6868,70
38928,0.0069,0.0414,0.9517,70
12198,0.7101,0.1961,0.0938,70
99831,0.0059,0.0154,0.9787,70
26846,0.8699,0.1177,0.0124,70
239069,0.0113,0.0312,0.9576,70
212491,0.0047,0.0201,0.9752,70
47402,0.8415,0.1376,0.0209,70
94840,0.0107,0.0733,0.9160,70
56216,0.0040,0.0146,0.9813,70
525562,0.0036,0.0372,0.9592,70
12124,0.1181,0.2160,0.6659,70
484743,0.0103,0.0714,0.9183,70
294455,0.8918,0.0819,0.0263,70
210997,0.0038,0.0079,0.9882,70
498553,0.0260,0.0750,0.8990,70
129624,0.0158,0.0374,0.9468,70
378574,0.0036,0.0141,0.9823,70
494543,0.8830,0.1010,0.0160,70
480358,0.0053,0.0693,0.9255,70
267754,0.0089,0.0480,0.9431,70
6918,0.0048,0.0278,0.9674,70
108182,0.0055,0.0219,0.9726,70
367764,0.0061,0.0190,0.9749,70
32085,0.0054,0.0216,0.9730,70
303881,0.0222,0.0807,0.8970,70
474343,0.0040,0.0121,0.9839,70
538268,0.5689,0.3285,0.1026,70
538424,0.0035,0.0257,0.9708,70
247152,0.2119,0.4018,0.3863,70
563777,0.0112,0.0301,0.9587,70
102581,0.0041,0.0173,0.9786,70
391705,0.0137,0.1374,0.8489,70
178616,0.0447,0.2650,0.6903,70
430620,0.0218,0.0571,0.9211,70
140698,0.7786,0.2045,0.0169,70
139840,0.0062,0.0163,0.9775,70
391036,0.0053,0.0263,0.9683,70
429799,0.0085,0.0295,0.9620,70
367125,0.0783,0.1450,0.7766,70
219204,0.0037,0.0130,0.9832,70
259427,0.0028,0.0109,0.9863,70
81402,0.0043,0.0154,0.9802,70
385834,0.0077,0.0296,0.9627,70
461520,0.0081,0.0264,0.9655,70
83868,0.0909,0.2307,0.6784,70
115113,0.0063,0.0226,0.9712,70
280614,0.3941,0.5154,0.0905,70
148006,0.8341,0.1324,0.0335,70
282958,0.0474,0.2912,0.6614,70
188622,0.0089,0.0196,0.9715,70
351207,0.8961,0.0883,0.0156,70
285104,0.0085,0.0207,0.9707,70
525316,0.0177,0.0582,0.9241,70
525074,0.0116,0.0572,0.9312,70
18374,0.0041,0.0227,0.9732,70
332256,0.6837,0.2005,0.1158,70
406347,0.0237,0.0632,0.9131,71
138636,0.0036,0.0761,0.9203,71
175713,0.0105,0.0402,0.9493,71
25361,0.0161,0.1998,0.7841,71
412219,0.0082,0.0288,0.9629,71
533504,0.0102,0.0324,0.9575,71
97615,0.0083,0.0295,0.9623,71
437446,0.0019,0.0212,0.9770,71
117895,0.7442,0.2171,0.0387,71
315791,0.0048,0.0134,0.9818,71
421893,0.0033,0.0125,0.9842,71
524756,0.0866,0.0970,0.8164,71
200930,0.6002,0.3222,0.0776,71
491037,0.6630,0.3119,0.0251,71
132454,0.0407,0.1365,0.8227,71
25230,0.9105,0.0833,0.0061,71
9774,0.0052,0.0313,0.9635,71
46067,0.1055,0.5221,0.3724,71
164465,0.0042,0.0128,0.9830,71
433240,0.8377,0.1392,0.0231,71
214225,0.0065,0.0464,0.9471,71
423707,0.0037,0.0474,0.9489,71
269491,0.0072,0.0348,0.9580,71
179162,0.0062,0.0530,0.9409,71
286364,0.0030,0.0220,0.9750,71
60304,0.0091,0.0603,0.9305,71
60474,0.0029,0.0173,0.9798,71
48467,0.0026,0.0127,0.9847,71
24426,0.0090,0.0525,0.9385,71
214657,0.0055,0.0249,0.9696,71
288686,0.0048,0.0124,0.9828,71
433127,0.0695,0.5412,0.3893,71
236964,0.0120,0.0923,0.8957,71
236813,0.5692,0.2414,0.1894,71
440566,0.1917,0.5063,0.3020,71
439975,0.0052,0.0116,0.9832,71
6018,0.0108,0.1146,0.8746,71
102594,0.0036,0.0107,0.9856,71
155388,0.0317,0.5808,0.3875,71
49751,0.0449,0.0486,0.9066,71
558530,0.0053,0.0664,0.9283,71
246229,0.8245,0.1633,0.0121,71
181863,0.0190,0.0557,0.9253,71
373482,0.8955,0.0968,0.0076,71
88709,0.8278,0.1598,0.0124,71
453535,0.0055,0.0161,0.9784,71
556048,0.0103,0.0210,0.9687,71
36846,0.0033,0.0371,0.9596,71
361510,0.7637,0.2155,0.0208,71
291597,0.0193,0.0671,0.9136,71
208202,0.0070,0.0195,0.9735,71
346725,0.0555,0.1358,0.8087,71
36510,0.9504,0.0430,0.0066,71
239679,0.0057,0.0232,0.9711,71
232572,0.7026,0.2047,0.0927,71
232610,0.9318,0.0593,0.0089,71
232880,0.0125,0.0683,0.9192,71
50422,0.0275,0.8237,0.1488,71
369629,0.0065,0.4090,0.5845,71
260085,0.0042,0.0260,0.9698,71
322247,0.0029,0.0128,0.9844,71
27345,0.7806,0.1582,0.0612,71
247534,0.0073,0.0232,0.9695,71
129807,0.0036,0.0210,0.9754,71
183377,0.0054,0.0154,0.9792,71
550041,0.0046,0.0262,0.9693,71
232155,0.7146,0.2172,0.0683,71
285438,0.0033,0.0267,0.9701,71
557109,0.0161,0.0701,0.9138,71
421402,0.0793,0.2188,0.7019,71
282880,0.0387,0.3477,0.6136,71
282830,0.4837,0.2299,0.2864,71
322934,0.0897,0.1145,0.7958,71
322587,0.7963,0.1880,0.0157,71
524209,0.0051,0.0439,0.9510,72
176382,0.0044,0.0514,0.9442,72
349481,0.9471,0.0460,0.0070,72
88906,0.0054,0.0188,0.9758,72
37386,0.0045,0.0693,0.9262,72
289543,0.3934,0.3976,0.2090,72
41220,0.0710,0.1075,0.8215,72
37721,0.0435,0.1149,0.8416,72
94310,0.0097,0.0447,0.9455,72
284170,0.0142,0.0402,0.9456,72
353496,0.0068,0.0202,0.9730,72
186675,0.4056,0.5387,0.0558,72
291502,0.7077,0.2708,0.0215,72
539933,0.0147,0.0739,0.9114,72
171688,0.0519,0.1459,0.8023,72
437507,0.0083,0.0158,0.9759,72
525947,0.1524,0.2106,0.6370,72
164317,0.8121,0.1504,0.0375,72
355193,0.0049,0.0347,0.9604,72
439049,0.0053,0.0315,0.9632,72
563994,0.0541,0.6070,0.3389,72
166537,0.0150,0.0526,0.9324,72
81097,0.4203,0.3816,0.1982,72
297897,0.0045,0.0399,0.9556,72
163023,0.0043,0.0146,0.9811,72
160282,0.4903,0.4330,0.0767,72
160062,0.7964,0.1704,0.0332,72
554963,0.0033,0.0203,0.9764,72
557648,0.0028,0.0240,0.9732,72
409273,0.9085,0.0840,0.0075,72
34882,0.0049,0.0560,0.9391,72
272042,0.0254,0.0597,0.9149,72
55862,0.0042,0.0164,0.9794,72
377388,0.0029,0.0120,0.9851,72
506098,0.8203,0.1640,0.0157,72
270099,0.0039,0.0104,0.9858,72
333192,0.1349,0.1292,0.7358,72
150217,0.1717,0.4698,0.3585,72
507777,0.0376,0.0575,0.9049,72
270320,0.0059,0.0200,0.9741,72
450428,0.7832,0.1592,0.0575,72
219688,0.0044,0.0157,0.9799,72
30147,0.0061,0.0145,0.9794,72
147686,0.8095,0.1600,0.0305,72
398133,0.0047,0.0668,0.9285,72
223066,0.1241,0.4216,0.4542,72
146981,0.0809,0.4142,0.5050,72
50932,0.0109,0.0758,0.9133,72
130867,0.0483,0.1004,0.8513,72
551074,0.0057,0.0505,0.9437,72
512987,0.0062,0.0200,0.9738,72
50308,0.0154,0.0792,0.9055,72
226950,0.0041,0.0126,0.9832,72
225243,0.0092,0.0350,0.9558,72
529253,0.7440,0.2398,0.0163,72
263404,0.0057,0.0275,0.9668,72
259823,0.0685,0.0687,0.8629,72
393497,0.0359,0.1312,0.8329,72
138526,0.0092,0.0440,0.9468,72
138251,0.2151,0.3682,0.4168,72
528958,0.0059,0.0790,0.9151,72
67167,0.0103,0.0889,0.9008,72
136048,0.0181,0.0736,0.9084,72
474404,0.0482,0.2855,0.6662,72
456081,0.3803,0.5367,0.0830,72
385475,0.1932,0.3716,0.4351,72
388247,0.0039,0.0285,0.9676,72
132988,0.0211,0.3427,0.6362,72
548541,0.0083,0.0469,0.9449,72
259403,0.0050,0.0150,0.9799,72
374562,0.8935,0.0975,0.0090,72
373803,0.0048,0.0173,0.9778,72
8235,0.0023,0.0088,0.9889,72
460896,0.0292,0.0943,0.8765,72
471019,0.0085,0.0397,0.9518,72
256643,0.0047,0.0378,0.9575,72
240142,0.0098,0.0884,0.9018,72
375447,0.0106,0.0380,0.9514,72
132986,0.0059,0.0280,0.9661,72
518554,0.0579,0.7522,0.1900,72
525079,0.0050,0.0522,0.9428,72
249730,0.0232,0.1753,0.8015,72
249042,0.0036,0.0357,0.9606,72
465795,0.0148,0.0750,0.9102,72
547916,0.0311,0.1163,0.8525,72
492728,0.0061,0.0231,0.9708,72
248104,0.0024,0.0565,0.9411,73
248278,0.8232,0.1571,0.0197,73
461464,0.1031,0.1881,0.7089,73
118753,0.2774,0.4226,0.3000,73
459914,0.0033,0.0163,0.9804,73
316687,0.0031,0.0288,0.9681,73
9696,0.5977,0.3659,0.0364,73
390109,0.5957,0.2512,0.1531,73
4164,0.3980,0.2306,0.3713,73
276276,0.0130,0.0718,0.9152,73
340396,0.0029,0.0104,0.9867,73
389468,0.0037,0.0153,0.9810,73
362251,0.0182,0.1732,0.8086,73
481864,0.1866,0.6753,0.1381,73
337046,0.0048,0.0404,0.9548,73
32658,0.0035,0.0798,0.9166,73
46707,0.0242,0.1704,0.8053,73
100387,0.0087,0.0346,0.9567,73
258488,0.9098,0.0806,0.0096,73
7651,0.0034,0.0471,0.9494,73
215222,0.0287,0.3100,0.6612,73
61340,0.0126,0.0922,0.8951,73
514626,0.0514,0.1349,0.8137,73
5802,0.0219,0.0644,0.9137,73
361422,0.0139,0.0459,0.9402,73
363049,0.0068,0.0592,0.9340,73
45722,0.0202,0.0989,0.8809,73
277077,0.8645,0.1259,0.0096,73
411714,0.3031,0.2045,0.4924,73
542961,0.0085,0.0484,0.9431,73
330069,0.7586,0.2213,0.0201,73
406626,0.0252,0.1567,0.8181,73
14277,0.0030,0.0125,0.9845,73
550262,0.0082,0.0804,0.9115,73
12056,0.8911,0.0958,0.0131,73
278635,0.0037,0.0332,0.9631,73
176465,0.0213,0.0681,0.9107,73
252638,0.0036,0.0173,0.9792,73
394217,0.0084,0.0309,0.9606,73
311269,0.5626,0.4110,0.0263,73
67554,0.0180,0.0692,0.9128,73
37594,0.0088,0.0369,0.9543,73
267148,0.0078,0.0286,0.9635,73
27129,0.0069,0.0787,0.9144,73
563491,0.0027,0.0107,0.9866,73
247299,0.1138,0.2853,0.6009,73
70731,0.0064,0.0349,0.9587,73
71133,0.1507,0.5087,0.3406,73
355354,0.0074,0.0447,0.9479,73
99666,0.0103,0.0378,0.9519,73
12358,0.1216,0.4015,0.4769,73
404444,0.0133,0.0516,0.9351,73
530825,0.0037,0.0480,0.9483,73
219208,0.8539,0.1342,0.0119,73
308070,0.0452,0.2158,0.7390,73
302607,0.8308,0.1506,0.0187,73
31958,0.0822,0.2135,0.7043,73
73818,0.8952,0.0773,0.0275,73
305522,0.1069,0.3867,0.5063,73
290575,0.0229,0.1842,0.7929,73
48661,0.0023,0.0145,0.9832,73
491157,0.0027,0.0078,0.9895,73
44190,0.0060,0.0234,0.9706,73
48628,0.0034,0.0192,0.9773,73
309104,0.0944,0.4207,0.4848,73
418729,0.0108,0.0308,0.9584,73
190009,0.7181,0.2200,0.0620,73
477084,0.0049,0.0112,0.9839,73
221481,0.0146,0.0553,0.9301,73
151242,0.6740,0.2391,0.0869,73
223445,0.8824,0.1014,0.0162,73
108398,0.0049,0.0510,0.9441,73
429631,0.0152,0.0232,0.9616,73
126317,0.0319,0.0806,0.8875,73
124864,0.8993,0.0925,0.0082,73
145580,0.0109,0.0496,0.9395,73
67653,0.0138,0.0574,0.9288,73
544750,0.0045,0.0262,0.9693,73
489375,0.8891,0.0941,0.0168,73
50849,0.0030,0.0258,0.9712,73
466998,0.8700,0.1186,0.0114,73
324531,0.0024,0.0467,0.9509,73
249489,0.0043,0.0205,0.9752,73
105007,0.0024,0.0296,0.9680,74
2974,0.2371,0.4863,0.2766,74
412699,0.0028,0.0543,0.9428,74
155150,0.0151,0.0278,0.9571,74
39279,0.0051,0.0246,0.9703,74
315937,0.6187,0.2909,0.0904,74
12683,0.1456,0.3113,0.5431,74
116136,0.0042,0.0100,0.9858,74
151438,0.0175,0.0632,0.9193,74
35579,0.1133,0.3450,0.5416,74
203712,0.0071,0.0532,0.9397,74
176131,0.1007,0.1314,0.7679,74
364292,0.0440,0.0868,0.8692,74
378898,0.0195,0.0949,0.8856,74
336061,0.0519,0.2839,0.6641,74
151169,0.0051,0.1642,0.8307,74
327105,0.0226,0.2656,0.7117,74
72919,0.0065,0.0112,0.9824,74
402721,0.0135,0.0367,0.9498,74
254931,0.0048,0.0163,0.9789,74
55096,0.8279,0.1576,0.0145,74
152145,0.9007,0.0922,0.0071,74
82924,0.0034,0.0195,0.9772,74
83060,0.0207,0.3030,0.6763,74
372218,0.0046,0.0155,0.9799,74
438802,0.0038,0.0211,0.9751,74
544446,0.0032,0.0210,0.9758,74
528791,0.8517,0.1321,0.0162,74
221715,0.0086,0.0381,0.9534,74
524067,0.0321,0.0767,0.8912,74
114743,0.0026,0.0557,0.9417,74
139272,0.0064,0.0456,0.9480,74
16559,0.0342,0.2421,0.7237,74
267965,0.0034,0.0181,0.9784,74
375063,0.6690,0.2543,0.0768,74
178040,0.8595,0.1278,0.0127,74
276248,0.7255,0.2505,0.0239,74
240661,0.0047,0.0121,0.9832,74
527885,0.9012,0.0827,0.0161,74
406019,0.0029,0.0083,0.9888,74
54237,0.0062,0.0225,0.9713,74
357092,0.4042,0.3306,0.2652,74
258706,0.0064,0.0293,0.9642,74
481297,0.0054,0.0214,0.9732,74
506291,0.0061,0.0358,0.9581,74
50673,0.9329,0.0594,0.0077,74
547151,0.0049,0.0245,0.9706,74
486537,0.0040,0.0192,0.9768,74
96589,0.0374,0.2386,0.7239,74
396026,0.0095,0.0326,0.9579,74
326086,0.0064,0.0561,0.9375,74
109361,0.8098,0.1416,0.0485,74
231413,0.0194,0.0739,0.9067,74
521987,0.0059,0.0296,0.9645,74
110628,0.0056,0.0296,0.9648,74
400852,0.7704,0.2107,0.0189,74
146391,0.6832,0.2977,0.0191,74
451709,0.0098,0.0292,0.9610,74
281752,0.8996,0.0916,0.0088,74
187746,0.0047,0.0346,0.9607,74
353784,0.0068,0.0371,0.9561,74
389131,0.8985,0.0910,0.0104,74
567007,0.0316,0.1559,0.8125,74
524326,0.0052,0.0380,0.9568,74
568363,0.0037,0.0107,0.9856,74
21237,0.0044,0.0285,0.9671,74
109837,0.9097,0.0832,0.0071,74
256422,0.9039,0.0809,0.0152,74
124111,0.0119,0.0949,0.8933,75
121755,0.0126,0.0828,0.9046,75
387920,0.0336,0.0606,0.9058,75
24568,0.0033,0.0227,0.9740,75
20695,0.0033,0.0117,0.9850,75
434839,0.0117,0.2018,0.7866,75
125288,0.0050,0.0153,0.9797,75
422868,0.0756,0.2908,0.6336,75
24713,0.0036,0.0251,0.9713,75
435344,0.1775,0.5553,0.2672,75
172775,0.0036,0.0137,0.9827,75
281439,0.0032,0.0173,0.9794,75
96073,0.7549,0.2169,0.0282,75
464676,0.3151,0.3375,0.3473,75
218948,0.0060,0.0221,0.9718,75
508509,0.0034,0.0890,0.9076,75
27798,0.0032,0.0266,0.9703,75
260347,0.0063,0.0251,0.9687,75
49303,0.0402,0.2260,0.7338,75
72910,0.0053,0.0141,0.9806,75
82167,0.0038,0.0207,0.9755,75
36276,0.0088,0.0469,0.9443,75
31416,0.0059,0.0225,0.9716,75
222620,0.0063,0.0600,0.9337,75
367858,0.0047,0.0397,0.9557,75
72147,0.0318,0.0929,0.8753,75
138414,0.0034,0.0170,0.9796,75
6636,0.0064,0.0422,0.9514,75
37168,0.8910,0.0961,0.0130,75
110820,0.0203,0.0575,0.9222,75
193195,0.0231,0.0967,0.8802,75
444766,0.0053,0.0225,0.9722,75
315964,0.0052,0.0373,0.9575,75
22910,0.0139,0.1039,0.8822,75
405845,0.4658,0.3610,0.1732,75
350843,0.0202,0.0548,0.9250,75
300127,0.0063,0.0518,0.9419,75
300089,0.8576,0.1300,0.0124,75
459875,0.0047,0.0369,0.9584,75
427621,0.7859,0.1897,0.0244,75
45241,0.0056,0.0133,0.9812,75
105189,0.0091,0.0710,0.9198,75
102761,0.8873,0.1026,0.0101,75
160771,0.0118,0.2360,0.7522,75
439961,0.0155,0.0683,0.9161,75
362856,0.9391,0.0554,0.0055,75
278113,0.0480,0.1753,0.7768,75
16704,0.0096,0.0153,0.9751,75
505683,0.7861,0.1701,0.0439,75
75348,0.0153,0.0722,0.9125,75
105960,0.0072,0.0306,0.9623,75
53095,0.9281,0.0639,0.0080,75
446553,0.0054,0.0196,0.9749,75
74420,0.8802,0.1101,0.0097,75
387635,0.8402,0.1480,0.0118,75
154418,0.0449,0.1637,0.7915,75
100297,0.0038,0.0221,0.9741,75
387468,0.0586,0.1616,0.7798,75
215475,0.7758,0.2106,0.0136,75
388232,0.0061,0.0306,0.9633,75
86336,0.0099,0.0392,0.9509,75
87591,0.8771,0.1104,0.0125,75
175379,0.0067,0.1070,0.8863,75
151879,0.0070,0.0178,0.9752,75
563986,0.0113,0.0521,0.9366,76
216353,0.0097,0.0696,0.9207,76
17635,0.1002,0.1735,0.7263,76
5943,0.2095,0.2572,0.5332,76
469574,0.0149,0.1466,0.8385,76
82346,0.0119,0.1551,0.8331,76
168584,0.7399,0.2444,0.0157,76
236752,0.0060,0.0379,0.9560,76
351186,0.9022,0.0861,0.0117,76
176510,0.9581,0.0366,0.0053,76
175380,0.0414,0.1829,0.7758,76
534894,0.0051,0.0297,0.9652,76
74255,0.0135,0.0551,0.9314,76
135220,0.0126,0.0855,0.9020,76
273547,0.0327,0.0716,0.8957,76
211521,0.0224,0.0666,0.9110,76
78913,0.8567,0.1356,0.0077,76
359150,0.0917,0.2909,0.6174,76
533606,0.0443,0.2542,0.7015,76
90529,0.4343,0.4715,0.0942,76
376039,0.3614,0.5391,0.0995,76
503420,0.0074,0.0510,0.9416,76
7943,0.0062,0.0262,0.9676,76
471751,0.0040,0.0222,0.9739,76
81197,0.0077,0.0478,0.9445,76
37322,0.0045,0.0189,0.9766,76
89513,0.0122,0.0524,0.9354,76
350785,0.0094,0.0698,0.9207,76
257732,0.0077,0.0846,0.9077,76
118481,0.0048,0.2312,0.7640,76
425375,0.8926,0.0929,0.0145,76
322855,0.0040,0.0233,0.9727,76
346276,0.0033,0.0191,0.9776,76
188056,0.0035,0.0271,0.9694,76
229757,0.0033,0.0086,0.9880,76
394382,0.1428,0.5447,0.3125,76
223085,0.0325,0.1257,0.8418,76
476812,0.0026,0.0201,0.9773,76
479842,0.0060,0.0355,0.9586,76
267611,0.7796,0.1786,0.0418,76
49030,0.0051,0.0288,0.9661,76
154684,0.0042,0.0274,0.9684,76
27371,0.7599,0.1931,0.0469,76
120546,0.0232,0.0721,0.9047,76
64519,0.0278,0.1067,0.8656,76
456403,0.0255,0.2808,0.6936,76
381188,0.0035,0.0113,0.9852,76
323320,0.1684,0.4816,0.3501,76
68747,0.0051,0.0422,0.9527,76
25655,0.0936,0.1162,0.7901,76
130923,0.7145,0.1751,0.1104,76
27080,0.0170,0.0575,0.9256,76
231266,0.0143,0.0623,0.9234,76
395301,0.4366,0.3414,0.2220,76
67415,0.9381,0.0548,0.0070,76
28937,0.0057,0.0185,0.9759,76
186505,0.6630,0.2991,0.0379,76
349057,0.0101,0.0479,0.9420,76
468948,0.0735,0.1343,0.7921,76
322338,0.9481,0.0445,0.0073,76
332887,0.7806,0.2007,0.0187,76
372362,0.0079,0.0591,0.9330,76
312698,0.0035,0.0162,0.9803,76
154588,0.4627,0.4774,0.0599,76
163665,0.2416,0.2322,0.5261,76
178160,0.8457,0.1404,0.0139,76
567545,0.0045,0.0313,0.9642,76
374194,0.0233,0.1301,0.8467,77
13409,0.0049,0.0128,0.9823,77
239793,0.0026,0.0197,0.9778,77
119819,0.8810,0.0968,0.0222,77
159313,0.0034,0.0120,0.9847,77
405831,0.2292,0.4407,0.3301,77
328341,0.0030,0.0114,0.9856,77
557635,0.0206,0.0677,0.9117,77
46681,0.1131,0.2933,0.5936,77
157952,0.0057,0.0278,0.9665,77
337601,0.0045,0.0283,0.9673,77
203288,0.3541,0.2722,0.3737,77
340371,0.0687,0.0989,0.8324,77
534997,0.7845,0.1421,0.0734,77
9655,0.0058,0.0237,0.9705,77
169260,0.1827,0.4641,0.3533,77
106330,0.0188,0.0693,0.9119,77
93467,0.0034,0.0172,0.9794,77
48678,0.0030,0.0073,0.9897,77
174486,0.0343,0.1321,0.8336,77
87412,0.0274,0.1161,0.8565,77
542779,0.8443,0.1336,0.0221,77
200891,0.0075,0.0226,0.9699,77
136588,0.0041,0.0186,0.9773,77
273351,0.0028,0.0248,0.9724,77
101021,0.0079,0.0782,0.9139,77
62522,0.0127,0.0450,0.9424,77
342507,0.0056,0.0194,0.9750,77
190783,0.0050,0.0486,0.9464,77
508895,0.2633,0.5412,0.1955,77
333288,0.1711,0.3843,0.4446,77
143994,0.0261,0.3346,0.6393,77
172825,0.0096,0.3349,0.6555,77
265953,0.0058,0.2054,0.7888,77
470057,0.2399,0.2856,0.4746,77
229123,0.7758,0.1858,0.0384,77
528607,0.0155,0.0758,0.9086,77
159263,0.0264,0.1011,0.8725,77
91346,0.0053,0.0254,0.9693,77
382755,0.0042,0.0219,0.9738,77
23324,0.9461,0.0455,0.0083,77
551654,0.5388,0.3645,0.0967,77
226988,0.0070,0.0757,0.9173,77
475323,0.0982,0.1504,0.7514,77
21103,0.0056,0.0426,0.9518,77
529457,0.2095,0.3995,0.3910,77
116758,0.1678,0.4963,0.3359,77
295564,0.0498,0.1750,0.7752,77
108002,0.0042,0.0502,0.9456,77
351783,0.0463,0.0745,0.8792,77
422424,0.0045,0.0128,0.9826,77
107960,0.0079,0.0228,0.9694,77
225589,0.3268,0.5771,0.0960,77
217596,0.0030,0.0107,0.9864,77
150689,0.0171,0.0824,0.9005,77
328815,0.8107,0.1674,0.0219,77
65361,0.0116,0.0553,0.9330,77
285993,0.0576,0.2277,0.7147,78
280820,0.0041,0.0173,0.9786,78
67428,0.7578,0.2230,0.0192,78
172689,0.2990,0.4925,0.2084,78
560429,0.0056,0.0191,0.9753,78
153570,0.0171,0.1067,0.8762,78
279811,0.0080,0.0205,0.9715,78
195466,0.5722,0.2821,0.1456,78
150546,0.0030,0.0169,0.9800,78
462558,0.7849,0.1988,0.0163,78
115803,0.0612,0.2291,0.7097,78
474256,0.8987,0.0884,0.0129,78
477877,0.0682,0.3143,0.6175,78
191213,0.8906,0.0993,0.0101,78
341091,0.0094,0.0996,0.8910,78
283092,0.0058,0.0163,0.9779,78
372758,0.0046,0.0233,0.9721,78
307390,0.8595,0.1306,0.0099,78
99584,0.0045,0.0191,0.9763,78
543317,0.0103,0.0447,0.9449,78
228428,0.0053,0.0220,0.9727,78
62615,0.8306,0.1505,0.0189,78
58270,0.0131,0.0362,0.9507,78
518524,0.0761,0.2926,0.6314,78
468652,0.0401,0.1378,0.8221,78
548340,0.0049,0.0209,0.9742,78
451737,0.0072,0.0348,0.9580,78
144234,0.1400,0.2198,0.6402,78
317299,0.0036,0.0557,0.9407,78
111678,0.0099,0.0373,0.9527,78
281806,0.9337,0.0586,0.0077,78
353969,0.8298,0.1517,0.0185,78
67522,0.8827,0.1083,0.0090,78
242696,0.3338,0.5478,0.1185,78
35947,0.1066,0.2877,0.6056,78
200623,0.0120,0.3631,0.6249,78
447096,0.0137,0.0596,0.9267,78
543180,0.0230,0.1299,0.8471,78
12769,0.0466,0.3324,0.6210,78
44381,0.0461,0.0854,0.8684,78
485141,0.4070,0.3338,0.2592,78
526440,0.0026,0.0167,0.9807,78
128913,0.0049,0.0289,0.9661,78
183809,0.0058,0.0201,0.9740,78
152936,0.0036,0.0113,0.9851,78
119345,0.0051,0.0388,0.9561,78
21768,0.3181,0.4178,0.2642,78
20473,0.0084,0.0515,0.9401,78
41114,0.0343,0.1098,0.8559,78
31941,0.0143,0.0734,0.9124,78
458701,0.0041,0.0217,0.9742,78
75976,0.9067,0.0806,0.0127,78
88915,0.0167,0.1184,0.8648,78
493327,0.0347,0.1534,0.8119,78
39532,0.0117,0.2507,0.7376,78
494607,0.0090,0.0458,0.9452,78
161985,0.0043,0.0399,0.9558,78
547196,0.5439,0.3981,0.0580,78
547266,0.0064,0.0784,0.9152,78
157114,0.0077,0.0196,0.9727,78
503969,0.0045,0.0149,0.9806,78
205908,0.0213,0.0836,0.8952,78
376253,0.0065,0.0242,0.9692,78
468896,0.0024,0.0285,0.9691,79
125960,0.0179,0.0941,0.8880,79
205181,0.0098,0.0425,0.9477,79
443027,0.0027,0.0540,0.9433,79
338484,0.0047,0.0518,0.9436,79
157107,0.0030,0.0141,0.9829,79
484249,0.0057,0.0306,0.9636,79
296095,0.0045,0.0282,0.9673,79
542717,0.1070,0.3402,0.5529,79
464573,0.0043,0.0220,0.9737,79
379815,0.8566,0.1198,0.0235,79
200090,0.0310,0.0779,0.8911,79
102459,0.0092,0.0266,0.9642,79
297271,0.0878,0.3330,0.5791,79
407537,0.0027,0.0144,0.9829,79
207595,0.8817,0.0976,0.0208,79
166971,0.0034,0.1087,0.8879,79
6317,0.7596,0.2200,0.0204,79
355360,0.0085,0.0543,0.9372,79
43372,0.4487,0.3249,0.2264,79
10210,0.0052,0.0377,0.9571,79
167139,0.0095,0.0286,0.9619,79
478892,0.0031,0.0413,0.9556,79
307604,0.0039,0.0129,0.9832,79
217691,0.8863,0.1044,0.0093,79
43809,0.0026,0.0210,0.9764,79
74121,0.7988,0.1831,0.0181,79
446459,0.0125,0.0619,0.9256,79
130807,0.0054,0.0388,0.9559,79
567516,0.8355,0.1452,0.0193,79
15371,0.0558,0.0965,0.8476,79
119274,0.1503,0.7014,0.1483,79
238452,0.0055,0.0447,0.9499,79
183555,0.0056,0.0404,0.9540,79
54306,0.0031,0.0334,0.9635,79
88124,0.6713,0.2773,0.0514,79
495868,0.0108,0.0772,0.9120,79
54584,0.0199,0.1215,0.8585,79
517343,0.0167,0.3319,0.6514,79
459704,0.0994,0.7156,0.1849,79
460353,0.0719,0.2627,0.6654,79
526973,0.0071,0.1457,0.8473,79
134255,0.0087,0.0664,0.9249,79
39321,0.1220,0.7710,0.1070,79
248612,0.0125,0.0334,0.9540,79
376146,0.0029,0.0165,0.9806,79
37464,0.6049,0.2889,0.1062,79
244196,0.0364,0.1886,0.7750,79
562531,0.1867,0.2440,0.5694,79
426149,0.0080,0.0169,0.9752,79
352251,0.0073,0.0205,0.9723,79
558903,0.0044,0.0455,0.9501,79
255470,0.0607,0.2372,0.7021,79
551927,0.0612,0.1946,0.7442,79
489597,0.0030,0.0276,0.9694,79
342897,0.0081,0.0688,0.9231,79
20177,0.3117,0.6354,0.0529,79
476014,0.0566,0.4794,0.4641,79
60963,0.1538,0.2416,0.6045,79
511909,0.0036,0.0139,0.9825,79
399979,0.0036,0.0067,0.9897,79
353424,0.0026,0.0162,0.9812,79
111304,0.0050,0.0605,0.9345,79
161802,0.0123,0.0528,0.9349,80
15131,0.0229,0.4069,0.5703,80
8892,0.0025,0.0335,0.9640,80
82266,0.8769,0.1049,0.0182,80
250647,0.0039,0.0344,0.9617,80
335973,0.0206,0.1225,0.8568,80
341152,0.0041,0.0190,0.9769,80
479904,0.0657,0.5000,0.4343,80
97879,0.0081,0.0222,0.9698,80
49746,0.0061,0.0304,0.9635,80
343950,0.0082,0.0314,0.9604,80
252982,0.0163,0.0578,0.9259,80
171620,0.5509,0.3506,0.0985,80
86402,0.0056,0.0687,0.9257,80
11602,0.0092,0.1116,0.8792,80
476093,0.0653,0.2303,0.7044,80
396647,0.0221,0.1506,0.8273,80
243748,0.6991,0.2208,0.0801,80
40326,0.8220,0.1615,0.0165,80
241816,0.1536,0.2893,0.5571,80
92738,0.0115,0.0551,0.9334,80
135106,0.0035,0.0119,0.9846,80
1151,0.0038,0.0215,0.9747,80
247732,0.0086,0.1662,0.8252,80
256340,0.0066,0.1387,0.8547,80
141309,0.0908,0.2330,0.6762,80
424493,0.7221,0.2636,0.0143,80
52256,0.0039,0.0297,0.9664,80
37369,0.0219,0.0736,0.9045,80
40787,0.0107,0.0628,0.9265,80
533332,0.0092,0.1107,0.8801,80
76881,0.5344,0.4025,0.0631,80
340984,0.3934,0.3130,0.2936,80
297449,0.0206,0.1187,0.8607,80
199593,0.0993,0.3784,0.5224,80
47925,0.0029,0.0174,0.9797,80
104759,0.0889,0.5621,0.3490,80
333196,0.0084,0.0240,0.9676,80
337683,0.0125,0.0792,0.9083,80
178904,0.0057,0.0327,0.9617,80
23551,0.0069,0.0435,0.9496,80
158493,0.0059,0.0240,0.9701,80
36343,0.0030,0.0156,0.9814,80
369616,0.0061,0.0618,0.9321,80
37123,0.0064,0.0149,0.9787,80
309483,0.4681,0.3540,0.1779,80
60566,0.0119,0.0926,0.8955,80
32496,0.0103,0.1556,0.8341,80
498727,0.0068,0.0123,0.9808,80
327619,0.0143,0.0436,0.9421,80
83512,0.0121,0.0427,0.9452,80
151918,0.0236,0.0680,0.9084,80
197239,0.0029,0.0163,0.9809,80
337662,0.5421,0.3600,0.0979,80
178677,0.9353,0.0578,0.0069,80
80824,0.0580,0.1651,0.7769,80
412346,0.0048,0.0165,0.9787,80
491999,0.9064,0.0856,0.0080,80
548198,0.0188,0.1766,0.8047,80
161009,0.0052,0.0228,0.9720,80
411289,0.0050,0.0449,0.9500,80
355112,0.0069,0.0519,0.9412,81
247261,0.0034,0.0247,0.9719,81
464426,0.0070,0.0784,0.9146,81
71551,0.0382,0.1201,0.8417,81
257071,0.0232,0.1713,0.8055,81
469725,0.9202,0.0631,0.0168,81
287861,0.8709,0.1201,0.0090,81
181861,0.0051,0.0407,0.9542,81
563613,0.2209,0.4039,0.3752,81
15622,0.0294,0.0807,0.8900,81
384965,0.0044,0.0374,0.9582,81
5320,0.0902,0.2196,0.6902,81
188109,0.0150,0.1346,0.8503,81
256607,0.6738,0.2493,0.0768,81
7976,0.0484,0.3046,0.6471,81
284650,0.7968,0.1490,0.0542,81
239928,0.0063,0.0327,0.9610,81
255820,0.0100,0.0476,0.9423,81
176678,0.2327,0.3388,0.4284,81
61934,0.4268,0.3903,0.1828,81
170582,0.0035,0.0178,0.9787,81
24421,0.0122,0.0286,0.9592,81
24803,0.5815,0.3753,0.0432,81
31283,0.0055,0.0394,0.9551,81
270694,0.5444,0.3893,0.0663,81
82284,0.0066,0.0427,0.9507,81
417338,0.8966,0.0954,0.0081,81
88739,0.0062,0.0197,0.9740,81
140459,0.0178,0.0857,0.8965,81
41730,0.0133,0.4655,0.5211,81
140177,0.0188,0.1229,0.8583,81
454617,0.0213,0.0622,0.9165,81
398013,0.0062,0.0335,0.9603,81
29580,0.4067,0.4384,0.1549,81
539939,0.8706,0.1073,0.0221,81
120199,0.0040,0.0571,0.9389,81
212472,0.0082,0.0292,0.9625,81
498560,0.0051,0.0084,0.9864,81
198683,0.0225,0.1267,0.8508,81
342926,0.0155,0.1107,0.8738,81
558167,0.0191,0.0720,0.9089,81
17160,0.8506,0.1290,0.0204,81
210851,0.0051,0.0184,0.9765,81
156749,0.0059,0.0637,0.9304,81
252866,0.0068,0.0372,0.9560,81
286621,0.0034,0.0347,0.9618,81
39199,0.1897,0.5251,0.2852,81
382771,0.0066,0.0186,0.9748,81
205992,0.8385,0.1468,0.0147,81
124079,0.0054,0.0371,0.9575,81
249619,0.6828,0.2685,0.0488,81
156024,0.0145,0.0803,0.9052,81
334777,0.5349,0.3823,0.0827,81
42195,0.0057,0.0325,0.9618,81
3562,0.0047,0.1037,0.8916,81
476682,0.0058,0.0221,0.9721,81
538236,0.0050,0.0699,0.9252,82
91288,0.0100,0.0302,0.9598,82
322950,0.0045,0.0298,0.9657,82
501393,0.0072,0.0308,0.9620,82
464505,0.0049,0.0309,0.9643,82
550619,0.0760,0.3722,0.5518,82
35129,0.0035,0.0148,0.9817,82
302545,0.0078,0.0602,0.9319,82
252712,0.0070,0.0288,0.9642,82
480352,0.0040,0.0116,0.9844,82
202557,0.4152,0.3557,0.2290,82
322851,0.0047,0.0462,0.9492,82
127710,0.0178,0.1710,0.8112,82
354124,0.5257,0.3686,0.1057,82
452187,0.0067,0.0296,0.9637,82
333684,0.0027,0.0100,0.9873,82
400419,0.0040,0.0205,0.9755,82
70225,0.3477,0.5966,0.0556,82
108488,0.0051,0.0233,0.9716,82
268434,0.0043,0.0187,0.9770,82
295047,0.0388,0.1814,0.7798,82
477430,0.0029,0.0201,0.9770,82
363859,0.0183,0.1195,0.8621,82
75519,0.0043,0.0172,0.9785,82
48738,0.0075,0.0361,0.9564,82
280058,0.0038,0.0432,0.9530,82
217280,0.0045,0.0153,0.9802,82
530272,0.0045,0.0090,0.9864,82
24334,0.0865,0.3807,0.5329,82
408575,0.0289,0.1670,0.8041,82
1642,0.0090,0.0191,0.9719,82
376276,0.0214,0.0433,0.9353,82
189609,0.1858,0.1900,0.6242,82
265719,0.0044,0.0911,0.9045,82
535128,0.1851,0.2616,0.5534,82
29800,0.0349,0.0716,0.8935,82
142622,0.8970,0.0888,0.0141,82
232158,0.0153,0.0446,0.9402,82
231728,0.5081,0.3988,0.0931,82
371974,0.0048,0.0174,0.9778,82
86608,0.7693,0.2132,0.0176,82
342857,0.0029,0.0210,0.9760,82
11496,0.0044,0.0170,0.9785,82
95214,0.0088,0.0289,0.9623,82
87260,0.0055,0.0219,0.9725,82
17644,0.0084,0.0436,0.9479,82
115261,0.0022,0.0240,0.9738,82
331387,0.0096,0.1321,0.8583,82
515150,0.0177,0.1490,0.8334,82
233794,0.1287,0.5722,0.2991,82
243404,0.0064,0.0249,0.9687,82
372062,0.0075,0.0431,0.9494,82
89242,0.4807,0.3756,0.1437,82
239379,0.0317,0.0812,0.8870,82
517487,0.0077,0.0528,0.9395,82
238634,0.0060,0.0280,0.9660,82
237198,0.3089,0.3901,0.3010,82
287762,0.9147,0.0779,0.0075,82
88450,0.8319,0.1513,0.0167,82
562128,0.0325,0.1656,0.8019,82
38252,0.0041,0.0154,0.9805,82
121099,0.9279,0.0657,0.0064,82
7112,0.2027,0.3918,0.4055,82
249819,0.7594,0.2240,0.0166,83
248771,0.1577,0.3101,0.5322,83
432747,0.3915,0.2321,0.3764,83
136508,0.0255,0.0789,0.8956,83
458646,0.9078,0.0821,0.0101,83
236059,0.0038,0.0262,0.9699,83
115331,0.0087,0.0237,0.9676,83
330349,0.9229,0.0700,0.0071,83
515469,0.8457,0.1315,0.0228,83
454924,0.0049,0.1102,0.8849,83
264641,0.1837,0.4464,0.3699,83
530524,0.0098,0.1340,0.8562,83
543375,0.0500,0.1882,0.7618,83
400181,0.1184,0.3918,0.4898,83
509044,0.0084,0.0204,0.9711,83
218064,0.5863,0.3685,0.0452,83
269516,0.7346,0.1842,0.0813,83
480281,0.6591,0.3037,0.0372,83
538399,0.6699,0.3023,0.0278,83
285154,0.6553,0.2522,0.0926,83
57123,0.0384,0.2947,0.6669,83
380302,0.7974,0.1752,0.0273,83
77090,0.0129,0.0299,0.9573,83
75955,0.4721,0.3640,0.1640,83
157838,0.0162,0.0401,0.9437,83
209458,0.0055,0.0510,0.9434,83
274651,0.0087,0.0295,0.9618,83
409698,0.5546,0.3754,0.0700,83
206459,0.4486,0.4131,0.1383,83
202879,0.2841,0.1586,0.5573,83
45148,0.0104,0.0539,0.9357,83
357924,0.0047,0.0193,0.9760,83
359064,0.1677,0.5801,0.2522,83
102242,0.0046,0.0089,0.9865,83
163843,0.0025,0.0264,0.9711,83
491500,0.0057,0.0352,0.9592,83
278888,0.0055,0.0169,0.9775,83
170377,0.3682,0.5266,0.1052,83
436359,0.0058,0.1025,0.8917,83
436582,0.0049,0.0476,0.9475,83
84109,0.0140,0.0571,0.9289,83
558961,0.0032,0.0200,0.9768,83
292954,0.8957,0.0972,0.0072,83
280635,0.0101,0.1079,0.8821,83
172730,0.0184,0.1664,0.8152,83
290603,0.0151,0.0656,0.9193,83
430526,0.9347,0.0533,0.0120,83
181826,0.0086,0.0430,0.9484,83
23746,0.0042,0.0542,0.9416,83
126807,0.0015,0.0231,0.9754,84
59168,0.0045,0.0566,0.9389,84
538647,0.7198,0.1811,0.0991,84
283236,0.0043,0.0631,0.9326,84
380825,0.0055,0.0377,0.9568,84
527187,0.0388,0.1316,0.8296,84
390240,0.1198,0.7678,0.1124,84
458710,0.0077,0.0229,0.9694,84
134314,0.7686,0.1850,0.0465,84
41152,0.0079,0.0135,0.9786,84
527169,0.0210,0.1842,0.7948,84
497620,0.0042,0.0157,0.9801,84
432875,0.1950,0.3117,0.4933,84
241701,0.0100,0.0733,0.9167,84
520105,0.0350,0.0974,0.8676,84
233791,0.8090,0.1397,0.0513,84
422512,0.0035,0.0197,0.9768,84
69164,0.0075,0.0166,0.9760,84
476127,0.0256,0.0647,0.9097,84
37044,0.0032,0.0249,0.9719,84
195396,0.0054,0.0372,0.9574,84
401705,0.2415,0.4061,0.3524,84
398194,0.0080,0.0343,0.9577,84
520695,0.8022,0.1845,0.0133,84
227461,0.0061,0.0685,0.9254,84
395409,0.0307,0.2369,0.7324,84
479157,0.9070,0.0817,0.0113,84
222250,0.0060,0.1005,0.8934,84
510852,0.0677,0.6205,0.3118,84
84924,0.0030,0.0325,0.9645,84
37106,0.1978,0.3049,0.4973,84
177918,0.0028,0.0239,0.9733,84
59840,0.0177,0.1337,0.8485,84
60285,0.7011,0.2256,0.0734,84
15435,0.9027,0.0895,0.0078,84
88018,0.1432,0.5269,0.3299,84
175186,0.0602,0.2752,0.6646,84
284926,0.0091,0.0496,0.9413,84
415779,0.0054,0.0320,0.9627,84
564482,0.0094,0.0386,0.9521,84
429377,0.0097,0.0271,0.9632,84
92123,0.4642,0.4265,0.1093,84
415524,0.0204,0.0809,0.8986,84
251495,0.0140,0.0926,0.8934,84
5346,0.0464,0.1256,0.8280,84
160949,0.0059,0.0402,0.9539,84
19324,0.8094,0.1746,0.0161,84
443291,0.0038,0.0150,0.9812,84
505966,0.0119,0.0332,0.9550,84
505754,0.0028,0.0211,0.9761,84
505646,0.0167,0.0525,0.9307,84
483775,0.5062,0.3376,0.1561,84
298897,0.0029,0.0093,0.9877,84
47970,0.8764,0.1136,0.0100,84
156210,0.0132,0.0487,0.9382,84
552673,0.0155,0.2564,0.7281,84
361552,0.0047,0.0385,0.9568,84
546778,0.0040,0.0220,0.9740,84
247630,0.0064,0.0762,0.9174,84
106095,0.8548,0.1184,0.0268,84
448794,0.1891,0.7549,0.0560,84
73094,0.0156,0.0591,0.9253,84
438657,0.3056,0.3439,0.3506,84
20689,0.0065,0.0571,0.9364,84
400591,0.0354,0.0393,0.9253,85
486556,0.2500,0.3231,0.4269,85
108544,0.0142,0.0446,0.9412,85
268080,0.0049,0.0415,0.9536,85
497362,0.0054,0.0228,0.9719,85
263685,0.5887,0.3964,0.0149,85
84402,0.0042,0.0198,0.9760,85
84153,0.0057,0.0232,0.9711,85
173060,0.8687,0.1215,0.0098,85
10353,0.1619,0.3429,0.4952,85
370485,0.0198,0.0599,0.9203,85
186603,0.9238,0.0667,0.0096,85
147006,0.7173,0.1828,0.0999,85
70229,0.0154,0.1452,0.8394,85
221862,0.2167,0.5081,0.2752,85
262607,0.3117,0.3324,0.3559,85
67980,0.5744,0.2826,0.1430,85
557333,0.0055,0.0331,0.9614,85
546187,0.0044,0.0231,0.9725,85
390985,0.0143,0.0569,0.9288,85
431735,0.0037,0.0186,0.9777,85
90366,0.9190,0.0700,0.0110,85
284385,0.0147,0.0688,0.9165,85
373095,0.0908,0.2266,0.6826,85
388331,0.1293,0.2070,0.6636,85
120121,0.0112,0.0683,0.9205,85
391447,0.0171,0.1218,0.8612,85
65264,0.0066,0.0882,0.9052,85
490301,0.0102,0.0421,0.9477,85
490295,0.4657,0.4899,0.0444,85
424473,0.0154,0.0863,0.8983,85
330430,0.0042,0.0121,0.9836,85
526323,0.0039,0.0213,0.9748,85
362236,0.3548,0.3362,0.3090,85
440710,0.0029,0.0144,0.9827,85
47992,0.6340,0.2852,0.0808,85
214628,0.8766,0.1135,0.0098,85
56779,0.0149,0.0339,0.9512,85
7110,0.2320,0.6036,0.1643,85
167480,0.0335,0.1010,0.8655,85
403498,0.8552,0.1344,0.0104,85
82871,0.0040,0.0636,0.9324,85
368196,0.6872,0.2794,0.0334,85
152067,0.0100,0.0197,0.9703,85
300421,0.0040,0.0301,0.9658,85
107581,0.0065,0.0557,0.9379,85
414583,0.0135,0.0381,0.9484,85
519266,0.0048,0.0134,0.9818,85
566848,0.0905,0.2091,0.7004,85
250934,0.0049,0.0353,0.9598,85
92849,0.0102,0.0753,0.9145,85
382028,0.0054,0.0122,0.9824,86
237110,0.0210,0.1018,0.8772,86
36683,0.0300,0.2757,0.6944,86
256585,0.9228,0.0679,0.0093,86
87204,0.0031,0.0182,0.9787,86
53594,0.9336,0.0550,0.0114,86
236788,0.0027,0.0308,0.9665,86
77807,0.0068,0.0478,0.9454,86
317929,0.8072,0.1779,0.0149,86
320566,0.2143,0.2300,0.5556,86
159638,0.0095,0.0287,0.9618,86
104741,0.8262,0.1299,0.0439,86
63829,0.0091,0.0348,0.9561,86
259197,0.0030,0.0117,0.9853,86
469443,0.0025,0.0142,0.9833,86
24191,0.8466,0.1110,0.0424,86
231612,0.8863,0.1070,0.0067,86
17678,0.0055,0.0373,0.9572,86
335736,0.0064,0.0225,0.9711,86
153301,0.0265,0.0809,0.8926,86
364192,0.0153,0.0696,0.9152,86
438533,0.1581,0.5053,0.3366,86
14896,0.5474,0.3638,0.0889,86
481276,0.0064,0.0203,0.9733,86
515444,0.0141,0.1755,0.8104,86
456959,0.0032,0.0115,0.9853,86
326694,0.0097,0.0333,0.9569,86
387192,0.0084,0.0248,0.9668,86
131427,0.0037,0.0253,0.9710,86
460137,0.1359,0.4688,0.3953,86
242544,0.0355,0.1191,0.8454,86
240290,0.0067,0.0494,0.9439,86
448882,0.0541,0.4021,0.5438,86
447105,0.0115,0.0492,0.9393,86
48853,0.0453,0.1658,0.7889,86
142445,0.0172,0.0990,0.8838,86
142462,0.0217,0.0699,0.9084,86
70201,0.0067,0.0337,0.9596,86
222810,0.2437,0.2447,0.5117,86
232329,0.1005,0.2934,0.6061,86
350654,0.0157,0.2076,0.7767,86
40264,0.8888,0.0989,0.0123,86
386786,0.3660,0.4365,0.1975,86
19787,0.0030,0.0190,0.9780,86
509354,0.6939,0.2841,0.0220,86
558908,0.3077,0.2155,0.4768,86
281454,0.0049,0.0619,0.9333,86
242686,0.0043,0.0615,0.9342,86
70565,0.0069,0.0415,0.9517,86
108788,0.0917,0.2470,0.6613,86
224699,0.0220,0.0651,0.9129,86
83179,0.0845,0.1114,0.8040,86
6197,0.0259,0.3417,0.6324,86
217566,0.0052,0.0149,0.9799,86
32074,0.0077,0.1036,0.8887,86
234074,0.0049,0.0945,0.9006,86
334059,0.0203,0.0907,0.8890,86
284097,0.0365,0.1265,0.8370,86
416619,0.1079,0.1406,0.7515,86
442836,0.0036,0.0153,0.9811,87
131273,0.8041,0.1475,0.0484,87
6742,0.0371,0.0711,0.8918,87
542780,0.0107,0.0562,0.9331,87
483454,0.0214,0.1694,0.8093,87
123305,0.9099,0.0778,0.0123,87
424998,0.0928,0.5322,0.3750,87
189878,0.0076,0.0163,0.9760,87
144738,0.3494,0.3769,0.2737,87
43620,0.0196,0.0659,0.9145,87
351926,0.1770,0.4313,0.3917,87
167115,0.0128,0.0290,0.9582,87
187298,0.0051,0.0198,0.9750,87
215778,0.0039,0.0124,0.9837,87
490038,0.1461,0.1851,0.6688,87
121301,0.0032,0.0112,0.9856,87
515158,0.0855,0.1996,0.7149,87
174233,0.0082,0.0718,0.9200,87
99270,0.0534,0.1768,0.7699,87
382169,0.7905,0.1459,0.0636,87
534814,0.2726,0.2654,0.4620,87
37860,0.1796,0.5334,0.2870,87
415307,0.0059,0.0529,0.9412,87
120950,0.0048,0.0216,0.9736,87
526979,0.0061,0.0132,0.9807,87
2216,0.0022,0.0255,0.9723,87
284503,0.8319,0.1494,0.0187,87
249691,0.0936,0.2032,0.7032,87
428095,0.0110,0.0839,0.9051,87
529825,0.0660,0.1654,0.7686,87
51154,0.0022,0.0280,0.9698,87
176324,0.0036,0.0109,0.9855,87
512960,0.0127,0.0414,0.9459,87
29652,0.1245,0.2929,0.5825,87
220490,0.0099,0.0394,0.9507,87
70971,0.0021,0.0221,0.9758,87
421724,0.0163,0.0874,0.8963,87
193149,0.0037,0.0175,0.9789,87
254187,0.0079,0.1228,0.8693,87
330942,0.9423,0.0485,0.0092,87
543628,0.0444,0.2709,0.6847,87
338797,0.0085,0.0285,0.9630,87
408788,0.0091,0.0333,0.9576,87
528111,0.0289,0.0550,0.9161,87
566576,0.0491,0.1135,0.8374,87
35141,0.0044,0.0196,0.9760,87
178487,0.1392,0.7246,0.1362,87
440372,0.5268,0.4475,0.0257,87
185239,0.0075,0.0433,0.9492,87
312177,0.0036,0.0883,0.9081,87
48498,0.0052,0.0156,0.9792,87
313525,0.0059,0.0365,0.9576,87
228586,0.7336,0.2272,0.0392,87
503589,0.0402,0.3232,0.6366,88
216345,0.0053,0.0190,0.9757,88
324033,0.0150,0.0653,0.9197,88
413382,0.0038,0.0196,0.9766,88
81090,0.7796,0.2003,0.0202,88
564353,0.0121,0.0836,0.9043,88
426959,0.0405,0.2169,0.7425,88
183736,0.0027,0.0180,0.9793,88
464061,0.0064,0.0539,0.9397,88
44606,0.0037,0.0149,0.9813,88
301741,0.6354,0.2926,0.0719,88
331423,0.0052,0.0192,0.9756,88
339300,0.0109,0.0489,0.9402,88
447419,0.7546,0.2309,0.0145,88
40837,0.0056,0.0262,0.9681,88
303916,0.0039,0.0241,0.9719,88
482494,0.5576,0.2767,0.1657,88
79781,0.0145,0.0933,0.8922,88
542068,0.1259,0.1854,0.6886,88
273375,0.0098,0.0781,0.9121,88
472362,0.7233,0.2402,0.0365,88
379075,0.0056,0.0247,0.9697,88
63940,0.0136,0.1120,0.8744,88
330301,0.0066,0.0504,0.9431,88
347709,0.0296,0.0524,0.9180,88
63531,0.0148,0.0907,0.8945,88
54550,0.6635,0.2958,0.0406,88
433030,0.1171,0.1674,0.7156,88
487625,0.3714,0.4947,0.1339,88
498729,0.0035,0.0179,0.9785,88
28604,0.6708,0.3020,0.0271,88
267994,0.0037,0.0227,0.9735,88
563885,0.0028,0.0194,0.9777,88
427427,0.0076,0.0539,0.9385,88
177100,0.0052,0.0217,0.9731,88
90825,0.0668,0.1662,0.7670,88
181837,0.6457,0.2847,0.0696,88
88968,0.0076,0.0548,0.9376,88
180795,0.4502,0.4560,0.0938,88
123946,0.0076,0.0440,0.9485,88
559076,0.0033,0.0122,0.9845,88
457410,0.0060,0.0487,0.9454,88
438593,0.0088,0.0258,0.9654,88
356215,0.0071,0.0471,0.9457,88
6455,0.2045,0.3749,0.4206,88
280897,0.0037,0.0102,0.9861,88
2964,0.0027,0.0118,0.9854,88
249011,0.0155,0.1151,0.8695,88
114187,0.0170,0.1141,0.8689,89
8710,0.0082,0.0278,0.9641,89
446851,0.0182,0.0678,0.9140,89
106867,0.0107,0.0253,0.9640,89
372027,0.7470,0.2241,0.0289,89
409155,0.8311,0.1292,0.0396,89
296456,0.0120,0.0616,0.9265,89
115985,0.6006,0.2818,0.1176,89
272095,0.0787,0.2757,0.6456,89
206501,0.4071,0.5140,0.0790,89
445053,0.3237,0.4598,0.2165,89
443110,0.0162,0.0666,0.9172,89
200497,0.0148,0.0670,0.9181,89
112169,0.0050,0.0256,0.9694,89
431545,0.5219,0.3813,0.0968,89
500904,0.0119,0.0539,0.9343,89
432927,0.0040,0.0691,0.9269,89
325790,0.0093,0.0444,0.9463,89
519050,0.0054,0.0481,0.9464,89
124589,0.3628,0.4562,0.1810,89
247412,0.0091,0.0363,0.9546,89
248419,0.0076,0.0253,0.9671,89
200110,0.2455,0.3228,0.4316,89
258623,0.0085,0.0390,0.9525,89
561790,0.0044,0.0153,0.9803,89
528779,0.0041,0.0815,0.9144,89
101566,0.7710,0.1743,0.0547,89
206844,0.0039,0.0192,0.9769,89
9675,0.0416,0.1452,0.8131,89
357944,0.0040,0.0223,0.9737,89
161780,0.3387,0.3926,0.2688,89
79525,0.0049,0.1181,0.8771,89
20518,0.0045,0.0296,0.9659,89
368212,0.7933,0.1935,0.0132,89
400059,0.0317,0.2328,0.7355,89
221775,0.0447,0.1587,0.7966,89
230813,0.1767,0.4159,0.4074,89
400817,0.0925,0.5389,0.3686,89
15991,0.0077,0.0629,0.9295,89
67453,0.0067,0.0474,0.9459,89
365143,0.0057,0.0150,0.9793,89
150508,0.0025,0.0245,0.9730,89
327275,0.0143,0.0612,0.9245,89
130767,0.0023,0.0407,0.9570,89
145685,0.0193,0.1653,0.8154,89
419183,0.0050,0.0444,0.9507,89
284305,0.0525,0.2845,0.6630,89
372473,0.0085,0.0694,0.9221,89
514454,0.0100,0.0685,0.9215,89
67242,0.4271,0.3669,0.2060,89
92024,0.3916,0.4153,0.1931,89
40291,0.0037,0.0126,0.9837,89
548022,0.0034,0.0155,0.9812,89
525101,0.0761,0.2229,0.7010,89
3092,0.0041,0.0277,0.9682,90
90184,0.0061,0.0212,0.9727,90
430637,0.0065,0.3144,0.6790,90
2305,0.0038,0.0266,0.9696,90
289661,0.0392,0.2676,0.6932,90
283905,0.0038,0.0200,0.9762,90
181349,0.0262,0.0504,0.9234,90
427313,0.9263,0.0626,0.0112,90
42581,0.5537,0.3272,0.1191,90
178013,0.0257,0.0786,0.8957,90
92602,0.0090,0.0252,0.9658,90
29469,0.0090,0.1218,0.8692,90
169352,0.0102,0.1593,0.8305,90
84086,0.0029,0.0346,0.9625,90
56324,0.1829,0.2388,0.5783,90
399338,0.1358,0.4912,0.3730,90
49704,0.0025,0.0451,0.9524,90
476895,0.0274,0.1699,0.8027,90
20601,0.9351,0.0559,0.0090,90
552317,0.4228,0.5033,0.0739,90
377650,0.0033,0.0207,0.9760,90
54898,0.0055,0.0162,0.9783,90
220111,0.0085,0.0449,0.9466,90
479610,0.0671,0.2936,0.6393,90
510011,0.0063,0.0107,0.9830,90
30149,0.0046,0.0104,0.9850,90
97795,0.1328,0.2055,0.6617,90
187208,0.0120,0.1654,0.8226,90
98090,0.0043,0.0338,0.9619,90
534654,0.3012,0.6165,0.0823,90
165994,0.0226,0.0921,0.8852,90
10072,0.8598,0.1063,0.0339,90
155835,0.0036,0.0613,0.9350,90
479486,0.0063,0.0250,0.9687,90
543568,0.2339,0.4675,0.2986,90
270925,0.0042,0.0569,0.9389,90
475547,0.0146,0.0474,0.9380,90
52182,0.2969,0.4996,0.2035,90
543804,0.8561,0.1325,0.0114,90
344032,0.0035,0.0522,0.9442,90
24015,0.6097,0.2729,0.1173,90
269629,0.0147,0.1362,0.8490,90
114740,0.0054,0.0134,0.9812,90
113147,0.0189,0.1241,0.8570,90
14996,0.0040,0.0365,0.9595,90
52268,0.0869,0.5331,0.3800,90
471389,0.0046,0.0129,0.9825,90
567556,0.0030,0.0244,0.9726,90
387716,0.9079,0.0805,0.0116,90
469613,0.0115,0.1118,0.8768,90
257654,0.0059,0.0879,0.9062,90
532754,0.7910,0.1908,0.0182,90
503351,0.0328,0.1447,0.8225,90
209583,0.0934,0.2830,0.6236,90
550668,0.5695,0.3148,0.1156,90
138119,0.8030,0.1598,0.0372,90
272852,0.0049,0.0445,0.9506,90
214013,0.0104,0.0293,0.9603,90
211423,0.7264,0.2357,0.0379,90
81437,0.8602,0.1278,0.0120,90
74051,0.0286,0.1862,0.7852,90
36219,0.0052,0.0390,0.9558,90
86313,0.0067,0.0141,0.9792,90
310906,0.8873,0.1018,0.0109,90
459307,0.7173,0.1777,0.1050,90
426852,0.6595,0.2451,0.0953,90
346411,0.0157,0.0517,0.9326,90
236303,0.0243,0.1286,0.8472,90
539736,0.5379,0.2287,0.2335,90
5243,0.0087,0.0264,0.9649,90
484286,0.5208,0.3758,0.1035,90
239023,0.4942,0.4093,0.0965,90
539696,0.0071,0.0248,0.9680,90
24166,0.8978,0.0830,0.0192,91
417278,0.0080,0.1940,0.7980,91
58741,0.3645,0.4411,0.1944,91
70018,0.0184,0.0772,0.9044,91
231036,0.0290,0.1329,0.8381,91
221653,0.0037,0.0311,0.9652,91
166524,0.0044,0.0196,0.9760,91
435411,0.0048,0.0176,0.9777,91
565729,0.0039,0.0265,0.9696,91
7312,0.0098,0.0698,0.9203,91
531448,0.0037,0.0315,0.9648,91
73664,0.0118,0.0777,0.9106,91
8879,0.0056,0.0124,0.9820,91
291514,0.0165,0.1370,0.8465,91
48242,0.0061,0.0701,0.9238,91
150267,0.0042,0.0130,0.9829,91
554447,0.0066,0.0543,0.9391,91
164795,0.0227,0.0704,0.9069,91
101654,0.0075,0.0290,0.9635,91
43750,0.0067,0.0422,0.9512,91
185545,0.0071,0.0423,0.9507,91
127384,0.0241,0.0609,0.9150,91
479961,0.0398,0.2663,0.6940,91
552647,0.0131,0.1654,0.8214,91
137937,0.0044,0.0143,0.9813,91
410051,0.0051,0.0340,0.9609,91
442691,0.0151,0.1200,0.8649,91
35591,0.0023,0.0191,0.9785,91
47517,0.0091,0.0445,0.9465,91
212311,0.8478,0.1364,0.0158,91
330206,0.0043,0.0340,0.9616,91
260445,0.7303,0.2219,0.0478,91
353553,0.0332,0.2043,0.7625,91
564615,0.0181,0.1197,0.8622,91
279766,0.0780,0.1094,0.8126,91
43406,0.0069,0.0197,0.9734,91
517340,0.0968,0.2504,0.6528,91
102897,0.0399,0.0653,0.8948,91
409000,0.4680,0.3648,0.1672,91
37758,0.0060,0.0392,0.9548,91
184064,0.0138,0.0758,0.9104,91
237493,0.0096,0.0452,0.9453,91
410514,0.7823,0.1483,0.0693,91
317993,0.0047,0.0232,0.9721,91
359929,0.0054,0.3171,0.6775,91
121005,0.0125,0.0722,0.9153,91
26549,0.0090,0.0504,0.9406,91
239352,0.0288,0.1434,0.8279,91
518912,0.0074,0.0496,0.9430,91
546326,0.0069,0.0441,0.9489,91
546242,0.8881,0.0942,0.0177,91
201448,0.0055,0.0213,0.9732,91
439725,0.0083,0.1029,0.8887,91
431459,0.0053,0.0240,0.9707,91
57100,0.0140,0.0821,0.9039,91
246412,0.0137,0.0898,0.8965,91
466675,0.0140,0.1151,0.8709,91
525399,0.0040,0.0210,0.9750,92
249634,0.8221,0.1524,0.0255,92
255632,0.0126,0.1192,0.8682,92
259540,0.1101,0.2740,0.6159,92
238340,0.0214,0.0290,0.9495,92
387944,0.0205,0.0565,0.9230,92
459861,0.0083,0.0600,0.9317,92
461537,0.0037,0.2228,0.7734,92
372290,0.0388,0.0703,0.8909,92
313552,0.0262,0.1406,0.8332,92
544428,0.0358,0.1405,0.8237,92
52137,0.0266,0.1688,0.8046,92
233687,0.1480,0.2967,0.5553,92
113146,0.0053,0.0213,0.9734,92
393766,0.1276,0.2434,0.6290,92
310768,0.0069,0.0324,0.9607,92
262798,0.5944,0.2173,0.1883,92
265158,0.0142,0.0462,0.9396,92
19667,0.0139,0.0439,0.9422,92
333235,0.7325,0.2443,0.0231,92
108658,0.0138,0.1146,0.8716,92
269032,0.2587,0.4771,0.2642,92
334645,0.0055,0.0189,0.9756,92
71786,0.0068,0.0759,0.9173,92
255038,0.0630,0.2555,0.6815,92
307679,0.0030,0.0142,0.9828,92
72655,0.2272,0.2797,0.4931,92
218906,0.0075,0.0424,0.9501,92
447234,0.1670,0.3517,0.4813,92
273363,0.0075,0.0651,0.9273,92
213052,0.8882,0.1033,0.0085,92
212784,0.0037,0.0179,0.9784,92
76762,0.0048,0.0810,0.9142,92
209221,0.3240,0.2081,0.4678,92
273748,0.0165,0.0442,0.9393,92
275124,0.0050,0.0574,0.9375,92
412667,0.0032,0.0868,0.9100,92
411287,0.0136,0.0894,0.8970,92
102139,0.0283,0.0678,0.9039,92
522978,0.0205,0.0475,0.9320,92
341036,0.0207,0.0392,0.9401,92
415004,0.0040,0.1419,0.8541,92
201842,0.5868,0.3583,0.0549,92
278434,0.0073,0.0464,0.9463,92
200767,0.0918,0.2302,0.6780,92
278966,0.8580,0.1341,0.0080,92
81277,0.0075,0.0613,0.9312,92
438945,0.0037,0.0206,0.9757,92
416755,0.4046,0.3538,0.2416,92
166803,0.2297,0.5130,0.2573,92
85769,0.0043,0.0209,0.9748,92
352152,0.0068,0.0240,0.9692,92
351209,0.8197,0.1422,0.0382,92
182044,0.0080,0.0548,0.9371,92
319405,0.9151,0.0778,0.0071,92
15735,0.0042,0.0422,0.9536,92
284655,0.0411,0.4014,0.5575,92
427511,0.0076,0.3182,0.6742,92
23578,0.0183,0.0551,0.9267,92
467418,0.0035,0.0441,0.9523,92
252000,0.0694,0.1113,0.8193,93
40670,0.1021,0.4146,0.4833,93
134627,0.1988,0.2941,0.5071,93
40165,0.0078,0.0683,0.9239,93
346810,0.2182,0.2582,0.5236,93
409599,0.7374,0.2338,0.0288,93
410415,0.6068,0.2710,0.1222,93
207752,0.0200,0.1173,0.8627,93
9635,0.0249,0.1116,0.8635,93
405949,0.1915,0.3344,0.4741,93
511938,0.0117,0.0594,0.9289,93
85982,0.0636,0.1959,0.7404,93
344186,0.0046,0.0196,0.9758,93
136281,0.0119,0.0272,0.9609,93
333145,0.0726,0.1170,0.8104,93
107419,0.0134,0.0638,0.9228,93
266848,0.0104,0.1828,0.8068,93
159164,0.0045,0.0289,0.9666,93
185807,0.0030,0.0280,0.9690,93
266103,0.0041,0.0205,0.9754,93
185089,0.7621,0.2233,0.0145,93
309376,0.1686,0.2868,0.5446,93
309536,0.0040,0.0128,0.9833,93
17248,0.0096,0.0395,0.9509,93
101664,0.0205,0.0618,0.9178,93
270737,0.1714,0.3759,0.4527,93
343643,0.0037,0.0335,0.9627,93
60808,0.0143,0.0451,0.9405,93
312481,0.0047,0.0663,0.9290,93
447352,0.8680,0.1203,0.0117,93
395407,0.1376,0.3808,0.4816,93
305088,0.0205,0.0785,0.9010,93
278914,0.0086,0.0348,0.9566,93
220987,0.0074,0.0279,0.9647,93
119700,0.7956,0.1770,0.0274,93
222371,0.0049,0.0177,0.9774,93
436420,0.8738,0.1174,0.0088,93
77163,0.5056,0.3938,0.1006,93
175445,0.0825,0.3166,0.6009,93
474528,0.0057,0.0201,0.9742,93
299269,0.5072,0.3429,0.1499,93
149051,0.0025,0.0169,0.9806,93
194986,0.0036,0.0156,0.9808,93
114275,0.7504,0.2218,0.0278,93
544794,0.7894,0.1915,0.0190,93
568289,0.0062,0.0267,0.9671,93
325652,0.0126,0.0424,0.9450,93
76844,0.8984,0.0905,0.0110,93
510230,0.0035,0.0542,0.9423,94
460062,0.0038,0.0378,0.9584,94
12416,0.0025,0.0109,0.9866,94
166019,0.5826,0.2338,0.1836,94
249284,0.0173,0.0563,0.9264,94
408239,0.8997,0.0885,0.0119,94
222017,0.1214,0.2168,0.6618,94
49959,0.0386,0.0807,0.8807,94
245770,0.5632,0.3753,0.0615,94
331667,0.0102,0.0569,0.9329,94
517106,0.0041,0.0234,0.9725,94
68871,0.0166,0.0760,0.9074,94
102211,0.2618,0.5567,0.1815,94
257209,0.5690,0.3327,0.0982,94
39702,0.0300,0.1743,0.7956,94
180636,0.9459,0.0471,0.0070,94
366085,0.0037,0.0484,0.9478,94
293733,0.0693,0.3039,0.6269,94
523547,0.0038,0.0128,0.9834,94
190299,0.0637,0.2050,0.7312,94
152934,0.0035,0.0133,0.9831,94
150023,0.0057,0.0446,0.9497,94
420701,0.2674,0.4942,0.2384,94
301957,0.7545,0.1939,0.0517,94
528248,0.8368,0.1475,0.0157,94
199185,0.6007,0.2474,0.1519,94
337733,0.0052,0.0215,0.9733,94
526385,0.0170,0.1454,0.8376,94
199615,0.0060,0.0193,0.9747,94
239004,0.0792,0.2484,0.6724,94
234093,0.0488,0.2223,0.7289,94
560263,0.0169,0.1344,0.8487,94
169437,0.0749,0.8703,0.0548,94
175681,0.0088,0.0299,0.9613,94
4970,0.0027,0.0208,0.9766,94
173416,0.0054,0.0164,0.9782,94
254590,0.0387,0.2130,0.7483,95
75503,0.0065,0.0178,0.9757,95
8990,0.1381,0.6129,0.2490,95
505756,0.0032,0.0536,0.9432,95
114323,0.0077,0.0358,0.9565,95
396564,0.0150,0.0391,0.9459,95
472444,0.0063,0.0284,0.9653,95
358545,0.0033,0.0189,0.9778,95
191023,0.0036,0.0109,0.9855,95
354318,0.8174,0.1566,0.0260,95
524052,0.0154,0.0474,0.9372,95
398517,0.0216,0.1372,0.8412,95
512521,0.0079,0.0299,0.9622,95
14387,0.0802,0.2651,0.6547,95
63593,0.0057,0.1793,0.8150,95
390217,0.0095,0.0321,0.9584,95
485029,0.1903,0.2040,0.6058,95
482651,0.8861,0.0969,0.0170,95
155277,0.0120,0.1585,0.8295,95
482482,0.0041,0.0146,0.9813,95
104050,0.0039,0.0333,0.9629,95
205526,0.1478,0.3018,0.5505,95
262168,0.8031,0.1686,0.0283,95
426602,0.6153,0.3286,0.0561,95
47762,0.0283,0.0373,0.9345,95
47708,0.0040,0.0111,0.9848,95
556031,0.2075,0.4896,0.3029,95
16292,0.0036,0.0225,0.9740,95
44723,0.0042,0.0388,0.9569,95
214346,0.0068,0.0474,0.9458,95
208560,0.0238,0.1179,0.8582,95
11348,0.0093,0.0388,0.9519,95
248611,0.1800,0.4457,0.3743,95
350521,0.0033,0.0132,0.9835,95
73891,0.9005,0.0855,0.0140,95
83233,0.0051,0.0551,0.9398,95
559902,0.0880,0.6716,0.2404,95
133472,0.0844,0.1443,0.7713,95
39635,0.0066,0.0377,0.9556,95
323594,0.0049,0.0552,0.9399,95
166809,0.8107,0.1458,0.0436,95
2335,0.4277,0.5135,0.0588,95
80568,0.0028,0.0280,0.9692,95
317570,0.0146,0.0804,0.9050,95
170160,0.4645,0.3499,0.1856,95
76923,0.0028,0.0176,0.9796,95
360064,0.0103,0.0999,0.8898,95
528318,0.1957,0.3675,0.4367,95
523595,0.0053,0.0681,0.9266,95
450499,0.0032,0.2862,0.7106,95
434741,0.0379,0.4921,0.4700,96
77077,0.0089,0.0510,0.9401,96
3624,0.1825,0.6051,0.2124,96
4907,0.0270,0.2061,0.7668,96
117751,0.0404,0.1091,0.8505,96
535242,0.0372,0.3180,0.6448,96
438730,0.0067,0.0416,0.9517,96
80776,0.0273,0.2340,0.7386,96
166991,0.0073,0.0281,0.9646,96
559017,0.9089,0.0794,0.0117,96
123697,0.0240,0.2979,0.6781,96
415225,0.0114,0.0374,0.9513,96
200180,0.0065,0.0215,0.9720,96
469980,0.0091,0.0313,0.9597,96
221677,0.0053,0.0330,0.9617,96
221606,0.4432,0.4233,0.1335,96
364284,0.0062,0.0408,0.9530,96
236519,0.0062,0.0352,0.9586,96
295175,0.0305,0.0848,0.8847,96
526811,0.2393,0.4191,0.3416,96
364160,0.0047,0.0408,0.9544,96
156396,0.0164,0.0749,0.9087,96
156870,0.0288,0.0882,0.8830,96
479573,0.0078,0.0238,0.9684,96
366377,0.0249,0.1576,0.8175,96
234331,0.0301,0.0828,0.8872,96
90774,0.4218,0.3889,0.1894,96
556082,0.5578,0.3228,0.1193,96
160750,0.0236,0.1379,0.8385,96
343936,0.0280,0.1700,0.8020,96
284265,0.1314,0.6899,0.1788,96
260280,0.0045,0.0116,0.9839,96
13139,0.2214,0.1142,0.6643,96
436864,0.5376,0.3347,0.1277,96
431807,0.0217,0.0667,0.9117,96
182215,0.0133,0.0806,0.9061,96
132960,0.0119,0.1016,0.8865,96
197727,0.0182,0.0387,0.9431,96
204143,0.0061,0.0218,0.9721,96
223417,0.8918,0.0951,0.0131,96
339450,0.3559,0.4257,0.2183,96
24812,0.5607,0.3735,0.0658,96
328542,0.0039,0.0490,0.9471,97
539873,0.0071,0.1282,0.8648,97
72750,0.0073,0.0551,0.9376,97
41252,0.4469,0.2783,0.2748,97
317192,0.6981,0.2272,0.0748,97
247604,0.0113,0.0214,0.9674,97
428165,0.0062,0.0210,0.9728,97
249324,0.0249,0.0950,0.8802,97
493991,0.7238,0.2314,0.0448,97
383364,0.0038,0.0167,0.9795,97
382075,0.0048,0.0233,0.9719,97
85664,0.9445,0.0493,0.0062,97
284449,0.0219,0.1295,0.8487,97
248439,0.0075,0.0328,0.9597,97
39505,0.0300,0.1209,0.8491,97
181997,0.7914,0.1533,0.0553,97
188273,0.0034,0.0302,0.9664,97
482671,0.0056,0.0187,0.9758,97
425352,0.0034,0.0282,0.9683,97
411939,0.0560,0.3330,0.6110,97
543052,0.5429,0.2993,0.1578,97
202886,0.0061,0.0553,0.9386,97
65705,0.0049,0.0323,0.9629,97
262761,0.4438,0.4870,0.0693,97
94375,0.0075,0.0439,0.9486,97
385544,0.0090,0.0970,0.8940,97
219421,0.6616,0.2778,0.0606,97
217167,0.0411,0.0907,0.8682,97
140132,0.0153,0.1133,0.8714,97
152095,0.0026,0.0235,0.9739,97
354906,0.1719,0.3749,0.4532,97
455106,0.3736,0.4182,0.2082,97
400211,0.0078,0.0363,0.9559,97
417758,0.0035,0.0148,0.9817,97
23730,0.0093,0.0446,0.9461,97
114096,0.3318,0.3563,0.3119,97
337758,0.1757,0.2177,0.6066,97
123411,0.3649,0.4801,0.1550,97
48201,0.0069,0.1131,0.8800,97
156127,0.0108,0.0241,0.9651,97
21057,0.0029,0.0355,0.9616,97
281870,0.3106,0.3296,0.3598,97
7894,0.0194,0.0882,0.8923,97
377423,0.0053,0.0349,0.9598,97
253751,0.0120,0.4674,0.5205,97
1840,0.0614,0.2212,0.7173,97
174181,0.0090,0.0653,0.9257,97
172491,0.8262,0.1558,0.0179,98
435298,0.4360,0.3034,0.2606,98
120342,0.8687,0.1183,0.0129,98
53169,0.0050,0.0239,0.9711,98
146002,0.0322,0.0784,0.8894,98
452026,0.0452,0.1183,0.8365,98
150642,0.1805,0.2021,0.6174,98
270926,0.0037,0.0234,0.9728,98
339083,0.5016,0.4445,0.0539,98
272838,0.0055,0.0195,0.9750,98
110871,0.0111,0.0459,0.9431,98
299142,0.0376,0.1220,0.8404,98
147622,0.0239,0.0787,0.8974,98
147981,0.3239,0.3583,0.3179,98
298666,0.1066,0.1219,0.7714,98
358519,0.0070,0.0588,0.9342,98
154414,0.0341,0.1361,0.8298,98
553757,0.0079,0.0505,0.9416,98
138009,0.0719,0.2169,0.7112,98
367297,0.0235,0.4017,0.5748,98
308402,0.0065,0.0495,0.9440,98
212457,0.9372,0.0546,0.0082,98
126233,0.0686,0.2140,0.7174,98
367903,0.1177,0.4716,0.4108,98
479398,0.4603,0.3800,0.1597,98
520701,0.0032,0.0206,0.9762,98
229819,0.0103,0.0275,0.9622,98
189408,0.0275,0.0887,0.8838,98
365001,0.0798,0.6711,0.2491,98
513166,0.0061,0.0161,0.9778,98
242172,0.0063,0.0432,0.9505,98
241344,0.6147,0.3602,0.0251,98
214177,0.0025,0.0103,0.9871,98
70586,0.0444,0.1261,0.8295,98
258864,0.0054,0.0153,0.9793,98
314706,0.8914,0.0975,0.0111,98
287697,0.0063,0.0483,0.9454,98
73343,0.8912,0.1016,0.0071,98
205780,0.0666,0.6584,0.2749,98
80607,0.0085,0.0815,0.9101,98
130022,0.2566,0.3074,0.4360,98
349669,0.0060,0.0183,0.9757,98
427362,0.7849,0.2017,0.0133,98
162597,0.0180,0.0831,0.8989,98
91389,0.1539,0.3764,0.4696,98
9809,0.7170,0.1640,0.1190,98
80523,0.8011,0.1767,0.0222,98
500976,0.0099,0.0351,0.9550,98
544392,0.7444,0.2142,0.0414,99
201337,0.0282,0.1210,0.8509,99
280128,0.1208,0.4411,0.4381,99
59739,0.7450,0.2284,0.0266,99
476926,0.0170,0.0608,0.9222,99
223094,0.0039,0.0635,0.9326,99
172541,0.0279,0.2080,0.7641,99
75487,0.0263,0.1890,0.7847,99
1192,0.1056,0.3279,0.5665,99
506294,0.0040,0.0230,0.9730,99
169322,0.0041,0.0335,0.9624,99
530072,0.0045,0.0412,0.9543,99
340567,0.6697,0.2746,0.0557,99
296663,0.0817,0.1279,0.7904,99
294184,0.0419,0.1343,0.8238,99
145679,0.0040,0.0202,0.9757,99
138246,0.0030,0.0162,0.9808,99
33755,0.0345,0.3650,0.6005,99
16385,0.4566,0.3975,0.1459,99
65051,0.1933,0.5514,0.2553,99
555537,0.1897,0.5525,0.2578,99
485845,0.0074,0.0268,0.9658,99
517283,0.0019,0.0122,0.9859,99
186485,0.0041,0.0238,0.9721,99
158418,0.0030,0.0139,0.9831,99
48331,0.2972,0.2638,0.4390,99
48244,0.0564,0.0860,0.8577,99
343631,0.0199,0.1073,0.8727,99
139410,0.0590,0.2446,0.6964,99
139405,0.0041,0.0825,0.9134,99
455920,0.0062,0.0399,0.9539,99
530820,0.0031,0.0564,0.9406,99
143677,0.0045,0.0145,0.9810,99
190427,0.3113,0.3156,0.3731,99
342827,0.0034,0.0391,0.9574,99
246167,0.0211,0.1321,0.8468,99
69825,0.0038,0.0900,0.9062,99
138560,0.0315,0.1091,0.8594,99
181476,0.0045,0.0509,0.9446,99
182260,0.0189,0.2729,0.7083,99
214175,0.0205,0.0318,0.9478,99
373337,0.7283,0.1916,0.0800,99
131232,0.9024,0.0899,0.0077,99
374835,0.0137,0.0650,0.9213,99
84665,0.1111,0.3843,0.5046,99
316716,0.0071,0.0822,0.9108,99
241704,0.1878,0.5349,0.2773,99
161588,0.5561,0.2669,0.1770,99
81650,0.0045,0.0246,0.9709,99
538071,0.0314,0.2320,0.7366,99
74612,0.0066,0.0696,0.9239,99
170220,0.0173,0.0753,0.9074,99
167796,0.1038,0.5351,0.3610,99
351474,0.0121,0.0639,0.9241,100
406360,0.0057,0.0190,0.9752,100
375847,0.0057,0.0301,0.9642,100
327787,0.7168,0.2193,0.0639,100
318392,0.0782,0.2865,0.6353,100
325817,0.0540,0.2222,0.7238,100
289667,0.0060,0.0330,0.9610,100
36794,0.7482,0.2180,0.0338,100
532866,0.0075,0.0665,0.9260,100
205131,0.1652,0.6826,0.1522,100
384467,0.1009,0.2194,0.6798,100
66162,0.0120,0.1162,0.8718,100
78261,0.0170,0.0322,0.9507,100
266414,0.8739,0.1172,0.0089,100
381607,0.0059,0.0188,0.9753,100
67334,0.8896,0.0955,0.0149,100
64252,0.7600,0.1878,0.0522,100
367295,0.0451,0.3039,0.6510,100
53473,0.0064,0.0542,0.9394,100
223450,0.3732,0.2629,0.3639,100
399994,0.0078,0.0252,0.9670,100
163416,0.0659,0.2997,0.6344,100
495629,0.0082,0.0661,0.9257,100
86267,0.0559,0.2158,0.7283,100
545574,0.0026,0.0301,0.9673,100
302380,0.0053,0.0192,0.9755,100
392762,0.0837,0.5833,0.3331,100
480360,0.0052,0.0199,0.9750,100
280650,0.0503,0.1517,0.7980,100
201554,0.0097,0.0464,0.9440,100
456406,0.0318,0.2222,0.7460,100
516743,0.0443,0.2150,0.7406,100
445369,0.3286,0.4327,0.2386,100
151238,0.3324,0.5614,0.1062,100
58432,0.6149,0.2810,0.1041,100
194023,0.1105,0.3098,0.5797,100
547157,0.0310,0.0709,0.8982,100
460890,0.0264,0.0849,0.8887,100
8290,0.7413,0.1887,0.0700,100
208642,0.7666,0.1787,0.0546,100
463147,0.6231,0.3545,0.0223,100
320433,0.0206,0.0947,0.8847,100
472960,0.0524,0.1709,0.7767,100
451388,0.0063,0.0740,0.9197,100
397275,0.0040,0.0251,0.9710,100
184186,0.0055,0.0325,0.9620,101
353627,0.0143,0.0416,0.9441,101
518760,0.0730,0.3958,0.5312,101
532416,0.0084,0.0388,0.9528,101
515999,0.0117,0.0359,0.9525,101
289449,0.0040,0.0193,0.9767,101
66260,0.0028,0.0462,0.9510,101
557459,0.0051,0.0173,0.9776,101
33202,0.0099,0.1023,0.8878,101
45851,0.0062,0.0322,0.9616,101
457277,0.5920,0.3306,0.0774,101
15989,0.5631,0.2931,0.1439,101
161141,0.7360,0.2166,0.0474,101
517151,0.7210,0.2188,0.0603,101
281418,0.0042,0.0218,0.9740,101
55104,0.7250,0.2192,0.0558,101
364154,0.0189,0.0894,0.8917,101
237719,0.0141,0.3191,0.6669,101
32184,0.8442,0.1457,0.0101,101
249122,0.0034,0.0130,0.9837,101
476098,0.0236,0.0585,0.9180,101
272654,0.1987,0.2667,0.5346,101
383116,0.0041,0.0211,0.9748,101
25283,0.0077,0.0711,0.9212,101
334200,0.0050,0.0209,0.9741,101
108509,0.0566,0.2889,0.6545,101
373443,0.8269,0.1510,0.0221,101
372397,0.0487,0.1817,0.7696,101
69982,0.0083,0.2214,0.7704,101
53333,0.0308,0.0950,0.8742,101
146095,0.0064,0.0278,0.9658,101
401666,0.0080,0.0637,0.9283,101
29504,0.0631,0.1598,0.7770,101
201832,0.1777,0.2545,0.5678,101
554186,0.6995,0.2700,0.0305,101
401084,0.0086,0.0694,0.9220,101
469971,0.0829,0.3047,0.6125,101
361545,0.0125,0.0521,0.9354,101
547941,0.1277,0.1222,0.7502,101
224094,0.0054,0.0155,0.9790,101
256561,0.1210,0.2841,0.5949,101
204702,0.0748,0.2426,0.6826,101
461472,0.0401,0.1198,0.8401,101
489956,0.5141,0.3926,0.0933,101
251783,0.0050,0.0412,0.9538,101
17665,0.1682,0.5735,0.2583,101
5207,0.3162,0.2616,0.4222,101
561682,0.8039,0.1812,0.0150,101
501759,0.0065,0.0455,0.9480,101
167789,0.1107,0.2927,0.5965,101
134513,0.0624,0.8442,0.0935,101
108356,0.2614,0.3558,0.3828,101
71977,0.0815,0.4990,0.4195,101
209072,0.2189,0.4436,0.3376,101
135213,0.9089,0.0802,0.0109,101
457668,0.0331,0.2424,0.7245,102
457195,0.8257,0.1601,0.0142,102
240104,0.0639,0.5449,0.3912,102
517174,0.0232,0.0944,0.8824,102
512549,0.0026,0.0200,0.9774,102
544298,0.0050,0.1757,0.8193,102
204363,0.4433,0.3997,0.1569,102
343069,0.0071,0.0313,0.9616,102
530848,0.0147,0.1000,0.8853,102
354308,0.0110,0.2132,0.7758,102
48720,0.0088,0.0537,0.9375,102
90776,0.4910,0.2559,0.2531,102
520242,0.1325,0.3054,0.5621,102
63163,0.0034,0.0232,0.9734,102
437273,0.0185,0.2345,0.7470,102
206393,0.0113,0.0220,0.9667,102
38764,0.0038,0.0201,0.9760,102
538898,0.6939,0.2649,0.0412,102
220411,0.0037,0.0354,0.9608,102
499364,0.0061,0.0484,0.9455,102
437973,0.0093,0.0448,0.9459,102
560424,0.0068,0.0219,0.9713,102
367992,0.0042,0.0117,0.9841,102
490348,0.0028,0.0146,0.9826,102
403808,0.0254,0.2248,0.7498,102
127345,0.0076,0.0594,0.9330,102
47091,0.7022,0.2354,0.0625,102
369967,0.0242,0.5336,0.4422,102
109491,0.0351,0.0980,0.8669,102
301665,0.0063,0.0283,0.9653,102
85213,0.0104,0.0378,0.9518,102
498570,0.0027,0.0147,0.9826,102
330103,0.0788,0.3002,0.6210,102
439510,0.5630,0.3562,0.0808,102
298296,0.0189,0.1725,0.8086,102
551424,0.0056,0.0409,0.9535,102
119583,0.0108,0.0507,0.9385,102
104305,0.0270,0.1219,0.8512,102
399894,0.0191,0.0764,0.9045,102
279345,0.0085,0.0928,0.8987,102
246145,0.0119,0.0532,0.9349,102
53416,0.0040,0.0129,0.9831,102
152126,0.3266,0.4037,0.2697,102
109276,0.5119,0.4548,0.0334,102
296686,0.0202,0.1093,0.8704,102
49126,0.0077,0.0409,0.9514,102
397954,0.0316,0.2299,0.7385,102
274568,0.0086,0.0364,0.9550,102
176862,0.0093,0.0259,0.9648,102
149091,0.6512,0.2754,0.0735,102
285934,0.5339,0.2752,0.1908,102
506158,0.0382,0.2763,0.6855,103
76107,0.0418,0.2385,0.7196,103
287886,0.0091,0.0505,0.9405,103
437515,0.0680,0.5388,0.3932,103
407312,0.9420,0.0514,0.0067,103
524291,0.1455,0.2130,0.6415,103
5798,0.8105,0.1715,0.0180,103
174622,0.0042,0.0172,0.9787,103
339525,0.9111,0.0799,0.0090,103
337076,0.0039,0.0400,0.9561,103
194291,0.0098,0.0287,0.9615,103
11538,0.0089,0.0529,0.9382,103
374019,0.0057,0.0152,0.9791,103
525844,0.1233,0.3492,0.5275,103
331231,0.0063,0.0460,0.9477,103
101880,0.0037,0.0249,0.9714,103
518594,0.0503,0.1044,0.8453,103
31411,0.8311,0.1520,0.0169,103
125188,0.0062,0.0320,0.9619,103
83922,0.0164,0.0523,0.9313,103
281772,0.6733,0.3042,0.0224,103
402639,0.0080,0.0278,0.9642,103
315347,0.0778,0.3101,0.6121,103
279449,0.0343,0.5965,0.3692,103
52242,0.0042,0.0467,0.9492,103
158185,0.0066,0.1004,0.8930,103
60396,0.0172,0.2628,0.7200,103
117337,0.0067,0.1214,0.8719,103
229984,0.0084,0.0501,0.9414,103
223518,0.5250,0.3576,0.1174,103
551235,0.7054,0.2442,0.0503,103
177789,0.0090,0.0527,0.9383,103
311645,0.0105,0.0423,0.9472,103
459552,0.0116,0.1266,0.8618,103
284947,0.0055,0.0163,0.9782,103
162788,0.1405,0.5769,0.2826,103
167014,0.8525,0.1293,0.0182,103
247203,0.0080,0.0501,0.9419,103
374985,0.1041,0.2910,0.6050,103
1544,0.7067,0.2556,0.0377,103
148534,0.0078,0.0669,0.9253,104
86286,0.0117,0.1006,0.8877,104
415915,0.0140,0.1418,0.8443,104
153725,0.0047,0.0135,0.9818,104
511750,0.0066,0.0332,0.9603,104
527145,0.0089,0.1057,0.8854,104
492736,0.0160,0.0557,0.9284,104
537624,0.4282,0.4897,0.0821,104
478005,0.0082,0.0520,0.9398,104
7468,0.8920,0.0910,0.0170,104
525114,0.4667,0.4125,0.1209,104
476724,0.0162,0.0910,0.8927,104
180403,0.0054,0.0236,0.9710,104
109501,0.3887,0.3460,0.2653,104
273488,0.8451,0.1424,0.0124,104
183746,0.0042,0.0122,0.9836,104
555467,0.0084,0.0291,0.9625,104
441652,0.0073,0.0274,0.9653,104
426940,0.0070,0.0709,0.9221,104
482533,0.1626,0.3815,0.4560,104
154436,0.2159,0.3557,0.4283,104
145553,0.0435,0.0757,0.8808,104
246501,0.0037,0.0119,0.9843,104
461745,0.2291,0.3456,0.4253,104
390459,0.0163,0.1283,0.8554,104
291694,0.2474,0.3604,0.3922,104
15086,0.1024,0.2360,0.6616,104
54102,0.9127,0.0765,0.0108,104
437216,0.1923,0.2233,0.5844,104
489827,0.0036,0.0136,0.9828,104
246564,0.0767,0.6189,0.3044,104
272774,0.6615,0.2781,0.0604,104
115345,0.0042,0.0334,0.9624,104
110724,0.6215,0.2561,0.1224,104
192949,0.0071,0.0485,0.9445,104
274194,0.0046,0.0207,0.9748,104
4094,0.0041,0.0500,0.9459,104
507008,0.0638,0.1466,0.7896,104
378996,0.0056,0.0648,0.9297,104
14001,0.0096,0.2296,0.7608,104
406798,0.8417,0.1418,0.0164,104
265148,0.0048,0.0789,0.9164,104
14002,0.0229,0.2740,0.7031,104
311777,0.0111,0.2681,0.7207,104
561937,0.8918,0.0984,0.0098,104
285066,0.0095,0.0471,0.9433,104
505590,0.0028,0.0126,0.9847,104
183114,0.0110,0.0658,0.9232,105
470835,0.0208,0.2270,0.7522,105
400853,0.5309,0.4324,0.0367,105
278085,0.0109,0.0287,0.9605,105
357085,0.0509,0.1655,0.7835,105
17054,0.0044,0.0203,0.9753,105
17669,0.0041,0.0134,0.9826,105
469715,0.0040,0.0208,0.9753,105
238843,0.0071,0.0787,0.9142,105
340434,0.0476,0.1429,0.8095,105
28040,0.5852,0.2939,0.1209,105
106465,0.0023,0.0191,0.9786,105
99884,0.0094,0.1569,0.8337,105
346857,0.0034,0.0199,0.9767,105
66627,0.0430,0.1964,0.7605,105
539825,0.0116,0.0482,0.9402,105
161593,0.0042,0.0151,0.9807,105
460451,0.0102,0.0294,0.9603,105
430747,0.0183,0.0779,0.9038,105
46041,0.0227,0.1254,0.8520,105
533649,0.0417,0.1735,0.7848,105
404633,0.0596,0.0748,0.8656,105
360582,0.3163,0.5325,0.1512,105
21877,0.0107,0.0967,0.8927,105
29681,0.0039,0.0243,0.9718,105
114444,0.3368,0.4546,0.2085,105
433192,0.0379,0.3129,0.6492,105
474923,0.0077,0.0305,0.9618,105
397950,0.0119,0.1648,0.8233,105
253710,0.0239,0.2516,0.7244,105
377420,0.0036,0.0280,0.9684,105
406697,0.0053,0.0623,0.9324,105
39621,0.0107,0.0318,0.9574,105
321556,0.0442,0.2033,0.7524,105
249183,0.0040,0.0220,0.9740,105
165477,0.0213,0.4016,0.5771,105
196093,0.0086,0.0333,0.9581,105
166048,0.6876,0.2129,0.0996,105
398966,0.0446,0.1310,0.8244,105
297733,0.2034,0.4804,0.3162,105
146570,0.2414,0.4124,0.3462,105
63738,0.6974,0.2768,0.0257,105
251058,0.5160,0.3479,0.1362,106
79591,0.0054,0.0459,0.9487,106
502133,0.7267,0.2242,0.0491,106
331162,0.2490,0.5815,0.1695,106
514627,0.8304,0.1547,0.0149,106
442578,0.0125,0.0439,0.9436,106
64330,0.0136,0.0384,0.9480,106
554663,0.5701,0.2572,0.1727,106
466772,0.5894,0.3090,0.1016,106
31907,0.0606,0.1810,0.7584,106
19483,0.0071,0.0475,0.9454,106
237590,0.0054,0.0695,0.9251,106
101385,0.0037,0.0212,0.9751,106
493533,0.0082,0.0538,0.9380,106
68514,0.0927,0.1953,0.7120,106
57670,0.0027,0.0182,0.9791,106
549939,0.0518,0.2910,0.6573,106
21764,0.0099,0.0676,0.9225,106
525809,0.0273,0.0506,0.9221,106
176974,0.0093,0.1073,0.8834,106
504224,0.0156,0.0551,0.9293,106
433193,0.0183,0.1260,0.8558,106
524875,0.0164,0.1132,0.8704,106
194963,0.4608,0.5095,0.0297,106
360009,0.0036,0.0347,0.9618,106
10782,0.0602,0.1191,0.8206,106
315995,0.0257,0.2532,0.7211,106
165709,0.0066,0.0267,0.9667,106
142846,0.0118,0.0755,0.9127,106
83610,0.0129,0.1386,0.8484,106
516946,0.1645,0.6731,0.1624,106
1980,0.4568,0.3864,0.1568,106
285008,0.0041,0.0343,0.9616,106
137761,0.0065,0.0225,0.9711,106
35383,0.8042,0.1600,0.0358,106
64858,0.1903,0.4227,0.3869,106
410474,0.6892,0.2858,0.0251,106
491554,0.0039,0.0167,0.9793,106
95247,0.0038,0.0199,0.9763,106
429669,0.7363,0.2299,0.0339,106
72987,0.7110,0.2290,0.0600,106
168544,0.0074,0.0620,0.9306,106
8465,0.0339,0.1424,0.8237,107
562954,0.3120,0.4776,0.2105,107
169018,0.4088,0.3309,0.2603,107
519022,0.1821,0.4522,0.3657,107
16750,0.0077,0.1160,0.8763,107
368265,0.0773,0.3649,0.5578,107
266400,0.0464,0.2550,0.6986,107
241260,0.0809,0.3762,0.5429,107
187873,0.8361,0.1384,0.0254,107
423023,0.0069,0.0360,0.9570,107
21543,0.7593,0.2224,0.0183,107
424467,0.0115,0.0944,0.8941,107
391011,0.0065,0.0941,0.8994,107
90814,0.6475,0.3131,0.0394,107
12973,0.7880,0.1597,0.0522,107
558192,0.0672,0.1854,0.7474,107
551465,0.0195,0.3200,0.6605,107
18023,0.0661,0.1816,0.7523,107
471695,0.0036,0.0158,0.9806,107
122641,0.0054,0.0284,0.9662,107
142873,0.5645,0.3572,0.0783,107
140516,0.4244,0.3811,0.1945,107
113163,0.0221,0.1199,0.8580,107
224182,0.5854,0.2964,0.1181,107
227474,0.5974,0.3043,0.0984,107
548326,0.0387,0.1961,0.7652,107
273826,0.8874,0.1012,0.0114,107
300275,0.0041,0.0239,0.9720,107
231056,0.0064,0.0319,0.9618,107
395989,0.4170,0.2939,0.2891,107
151150,0.3491,0.5351,0.1158,107
164930,0.0030,0.0182,0.9788,107
48907,0.0516,0.2426,0.7058,107
472868,0.0876,0.1772,0.7352,107
274973,0.0040,0.0201,0.9759,107
289430,0.0665,0.1976,0.7359,107
210792,0.5702,0.3416,0.0883,107
256538,0.8536,0.1317,0.0147,107
40069,0.2103,0.5930,0.1966,107
128637,0.0041,0.0130,0.9828,107
43856,0.7398,0.2010,0.0592,107
458422,0.8670,0.1200,0.0129,107
461390,0.2178,0.2434,0.5387,107
530137,0.0374,0.3074,0.6552,107
346437,0.0043,0.0278,0.9679,107
465435,0.0068,0.0570,0.9362,107
125307,0.0036,0.0200,0.9765,107
19612,0.8834,0.1099,0.0067,108
422382,0.0032,0.0122,0.9845,108
449854,0.3006,0.4096,0.2897,108
525820,0.9350,0.0564,0.0087,108
89953,0.2904,0.5477,0.1618,108
104719,0.0036,0.0296,0.9668,108
13270,0.8128,0.1661,0.0211,108
444396,0.0149,0.0829,0.9022,108
270378,0.7792,0.1901,0.0308,108
431296,0.0038,0.0169,0.9792,108
92769,0.0287,0.5590,0.4123,108
458922,0.8446,0.1431,0.0123,108
75742,0.0529,0.1935,0.7536,108
441874,0.7502,0.1758,0.0740,108
93183,0.0161,0.0555,0.9284,108
187174,0.0287,0.1277,0.8436,108
155381,0.0063,0.1029,0.8909,108
123312,0.0289,0.1615,0.8096,108
122924,0.0072,0.3059,0.6869,108
356150,0.0059,0.0893,0.9048,108
52335,0.8005,0.1852,0.0143,108
560388,0.0062,0.0387,0.9551,108
498761,0.0044,0.0515,0.9441,108
179781,0.0036,0.0278,0.9686,108
178673,0.0200,0.0718,0.9083,108
526104,0.0211,0.0433,0.9356,108
194203,0.0051,0.2864,0.7084,108
259288,0.0042,0.0199,0.9759,108
558823,0.0026,0.0149,0.9825,108
212435,0.0287,0.0900,0.8814,108
346741,0.0050,0.0188,0.9762,108
48003,0.0842,0.1610,0.7548,108
457399,0.0050,0.0215,0.9735,108
328134,0.0064,0.0208,0.9728,108
36269,0.0547,0.2609,0.6844,108
137855,0.9300,0.0625,0.0075,108
458099,0.0573,0.0722,0.8705,108
136074,0.1572,0.2254,0.6173,108
80341,0.0768,0.3847,0.5384,108
80425,0.0131,0.0616,0.9253,108
460067,0.0197,0.0927,0.8876,108
5852,0.0171,0.0603,0.9226,108
1313,0.0130,0.1051,0.8819,108
177733,0.0608,0.4225,0.5167,109
77868,0.0048,0.0115,0.9837,109
125200,0.0067,0.0365,0.9567,109
272823,0.0048,0.0322,0.9629,109
396967,0.0061,0.0328,0.9610,109
136736,0.0125,0.1518,0.8357,109
380728,0.0069,0.0596,0.9335,109
480492,0.0028,0.0282,0.9690,109
105647,0.3535,0.4393,0.2073,109
27381,0.0228,0.0896,0.8876,109
25397,0.6558,0.2635,0.0807,109
101871,0.0410,0.1654,0.7935,109
439682,0.0322,0.0854,0.8824,109
298768,0.0298,0.0948,0.8754,109
95243,0.0034,0.0219,0.9747,109
369685,0.0291,0.0761,0.8948,109
381847,0.0110,0.0530,0.9361,109
72096,0.0070,0.1095,0.8835,109
510614,0.7554,0.2219,0.0227,109
16221,0.1325,0.4893,0.3782,109
426239,0.0130,0.0999,0.8871,109
554553,0.4725,0.4032,0.1243,109
156812,0.8376,0.1400,0.0224,109
552898,0.0936,0.2154,0.6911,109
327096,0.0450,0.0845,0.8705,109
186066,0.0037,0.0391,0.9573,109
333718,0.0225,0.0724,0.9052,109
192810,0.0103,0.0365,0.9532,109
400711,0.0073,0.0689,0.9238,109
432262,0.0044,0.0232,0.9724,109
217905,0.0727,0.1805,0.7468,110
48885,0.0046,0.0127,0.9827,110
293429,0.3665,0.3709,0.2625,110
98212,0.1459,0.3649,0.4892,110
546381,0.0347,0.0744,0.8910,110
138870,0.0135,0.0605,0.9260,110
141009,0.0146,0.0590,0.9264,110
459502,0.0064,0.0381,0.9555,110
136196,0.0062,0.0417,0.9521,110
543889,0.0888,0.3659,0.5453,110
208287,0.0055,0.0321,0.9624,110
121045,0.9305,0.0599,0.0096,110
272901,0.0060,0.1450,0.8490,110
59303,0.0043,0.0209,0.9748,110
109560,0.4822,0.4037,0.1141,110
229120,0.6640,0.2350,0.1010,110
407756,0.0027,0.0095,0.9878,110
208231,0.0060,0.0282,0.9658,110
91525,0.0087,0.0341,0.9571,110
26227,0.0159,0.1562,0.8279,110
182013,0.0202,0.2168,0.7630,110
448670,0.0036,0.0253,0.9711,110
163898,0.0127,0.0702,0.9171,110
81027,0.9105,0.0808,0.0088,110
81078,0.0059,0.0378,0.9563,110
13852,0.7901,0.1567,0.0532,110
487846,0.0898,0.2229,0.6872,110
97244,0.0477,0.3137,0.6387,110
11233,0.6622,0.2443,0.0935,110
386603,0.0702,0.1812,0.7486,110
260331,0.0083,0.0444,0.9473,110
441765,0.0051,0.0366,0.9583,110
2306,0.0042,0.0169,0.9789,110
8008,0.0042,0.0364,0.9594,110
75561,0.0166,0.3417,0.6417,110
260597,0.3591,0.3496,0.2912,110
120215,0.0109,0.0290,0.9601,110
326132,0.0113,0.0414,0.9472,111
7556,0.0062,0.1290,0.8648,111
70879,0.0096,0.0581,0.9323,111
470327,0.7479,0.2174,0.0348,111
557530,0.9183,0.0706,0.0111,111
467840,0.0164,0.0961,0.8875,111
56383,0.6821,0.2812,0.0367,111
423130,0.0383,0.1344,0.8273,111
158770,0.0171,0.6183,0.3646,111
374543,0.0033,0.0248,0.9720,111
498777,0.0097,0.0284,0.9619,111
81649,0.8615,0.1306,0.0079,111
243751,0.0028,0.0237,0.9734,111
492385,0.0102,0.0850,0.9048,111
191407,0.0058,0.0210,0.9732,111
37664,0.0054,0.0186,0.9761,111
524143,0.0460,0.1821,0.7718,111
421838,0.2153,0.3311,0.4536,111
262782,0.0080,0.0820,0.9100,111
134420,0.0272,0.1877,0.7851,111
24540,0.1115,0.3250,0.5635,111
409998,0.0071,0.0590,0.9339,111
318292,0.0079,0.1236,0.8685,111
316797,0.0307,0.1478,0.8214,111
527307,0.0207,0.0630,0.9163,111
222990,0.0342,0.1313,0.8345,111
375789,0.0238,0.1159,0.8603,111
61033,0.0050,0.0183,0.9767,111
429048,0.7733,0.1938,0.0329,111
139063,0.6700,0.3009,0.0291,111
295962,0.1652,0.2820,0.5528,111
484541,0.0043,0.0206,0.9750,111
420966,0.2632,0.3093,0.4275,112
460148,0.0115,0.0570,0.9314,112
242815,0.1979,0.3854,0.4167,112
387569,0.0222,0.0823,0.8955,112
352999,0.3223,0.4006,0.2770,112
401987,0.0101,0.0476,0.9423,112
129138,0.7127,0.2550,0.0323,112
523983,0.3852,0.3278,0.2870,112
491771,0.0223,0.4399,0.5378,112
160558,0.0102,0.0198,0.9700,112
404246,0.0063,0.0167,0.9770,112
330071,0.0111,0.0757,0.9132,112
10005,0.1009,0.1020,0.7971,112
134639,0.0660,0.1435,0.7905,112
209873,0.0045,0.0185,0.9770,112
538349,0.1070,0.2672,0.6258,112
291520,0.8044,0.1864,0.0092,112
102854,0.0665,0.1196,0.8139,112
138916,0.0090,0.0364,0.9545,112
544801,0.8407,0.1460,0.0133,112
61096,0.0932,0.2249,0.6819,112
180104,0.6638,0.2856,0.0506,112
550601,0.4106,0.2771,0.3124,112
350597,0.0067,0.1626,0.8307,112
220072,0.0509,0.2532,0.6959,112
42910,0.6589,0.3110,0.0301,112
220220,0.0027,0.0267,0.9706,112
87193,0.5258,0.3721,0.1021,112
70531,0.6288,0.2550,0.1162,112
476106,0.0376,0.3551,0.6072,112
310166,0.0065,0.0408,0.9527,112
382660,0.0025,0.0143,0.9832,112
105543,0.0238,0.0958,0.8803,112
256357,0.0041,0.0177,0.9781,112
104548,0.0244,0.1258,0.8498,112
267711,0.8733,0.1147,0.0120,112
177610,0.1327,0.3757,0.4915,112
560695,0.2206,0.4630,0.3164,112
6809,0.0671,0.3765,0.5564,112
26826,0.0641,0.1576,0.7783,113
287255,0.5760,0.3267,0.0973,113
206287,0.4593,0.4477,0.0930,113
91805,0.0052,0.0608,0.9340,113
37669,0.3544,0.5378,0.1077,113
230932,0.0052,0.0319,0.9629,113
513910,0.0043,0.0280,0.9677,113
371511,0.7170,0.1978,0.0851,113
144827,0.0162,0.1379,0.8459,113
447467,0.8571,0.1302,0.0127,113
17651,0.0065,0.0321,0.9613,113
384176,0.0326,0.2523,0.7152,113
183358,0.0776,0.2121,0.7103,113
384264,0.0104,0.1687,0.8209,113
18722,0.0642,0.5098,0.4260,113
158723,0.1209,0.4937,0.3854,113
114299,0.5439,0.2406,0.2155,113
211462,0.1050,0.3081,0.5869,113
39295,0.0054,0.0342,0.9605,113
40438,0.2488,0.2835,0.4677,113
563573,0.0097,0.0506,0.9397,113
120963,0.0045,0.0227,0.9727,113
248659,0.0126,0.0526,0.9347,113
261174,0.0368,0.1402,0.8230,113
400515,0.0169,0.0989,0.8842,113
195586,0.0112,0.1629,0.8259,113
344138,0.0048,0.0660,0.9292,113
471610,0.4925,0.4073,0.1001,113
174366,0.5726,0.3232,0.1041,113
355227,0.6137,0.2986,0.0877,113
562123,0.0063,0.0266,0.9671,113
410540,0.0263,0.1076,0.8661,113
104508,0.0096,0.0430,0.9475,113
435813,0.3288,0.3607,0.3105,113
254069,0.0056,0.0200,0.9744,113
271465,0.0489,0.1730,0.7781,114
68864,0.6754,0.2670,0.0577,114
30096,0.0040,0.0305,0.9655,114
452149,0.0154,0.1273,0.8573,114
152709,0.1362,0.2295,0.6342,114
545497,0.0641,0.5631,0.3728,114
438144,0.0092,0.0319,0.9590,114
132337,0.0097,0.0375,0.9527,114
350297,0.0129,0.0281,0.9590,114
510507,0.1339,0.4530,0.4131,114
130825,0.0812,0.2956,0.6232,114
114971,0.1235,0.4168,0.4597,114
225250,0.0037,0.0372,0.9591,114
257710,0.0098,0.1131,0.8771,114
514787,0.0090,0.3976,0.5934,114
154783,0.0035,0.0201,0.9764,114
364219,0.0156,0.1549,0.8296,114
396222,0.0034,0.0382,0.9585,114
553072,0.1244,0.4082,0.4674,114
66949,0.0062,0.0495,0.9443,114
46063,0.4336,0.4246,0.1418,114
547015,0.0056,0.0443,0.9502,114
258898,0.9125,0.0806,0.0068,114
377044,0.5517,0.3687,0.0795,114
564581,0.0035,0.0179,0.9786,114
429463,0.0026,0.0600,0.9374,114
519852,0.0158,0.1107,0.8735,114
33148,0.1338,0.6066,0.2595,114
518529,0.1017,0.2637,0.6346,114
106564,0.0135,0.0577,0.9288,114
415277,0.0040,0.0201,0.9759,114
196321,0.0113,0.0758,0.9129,114
119245,0.0109,0.1709,0.8182,114
149634,0.0450,0.1779,0.7771,114
507675,0.0482,0.3489,0.6029,114
10657,0.8792,0.1119,0.0088,114
375801,0.6630,0.2896,0.0474,114
208834,0.8386,0.1530,0.0083,114
107371,0.1832,0.3405,0.4763,114
511896,0.0058,0.0772,0.9170,115
464498,0.0037,0.0213,0.9750,115
90165,0.0047,0.0152,0.9801,115
433428,0.7844,0.1912,0.0244,115
334710,0.6800,0.2852,0.0348,115
280947,0.4517,0.3949,0.1534,115
359873,0.8069,0.1735,0.0196,115
446239,0.0051,0.0285,0.9664,115
274608,0.0062,0.0562,0.9376,115
332700,0.0204,0.0773,0.9024,115
229300,0.7977,0.1905,0.0117,115
46146,0.0049,0.0567,0.9383,115
384716,0.2380,0.2860,0.4760,115
59602,0.0118,0.0727,0.9156,115
231269,0.0050,0.1088,0.8862,115
416466,0.1502,0.1148,0.7350,115
80060,0.0031,0.0444,0.9525,115
257044,0.0095,0.0779,0.9125,115
501629,0.6520,0.3120,0.0360,115
415752,0.0097,0.1071,0.8831,115
12297,0.0048,0.1018,0.8933,115
95450,0.4816,0.4736,0.0448,115
107659,0.0421,0.1479,0.8101,115
182573,0.0040,0.0229,0.9731,115
165001,0.8017,0.1640,0.0342,115
480010,0.0066,0.0651,0.9283,115
202071,0.0681,0.2481,0.6838,115
100290,0.0223,0.1166,0.8611,115
518866,0.0092,0.0613,0.9295,115
202206,0.0219,0.0516,0.9265,115
201254,0.1682,0.3377,0.4940,115
411559,0.0040,0.0262,0.9698,115
106995,0.2753,0.4006,0.3241,115
278930,0.0211,0.0880,0.8909,115
166605,0.0066,0.0344,0.9589,115
318943,0.0088,0.0482,0.9430,115
74007,0.8860,0.1041,0.0099,115
5816,0.0056,0.0387,0.9557,115
432846,0.0144,0.8181,0.1676,115
4761,0.6929,0.2727,0.0343,116
54545,0.4245,0.5268,0.0488,116
480035,0.0410,0.1596,0.7993,116
144276,0.3223,0.3998,0.2780,116
256675,0.0149,0.1228,0.8623,116
199924,0.9242,0.0677,0.0081,116
63821,0.6168,0.3434,0.0398,116
518454,0.0051,0.0309,0.9640,116
126027,0.1327,0.5106,0.3567,116
478969,0.0294,0.0629,0.9077,116
155116,0.0083,0.0272,0.9644,116
231291,0.7838,0.1756,0.0406,116
248894,0.0768,0.1763,0.7468,116
72611,0.0099,0.0796,0.9105,116
286432,0.0524,0.1757,0.7718,116
41400,0.0069,0.0400,0.9531,116
227922,0.0141,0.0839,0.9021,116
183491,0.6937,0.2383,0.0680,116
312386,0.8558,0.1223,0.0220,116
406229,0.0110,0.0310,0.9580,116
312145,0.7766,0.2059,0.0175,116
278881,0.0093,0.0429,0.9478,116
252293,0.0100,0.0811,0.9088,116
377571,0.4957,0.3598,0.1445,116
87147,0.0167,0.2808,0.7025,116
87693,0.8460,0.1390,0.0150,116
69492,0.0215,0.1067,0.8718,116
426605,0.0120,0.0287,0.9593,116
86864,0.6798,0.2521,0.0681,116
273859,0.0294,0.4546,0.5160,116
91015,0.0035,0.0193,0.9772,116
404831,0.8779,0.1106,0.0115,116
287210,0.0189,0.0952,0.8859,117
57048,0.0038,0.0275,0.9687,117
44302,0.0184,0.1697,0.8119,117
407054,0.0185,0.1405,0.8410,117
395750,0.0334,0.1981,0.7685,117
91093,0.4735,0.4170,0.1095,117
93667,0.6639,0.2365,0.0997,117
297124,0.0149,0.0483,0.9368,117
200870,0.0551,0.2862,0.6587,117
133768,0.0106,0.0472,0.9422,117
418233,0.0103,0.2080,0.7817,117
65899,0.0136,0.0803,0.9061,117
199196,0.0257,0.1103,0.8640,117
375248,0.0023,0.0192,0.9785,117
279871,0.0162,0.0350,0.9488,117
354727,0.0095,0.0293,0.9612,117
260525,0.0449,0.4404,0.5148,117
88844,0.0144,0.1455,0.8401,117
494933,0.8041,0.1766,0.0193,117
189599,0.0046,0.0326,0.9628,117
554558,0.0041,0.0194,0.9765,117
417433,0.0325,0.0784,0.8891,117
179254,0.0236,0.1211,0.8553,117
507500,0.2387,0.4615,0.2998,117
34017,0.0412,0.2172,0.7416,117
344117,0.0038,0.0191,0.9771,117
389322,0.0074,0.1467,0.8459,117
169937,0.0026,0.0149,0.9825,117
54330,0.0061,0.1515,0.8425,117
290863,0.0076,0.0349,0.9575,117
31560,0.0114,0.0888,0.8998,117
6879,0.3658,0.5470,0.0871,117
254622,0.6737,0.2163,0.1100,117
160006,0.0029,0.0375,0.9597,117
276000,0.0927,0.1801,0.7272,117
77264,0.0097,0.0446,0.9457,117
321609,0.0686,0.1512,0.7802,117
53493,0.0642,0.5943,0.3416,117
321682,0.1243,0.3555,0.5201,117
278175,0.0520,0.4543,0.4937,117
70796,0.0051,0.0342,0.9607,117
125344,0.8095,0.1646,0.0259,117
376377,0.2350,0.3183,0.4467,117
47638,0.9283,0.0626,0.0091,117
445643,0.0176,0.0714,0.9110,117
259138,0.0188,0.0539,0.9273,118
228852,0.0594,0.2136,0.7270,118
148708,0.0075,0.0397,0.9528,118
343517,0.0895,0.3112,0.5993,118
202053,0.0052,0.1230,0.8717,118
155414,0.0057,0.0303,0.9639,118
447363,0.2031,0.6926,0.1044,118
539856,0.0285,0.0910,0.8805,118
369733,0.0046,0.0204,0.9750,118
440482,0.0110,0.0299,0.9591,118
450775,0.0320,0.0687,0.8993,118
451600,0.0923,0.1254,0.7823,118
97743,0.8567,0.1309,0.0124,118
236522,0.0869,0.2888,0.6244,118
223187,0.0050,0.0315,0.9635,118
276910,0.0521,0.1212,0.8268,118
169002,0.0087,0.0843,0.9069,118
102177,0.0185,0.0356,0.9459,118
159010,0.8068,0.1716,0.0216,118
47909,0.2153,0.4158,0.3689,118
167406,0.0149,0.1776,0.8075,118
281330,0.0107,0.0333,0.9560,118
157545,0.0043,0.0183,0.9773,118
19219,0.0339,0.1062,0.8598,118
154168,0.0259,0.1046,0.8695,118
361297,0.0493,0.3614,0.5893,118
532686,0.0088,0.1572,0.8340,118
285012,0.0047,0.0221,0.9733,118
41877,0.6603,0.2648,0.0750,118
126322,0.0149,0.1498,0.8353,118
45647,0.0187,0.0533,0.9280,118
334793,0.0106,0.0635,0.9259,118
259789,0.0030,0.0142,0.9828,118
78961,0.2652,0.3115,0.4233,118
3162,0.0121,0.0360,0.9519,118
1414,0.0196,0.1170,0.8633,118
558584,0.0051,0.0398,0.9551,119
380078,0.0596,0.1422,0.7983,119
316069,0.0032,0.0217,0.9752,119
558094,0.0115,0.0548,0.9338,119
166623,0.0473,0.5883,0.3644,119
159204,0.0046,0.0215,0.9739,119
248471,0.6398,0.3316,0.0286,119
84430,0.0060,0.0418,0.9522,119
309369,0.8633,0.1120,0.0247,119
154079,0.8464,0.1328,0.0208,119
302718,0.5598,0.3939,0.0463,119
290584,0.0035,0.1414,0.8551,119
288636,0.0061,0.0298,0.9641,119
99877,0.2953,0.2591,0.4456,119
281221,0.0455,0.1097,0.8448,119
469020,0.2807,0.3557,0.3636,119
520074,0.0039,0.0170,0.9791,119
219767,0.9417,0.0506,0.0077,119
105625,0.5974,0.3442,0.0583,119
35196,0.0095,0.0543,0.9362,119
462418,0.2180,0.2411,0.5409,119
213537,0.0161,0.0665,0.9174,119
324911,0.0030,0.0150,0.9821,119
47570,0.0109,0.0580,0.9310,119
459133,0.0876,0.2410,0.6714,119
523966,0.0040,0.0414,0.9546,119
478051,0.0029,0.0119,0.9853,119
58082,0.1737,0.6733,0.1530,119
403609,0.0196,0.0467,0.9336,119
478474,0.1128,0.3819,0.5053,119
205868,0.8684,0.1120,0.0196,119
550515,0.0110,0.0717,0.9173,120
204592,0.0147,0.1514,0.8339,120
540747,0.0060,0.0875,0.9065,120
293176,0.0260,0.2372,0.7369,120
347769,0.6298,0.3228,0.0474,120
200685,0.0050,0.0352,0.9598,120
546541,0.0159,0.0507,0.9334,120
399240,0.4951,0.3429,0.1620,120
149572,0.0145,0.0491,0.9364,120
23046,0.3001,0.4705,0.2293,120
16928,0.0051,0.0235,0.9714,120
52930,0.8120,0.1673,0.0207,120
159142,0.0036,0.0522,0.9442,120
50522,0.0080,0.0242,0.9678,120
433820,0.0487,0.1172,0.8342,120
327544,0.0160,0.1624,0.8216,120
433406,0.0032,0.0299,0.9669,120
219247,0.0044,0.0168,0.9788,120
522063,0.0085,0.0485,0.9430,120
459816,0.0176,0.2827,0.6997,120
226659,0.3891,0.3411,0.2698,120
392232,0.6029,0.3050,0.0921,120
194635,0.0052,0.0191,0.9757,120
46900,0.0291,0.2369,0.7340,120
306684,0.0067,0.1050,0.8882,120
67450,0.3052,0.3245,0.3703,120
3200,0.0155,0.2950,0.6894,120
431586,0.0444,0.2531,0.7025,120
78406,0.4347,0.2494,0.3159,120
501678,0.2336,0.3691,0.3973,121
504050,0.6330,0.2688,0.0981,121
78348,0.0427,0.1094,0.8479,121
117728,0.0319,0.1761,0.7919,121
542029,0.0268,0.2072,0.7660,121
35302,0.0082,0.0281,0.9637,121
359963,0.0109,0.0557,0.9333,121
240790,0.0606,0.7282,0.2113,121
486757,0.0116,0.0466,0.9417,121
221140,0.1013,0.6803,0.2184,121
25769,0.0037,0.0217,0.9746,121
295918,0.0740,0.1932,0.7328,121
338472,0.0042,0.0198,0.9760,121
221247,0.0070,0.0489,0.9440,121
420159,0.0119,0.0833,0.9048,121
505684,0.3515,0.3366,0.3119,121
185056,0.0308,0.0666,0.9026,121
18014,0.0338,0.2089,0.7573,121
68965,0.0060,0.0230,0.9710,121
262001,0.0198,0.2766,0.7036,121
258646,0.0108,0.1460,0.8432,121
250914,0.0051,0.0345,0.9603,121
380057,0.0082,0.0312,0.9606,121
411000,0.0565,0.1534,0.7901,121
364158,0.0049,0.0329,0.9621,121
134460,0.5007,0.3154,0.1839,121
393315,0.1385,0.5791,0.2824,121
57168,0.0275,0.4380,0.5345,121
396701,0.0066,0.0494,0.9440,121
47701,0.0064,0.2513,0.7423,121
405833,0.3545,0.4412,0.2043,121
505245,0.0040,0.0647,0.9313,121
45731,0.0140,0.2321,0.7539,122
316858,0.0224,0.1545,0.8231,122
43184,0.0050,0.0273,0.9676,122
313013,0.0131,0.0808,0.9061,122
231425,0.0197,0.2180,0.7623,122
58548,0.1669,0.4796,0.3535,122
314905,0.1087,0.2090,0.6823,122
247753,0.0494,0.4905,0.4601,122
205115,0.5756,0.3547,0.0698,122
307655,0.3762,0.3595,0.2643,122
482942,0.1362,0.2399,0.6239,122
447187,0.0822,0.3077,0.6101,122
292830,0.2156,0.2066,0.5778,122
202561,0.7944,0.1890,0.0167,122
281777,0.0045,0.0354,0.9601,122
543536,0.0199,0.1393,0.8408,122
244692,0.0054,0.0517,0.9428,122
487556,0.6700,0.2029,0.1272,122
65086,0.7842,0.1685,0.0473,122
33551,0.0078,0.0473,0.9449,123
259236,0.0205,0.0934,0.8860,123
308246,0.2322,0.6257,0.1420,123
343649,0.2098,0.3038,0.4865,123
134524,0.5847,0.3452,0.0700,123
475930,0.2647,0.5480,0.1873,123
17551,0.0065,0.0241,0.9694,123
108871,0.0061,0.0419,0.9520,123
230083,0.1829,0.4442,0.3729,123
73728,0.0078,0.1145,0.8777,123
331460,0.0324,0.1023,0.8653,123
230448,0.0400,0.2192,0.7408,123
43489,0.0074,0.0587,0.9339,123
343347,0.5303,0.2927,0.1770,123
551673,0.0238,0.0755,0.9007,123
239175,0.8039,0.1607,0.0354,123
151932,0.0194,0.0787,0.9018,123
485889,0.8358,0.1565,0.0077,123
269664,0.1042,0.2995,0.5963,123
20569,0.0112,0.0897,0.8990,123
172581,0.6031,0.3094,0.0875,123
278503,0.0039,0.0118,0.9842,123
400050,0.0073,0.0525,0.9402,123
371715,0.0240,0.1191,0.8569,123
530484,0.0038,0.0353,0.9608,123
21952,0.2685,0.6368,0.0947,123
503702,0.2314,0.6165,0.1521,123
118879,0.8885,0.0964,0.0151,123
93466,0.0030,0.0250,0.9720,123
162028,0.2971,0.3222,0.3808,123
388813,0.0075,0.0269,0.9655,123
189718,0.0046,0.0223,0.9731,123
400836,0.2154,0.6406,0.1441,123
363490,0.0047,0.0499,0.9454,124
183503,0.7893,0.1845,0.0262,124
83336,0.1148,0.5230,0.3623,124
404192,0.0204,0.0631,0.9165,124
209117,0.6604,0.2575,0.0821,124
460968,0.0054,0.0412,0.9533,124
461432,0.8323,0.1391,0.0286,124
273358,0.6354,0.2786,0.0860,124
536492,0.8493,0.1394,0.0113,124
76243,0.0027,0.0109,0.9864,124
215763,0.0517,0.3442,0.6042,124
323052,0.0045,0.0447,0.9508,124
195476,0.0042,0.0213,0.9745,124
95812,0.0050,0.0332,0.9618,124
389240,0.0051,0.0617,0.9332,124
551354,0.0074,0.0489,0.9438,124
122947,0.0037,0.0360,0.9603,124
164705,0.0162,0.0780,0.9058,124
70655,0.5624,0.3050,0.1326,124
359275,0.0087,0.0318,0.9594,124
385565,0.4500,0.3819,0.1682,124
69430,0.0453,0.0701,0.8845,124
68948,0.0044,0.0412,0.9544,124
69074,0.0165,0.0745,0.9091,124
128771,0.0061,0.0294,0.9645,124
270797,0.0078,0.0413,0.9509,124
61342,0.5520,0.2997,0.1483,124
116115,0.2062,0.4450,0.3488,124
6488,0.0136,0.1107,0.8757,124
400432,0.0099,0.0315,0.9586,124
94547,0.0803,0.1090,0.8107,124
22352,0.0042,0.0226,0.9731,124
548535,0.0212,0.0900,0.8889,124
339892,0.0311,0.2899,0.6789,124
513895,0.0308,0.2093,0.7599,125
239960,0.0054,0.0463,0.9482,125
401898,0.7524,0.1849,0.0627,125
434794,0.2695,0.3098,0.4207,125
176253,0.5935,0.2711,0.1354,125
449782,0.0036,0.0117,0.9846,125
176247,0.7263,0.2356,0.0381,125
432095,0.6503,0.2305,0.1192,125
103204,0.2799,0.5806,0.1395,125
199572,0.0273,0.2177,0.7550,125
12103,0.0133,0.0543,0.9324,125
397375,0.1171,0.2889,0.5941,125
248413,0.1399,0.6741,0.1860,125
217936,0.3008,0.4917,0.2076,125
334748,0.0943,0.1908,0.7149,125
372462,0.0222,0.1829,0.7949,125
286740,0.0151,0.1232,0.8617,125
211349,0.2417,0.2944,0.4640,125
127286,0.0164,0.0835,0.9000,125
31394,0.7757,0.1905,0.0338,125
236413,0.0328,0.4262,0.5410,125
140221,0.0165,0.0552,0.9283,125
154838,0.0043,0.0177,0.9780,125
275820,0.0028,0.0179,0.9793,125
390523,0.0388,0.0884,0.8728,125
426869,0.0034,0.0847,0.9120,125
212486,0.0043,0.0328,0.9629,125
171519,0.0156,0.3053,0.6791,125
179595,0.1385,0.2567,0.6048,125
307334,0.8915,0.1017,0.0068,126
112464,0.0037,0.0511,0.9452,126
39726,0.4760,0.4016,0.1224,126
137671,0.1570,0.7263,0.1166,126
458555,0.0870,0.3604,0.5526,126
109449,0.0967,0.1778,0.7255,126
292231,0.0137,0.0527,0.9336,126
424843,0.0034,0.0345,0.9621,126
558006,0.0115,0.0437,0.9448,126
460681,0.0075,0.1708,0.8216,126
10543,0.0070,0.0277,0.9653,126
76123,0.1927,0.5923,0.2151,126
504290,0.0085,0.1015,0.8900,126
162164,0.2135,0.4668,0.3198,126
42032,0.3442,0.4287,0.2271,126
285466,0.2593,0.5349,0.2058,126
257015,0.0116,0.2697,0.7187,126
331461,0.0222,0.1762,0.8016,126
558142,0.0149,0.0607,0.9244,126
171593,0.9192,0.0703,0.0105,126
544764,0.1607,0.1829,0.6564,126
387525,0.0171,0.5875,0.3954,126
515593,0.0124,0.0545,0.9331,126
154988,0.0296,0.2576,0.7127,126
266920,0.0054,0.0238,0.9708,126
422399,0.1194,0.4392,0.4414,126
126558,0.1052,0.2383,0.6564,126
253256,0.0587,0.1587,0.7826,126
167413,0.0057,0.0358,0.9585,126
518792,0.0108,0.0580,0.9313,126
543911,0.6654,0.3063,0.0283,126
92760,0.0043,0.0163,0.9794,126
526378,0.0124,0.1413,0.8463,127
389756,0.1418,0.2483,0.6099,127
189853,0.4562,0.4556,0.0883,127
456444,0.0085,0.0776,0.9139,127
281635,0.8084,0.1772,0.0144,127
222862,0.0242,0.3140,0.6618,127
5604,0.0709,0.5911,0.3380,127
225739,0.0401,0.1829,0.7769,127
22751,0.0382,0.2087,0.7531,127
99073,0.6749,0.2993,0.0258,127
26365,0.0207,0.2201,0.7592,127
270056,0.0603,0.3684,0.5713,127
392052,0.8806,0.1075,0.0119,127
165292,0.0074,0.2141,0.7785,127
108478,0.0057,0.0340,0.9603,127
270244,0.0104,0.0387,0.9509,127
247237,0.0257,0.1784,0.7959,127
19852,0.0032,0.0129,0.9839,127
85315,0.0260,0.1103,0.8637,127
110819,0.5654,0.3365,0.0981,127
161597,0.3323,0.3384,0.3293,127
524995,0.0496,0.2348,0.7156,127
464800,0.8424,0.1470,0.0106,127
213401,0.0048,0.0568,0.9384,127
377608,0.0327,0.1583,0.8090,127
314298,0.0712,0.8500,0.0789,127
267017,0.4037,0.4721,0.1241,127
242419,0.3617,0.5455,0.0928,127
387130,0.0954,0.3071,0.5975,127
220896,0.0213,0.0918,0.8869,127
327934,0.1964,0.4857,0.3179,127
160328,0.0607,0.1289,0.8104,127
457688,0.0070,0.0830,0.9100,127
60662,0.6675,0.2910,0.0415,127
410966,0.1801,0.3611,0.4588,127
498928,0.0852,0.4036,0.5112,128
257261,0.1271,0.4195,0.4534,128
272158,0.0026,0.0170,0.9804,128
40088,0.5056,0.4161,0.0783,128
41733,0.0445,0.3512,0.6043,128
558492,0.5052,0.3524,0.1424,128
328726,0.0223,0.0815,0.8962,128
380033,0.0798,0.2682,0.6520,128
326858,0.0132,0.0358,0.9511,128
57495,0.0176,0.0663,0.9161,128
69773,0.0033,0.0173,0.9793,128
306970,0.0240,0.1541,0.8219,128
553044,0.0121,0.1606,0.8273,128
521265,0.0049,0.0138,0.9812,128
53086,0.0090,0.0202,0.9708,128
540170,0.0523,0.4134,0.5343,128
89930,0.0566,0.2707,0.6727,128
512944,0.0435,0.1624,0.7941,128
469743,0.0086,0.0835,0.9080,128
249249,0.0063,0.0535,0.9402,128
161995,0.0144,0.0802,0.9054,128
13484,0.0563,0.3201,0.6235,128
108173,0.0753,0.2054,0.7194,128
441938,0.0106,0.0592,0.9302,128
538136,0.0069,0.0339,0.9592,128
393506,0.0699,0.3567,0.5734,128
534963,0.7177,0.2287,0.0536,128
274534,0.7089,0.2442,0.0469,128
452300,0.0942,0.1627,0.7430,128
25783,0.0289,0.0786,0.8926,128
145750,0.0053,0.0944,0.9003,128
146000,0.0687,0.5100,0.4213,128
63544,0.7801,0.1975,0.0224,128
387411,0.0118,0.0404,0.9478,128
402733,0.0118,0.1245,0.8636,128
60793,0.6431,0.2467,0.1103,128
525970,0.0296,0.1141,0.8564,128
31386,0.0105,0.0622,0.9273,128
197034,0.0103,0.0485,0.9412,128
62110,0.2864,0.1651,0.5485,128
97741,0.0048,0.0503,0.9449,128
51961,0.8375,0.1440,0.0185,128
328080,0.2881,0.2452,0.4667,128
436353,0.0051,0.0619,0.9330,128
22932,0.0051,0.0637,0.9312,128
119229,0.8587,0.1124,0.0289,129
220711,0.0038,0.0314,0.9648,129
326680,0.9217,0.0699,0.0084,129
503457,0.0878,0.1935,0.7186,129
26507,0.3376,0.4521,0.2103,129
398384,0.0333,0.2255,0.7412,129
451739,0.0430,0.2300,0.7270,129
517076,0.0238,0.1213,0.8549,129
62028,0.0116,0.0676,0.9209,129
295993,0.0820,0.1679,0.7501,129
70821,0.7365,0.2491,0.0145,129
289230,0.0073,0.0217,0.9710,129
493732,0.0043,0.0414,0.9543,129
391177,0.0486,0.3615,0.5899,129
124832,0.0114,0.0478,0.9408,129
468531,0.0144,0.0882,0.8974,129
526770,0.0039,0.0364,0.9598,129
441764,0.0052,0.0423,0.9525,129
128636,0.0056,0.0345,0.9600,129
437174,0.0229,0.2557,0.7214,129
321899,0.6072,0.3392,0.0537,129
292092,0.1122,0.5964,0.2915,130
553073,0.1123,0.3080,0.5797,130
187291,0.0066,0.0437,0.9497,130
196224,0.0081,0.0317,0.9602,130
414316,0.0143,0.1269,0.8588,130
92961,0.0029,0.0146,0.9826,130
386941,0.0029,0.0314,0.9656,130
226011,0.2986,0.4874,0.2141,130
454946,0.0396,0.5124,0.4480,130
159455,0.1202,0.3629,0.5169,130
87988,0.6076,0.3115,0.0809,130
402681,0.0143,0.2653,0.7204,130
456611,0.2508,0.3985,0.3508,130
54304,0.0559,0.1532,0.7909,130
185311,0.4396,0.4406,0.1198,130
206127,0.0447,0.1997,0.7556,130
290804,0.0083,0.0385,0.9532,130
116098,0.0179,0.1807,0.8014,130
44241,0.2728,0.2206,0.5067,130
397939,0.1032,0.2988,0.5980,130
478627,0.0652,0.1702,0.7647,130
11455,0.0159,0.0697,0.9144,130
135723,0.0047,0.0129,0.9823,130
217136,0.0120,0.2953,0.6927,130
148187,0.6975,0.2598,0.0427,130
568359,0.1771,0.5713,0.2516,130
221015,0.2895,0.3099,0.4006,130
274673,0.3033,0.3829,0.3138,130
254564,0.0155,0.1049,0.8796,130
505081,0.0159,0.2229,0.7612,130
323378,0.0029,0.0146,0.9825,130
228899,0.0876,0.3500,0.5624,130
180102,0.1250,0.4147,0.4603,130
361345,0.0078,0.0329,0.9593,130
60827,0.0090,0.0542,0.9368,131
108015,0.0325,0.4020,0.5655,131
219422,0.3224,0.5877,0.0898,131
70289,0.0030,0.0349,0.9621,131
119788,0.9033,0.0865,0.0102,131
201569,0.0103,0.1739,0.8158,131
554584,0.5637,0.3389,0.0975,131
245491,0.0054,0.0462,0.9484,131
269844,0.0096,0.2098,0.7805,131
515699,0.0077,0.0408,0.9515,131
471313,0.1524,0.2202,0.6274,131
244782,0.0037,0.0265,0.9698,131
114830,0.0842,0.4980,0.4177,131
152196,0.6286,0.3468,0.0246,131
155550,0.2279,0.3847,0.3874,131
302044,0.0106,0.1270,0.8624,131
30417,0.0139,0.0717,0.9143,131
25992,0.0089,0.0309,0.9602,131
392753,0.0115,0.1251,0.8634,131
286414,0.5864,0.3057,0.1079,131
559064,0.0152,0.1100,0.8749,131
320600,0.8285,0.1268,0.0446,131
321642,0.0080,0.0224,0.9697,131
74166,0.0234,0.1384,0.8383,131
156099,0.0072,0.0637,0.9291,132
464310,0.0232,0.2336,0.7432,132
247873,0.2716,0.4316,0.2968,132
443586,0.0102,0.0879,0.9019,132
203294,0.1161,0.6896,0.1943,132
54423,0.0256,0.0640,0.9104,132
121229,0.5211,0.4345,0.0444,132
121549,0.0035,0.0537,0.9428,132
34895,0.0059,0.0211,0.9730,132
495492,0.4951,0.4536,0.0514,132
145617,0.0134,0.0289,0.9577,132
552498,0.0046,0.0518,0.9436,132
564347,0.3773,0.3948,0.2279,132
400437,0.0166,0.0437,0.9398,132
532266,0.0373,0.5120,0.4507,132
321674,0.5606,0.3050,0.1343,132
174698,0.0145,0.1669,0.8186,132
408115,0.0238,0.1595,0.8167,132
167605,0.0056,0.0349,0.9596,132
376697,0.0099,0.0673,0.9228,132
58856,0.2555,0.4075,0.3370,132
537564,0.0228,0.2914,0.6858,132
375561,0.0198,0.1713,0.8089,132
114080,0.0148,0.0494,0.9358,132
131045,0.0752,0.1080,0.8169,132
348084,0.0049,0.0307,0.9644,132
381143,0.0076,0.7025,0.2898,132
99244,0.0143,0.5681,0.4175,132
20592,0.7020,0.1928,0.1052,132
223681,0.0121,0.0912,0.8966,132
296786,0.1718,0.3919,0.4363,132
160257,0.0082,0.2700,0.7218,132
269872,0.0091,0.0533,0.9376,132
275964,0.0042,0.0735,0.9223,132
97921,0.0053,0.0233,0.9714,132
399490,0.8003,0.1867,0.0130,132
426990,0.2660,0.3112,0.4229,133
526987,0.0158,0.6416,0.3426,133
277903,0.0585,0.1229,0.8185,133
443253,0.2502,0.5273,0.2225,133
36100,0.0037,0.0182,0.9781,133
447924,0.4634,0.4942,0.0423,133
544147,0.0122,0.0758,0.9120,133
237820,0.0395,0.4475,0.5130,133
205846,0.6122,0.3602,0.0276,133
492432,0.0172,0.0890,0.8938,133
373257,0.2545,0.4436,0.3019,133
90981,0.0034,0.0450,0.9516,133
564051,0.0064,0.0383,0.9553,133
7570,0.0562,0.1114,0.8325,133
318192,0.0229,0.1142,0.8629,133
7816,0.0162,0.4634,0.5204,133
227342,0.0208,0.2405,0.7387,133
501799,0.0117,0.0704,0.9178,133
73605,0.0073,0.2082,0.7845,133
562534,0.3591,0.4286,0.2124,133
256604,0.0146,0.0795,0.9059,133
11661,0.0044,0.0295,0.9662,133
508529,0.0559,0.2292,0.7149,133
500822,0.0061,0.0411,0.9528,133
249379,0.0070,0.0429,0.9501,133
182858,0.0060,0.0689,0.9251,133
451577,0.1088,0.2317,0.6595,134
220472,0.0064,0.0199,0.9737,134
400908,0.8822,0.1092,0.0086,134
162619,0.7185,0.2321,0.0494,134
271597,0.0297,0.3231,0.6472,134
109098,0.0617,0.3604,0.5779,134
501518,0.0079,0.1485,0.8436,134
64076,0.0029,0.0172,0.9799,134
392636,0.3134,0.2181,0.4685,134
51211,0.0063,0.0281,0.9657,134
309606,0.0141,0.1358,0.8501,134
33481,0.4890,0.4312,0.0798,134
411538,0.1388,0.1757,0.6854,134
108028,0.7588,0.2181,0.0231,134
480576,0.0448,0.1095,0.8457,134
515747,0.0826,0.1694,0.7480,134
189652,0.0089,0.0502,0.9409,134
242601,0.5194,0.4108,0.0698,134
482580,0.1613,0.1901,0.6487,134
44003,0.9061,0.0852,0.0087,134
166663,0.0028,0.0125,0.9847,134
168657,0.0048,0.0205,0.9747,134
437359,0.0030,0.0127,0.9843,134
70272,0.1336,0.3465,0.5199,135
556396,0.7636,0.2173,0.0191,135
555155,0.0047,0.0411,0.9542,135
457636,0.0050,0.0500,0.9451,135
191973,0.0120,0.0599,0.9281,135
20834,0.5200,0.2334,0.2466,135
153295,0.0038,0.0288,0.9673,135
543893,0.0189,0.1496,0.8315,135
22258,0.0034,0.0741,0.9225,135
491377,0.0242,0.1384,0.8374,135
19977,0.1094,0.3163,0.5743,135
526091,0.0052,0.0136,0.9813,135
356754,0.0105,0.1563,0.8332,135
149465,0.0036,0.0227,0.9736,135
489606,0.0066,0.0683,0.9251,135
149606,0.0053,0.0396,0.9551,135
402404,0.1607,0.3242,0.5151,135
6301,0.0050,0.0495,0.9455,135
176354,0.0140,0.2106,0.7753,135
324214,0.0441,0.2900,0.6659,135
364267,0.0385,0.1718,0.7896,135
231062,0.0276,0.0698,0.9026,135
209819,0.0101,0.0365,0.9535,135
231429,0.0215,0.0989,0.8796,135
209920,0.5671,0.3169,0.1160,135
479202,0.1386,0.2885,0.5730,135
508727,0.0064,0.0359,0.9577,135
84594,0.0161,0.0734,0.9105,135
125569,0.1592,0.2754,0.5654,135
9954,0.0038,0.0254,0.9709,135
169153,0.0328,0.1817,0.7856,135
177108,0.0322,0.1949,0.7729,135
9659,0.0043,0.0361,0.9596,135
284214,0.0077,0.0980,0.8943,135
73806,0.0098,0.0239,0.9663,135
79862,0.1572,0.2408,0.6019,135
319309,0.1501,0.3112,0.5387,135
321652,0.0033,0.0335,0.9632,135
2294,0.4987,0.4625,0.0388,136
324996,0.0225,0.1550,0.8225,136
86498,0.1629,0.5811,0.2560,136
234136,0.0027,0.0232,0.9741,136
514420,0.3554,0.2028,0.4418,136
232141,0.0056,0.0297,0.9646,136
84980,0.0291,0.0856,0.8853,136
178755,0.0258,0.1072,0.8671,136
314163,0.0860,0.4373,0.4767,136
427985,0.0052,0.1259,0.8689,136
26395,0.1380,0.4649,0.3971,136
462148,0.2926,0.5193,0.1881,136
114028,0.0027,0.0309,0.9665,136
442287,0.0173,0.0755,0.9072,136
254985,0.0175,0.1158,0.8667,136
484046,0.0055,0.0432,0.9513,136
150698,0.0034,0.0202,0.9764,136
73280,0.0217,0.4182,0.5601,136
256279,0.1799,0.4938,0.3263,136
238176,0.8277,0.1601,0.0122,136
102370,0.4759,0.3427,0.1814,136
495870,0.0038,0.0270,0.9691,136
384913,0.0058,0.0246,0.9695,136
217707,0.5290,0.3024,0.1687,136
389348,0.1860,0.4602,0.3538,136
80861,0.0114,0.1233,0.8652,137
59485,0.0151,0.1488,0.8361,137
45771,0.0142,0.0683,0.9175,137
157680,0.0071,0.0334,0.9594,137
251878,0.0078,0.0398,0.9524,137
91719,0.0046,0.0304,0.9650,137
126912,0.0040,0.0203,0.9758,137
226526,0.1195,0.1771,0.7034,137
102729,0.0047,0.0330,0.9622,137
547166,0.0095,0.0901,0.9005,137
287122,0.0185,0.1853,0.7962,137
269598,0.0052,0.0540,0.9408,137
388494,0.0044,0.0161,0.9795,137
270690,0.2111,0.3669,0.4220,137
204141,0.1998,0.5213,0.2790,137
432940,0.0037,0.0202,0.9762,137
318893,0.0028,0.0112,0.9860,137
217675,0.0317,0.0825,0.8858,137
324100,0.0137,0.0327,0.9536,137
191817,0.0021,0.0126,0.9853,137
246025,0.0064,0.0791,0.9145,137
421861,0.0033,0.0280,0.9688,137
150744,0.8591,0.1261,0.0148,137
194779,0.0162,0.0399,0.9439,137
86911,0.2001,0.4613,0.3386,137
8815,0.0072,0.2150,0.7778,137
117849,0.0101,0.0525,0.9374,137
326413,0.0058,0.0338,0.9604,137
351263,0.1029,0.4316,0.4655,137
133001,0.0119,0.0868,0.9014,138
193380,0.0069,0.0570,0.9362,138
500896,0.0392,0.0936,0.8672,138
400887,0.3631,0.5489,0.0880,138
118627,0.0035,0.0131,0.9834,138
147713,0.1870,0.5970,0.2160,138
291249,0.0082,0.0292,0.9626,138
438989,0.0055,0.0241,0.9704,138
260144,0.0199,0.2782,0.7019,138
403500,0.0102,0.0423,0.9475,138
111847,0.0052,0.0240,0.9708,138
155126,0.0129,0.0480,0.9391,138
547975,0.1652,0.2696,0.5652,138
481638,0.2418,0.6716,0.0867,138
104270,0.0208,0.2366,0.7426,138
192082,0.1278,0.3191,0.5531,138
71755,0.4365,0.4812,0.0824,138
545334,0.0043,0.0135,0.9822,138
48433,0.0041,0.1815,0.8144,138
366432,0.0051,0.0346,0.9604,138
381637,0.0045,0.0400,0.9554,138
66398,0.0099,0.0941,0.8960,138
520767,0.0058,0.0358,0.9584,138
108139,0.7219,0.2290,0.0491,138
248916,0.0047,0.0383,0.9570,138
142186,0.8657,0.1190,0.0153,138
215284,0.0101,0.1050,0.8850,138
525810,0.0160,0.0587,0.9253,138
4391,0.0156,0.0656,0.9188,139
378895,0.0046,0.0296,0.9658,139
30567,0.1628,0.6050,0.2322,139
68572,0.0627,0.3257,0.6116,139
321788,0.0700,0.3858,0.5442,139
176996,0.1751,0.6280,0.1968,139
150142,0.2093,0.3711,0.4196,139
299945,0.0140,0.1108,0.8752,139
467688,0.0058,0.0393,0.9549,139
2844,0.0153,0.0956,0.8891,139
551221,0.0048,0.0488,0.9464,139
71839,0.0133,0.0360,0.9507,139
138857,0.4243,0.4890,0.0866,139
16673,0.0830,0.3240,0.5929,139
11475,0.0096,0.3008,0.6896,139
180401,0.0397,0.1376,0.8227,139
387565,0.6773,0.2200,0.1027,139
249647,0.0102,0.1535,0.8364,140
454805,0.7726,0.1931,0.0343,140
371933,0.0043,0.0505,0.9452,140
426437,0.0284,0.2546,0.7169,140
184776,0.0045,0.0483,0.9471,140
330990,0.0047,0.0185,0.9769,140
130858,0.0411,0.3844,0.5746,140
464830,0.0212,0.0706,0.9082,140
464596,0.0177,0.5379,0.4444,140
535168,0.0067,0.0290,0.9643,140
390113,0.0356,0.0998,0.8646,140
42870,0.3958,0.2784,0.3258,140
204655,0.0650,0.1548,0.7802,140
339395,0.0043,0.0268,0.9690,140
35224,0.7856,0.1932,0.0213,140
525597,0.1909,0.6329,0.1762,140
124870,0.9103,0.0779,0.0118,140
90788,0.7905,0.1620,0.0475,140
249651,0.0152,0.1180,0.8667,140
408000,0.2912,0.3053,0.4035,140
34640,0.2224,0.5019,0.2757,140
491594,0.0201,0.3093,0.6706,140
2159,0.7056,0.2711,0.0233,140
54877,0.0046,0.0246,0.9709,140
431618,0.4122,0.3629,0.2250,140
400788,0.1701,0.6541,0.1758,141
292250,0.0177,0.0353,0.9470,141
406545,0.6758,0.2823,0.0419,141
244665,0.0143,0.1799,0.8058,141
384701,0.4920,0.4527,0.0553,141
432853,0.0022,0.0128,0.9850,141
477741,0.0370,0.3777,0.5853,141
526903,0.3463,0.4141,0.2397,141
373979,0.7578,0.1806,0.0616,141
37498,0.0048,0.0978,0.8974,141
24032,0.3211,0.4933,0.1856,141
288787,0.0233,0.0992,0.8775,141
337055,0.6502,0.3137,0.0360,141
338740,0.0262,0.0646,0.9093,141
226706,0.8611,0.1157,0.0232,141
509520,0.0489,0.1218,0.8293,141
20405,0.1297,0.4515,0.4188,141
517082,0.2455,0.4168,0.3377,141
254075,0.0105,0.0334,0.9561,141
276782,0.0066,0.0523,0.9411,141
407631,0.1661,0.3976,0.4363,141
237985,0.0803,0.1792,0.7406,142
187900,0.0073,0.0868,0.9059,142
385491,0.8765,0.1135,0.0100,142
288948,0.0964,0.2937,0.6098,142
431289,0.0064,0.0484,0.9452,142
525959,0.0041,0.0323,0.9636,142
9929,0.0050,0.0248,0.9702,142
56468,0.4605,0.4638,0.0757,142
446728,0.0048,0.0194,0.9758,142
75737,0.7034,0.2140,0.0827,142
377219,0.0210,0.0935,0.8855,142
39855,0.5212,0.3831,0.0957,142
21690,0.2232,0.3926,0.3842,142
77842,0.0868,0.4583,0.4549,142
339277,0.4575,0.4327,0.1099,142
473652,0.0162,0.0680,0.9158,142
247669,0.0228,0.0972,0.8800,142
407045,0.0293,0.2184,0.7523,142
67182,0.0242,0.1535,0.8223,142
122592,0.0028,0.0583,0.9389,142
132576,0.0495,0.3248,0.6257,142
133270,0.2026,0.5196,0.2778,142
44620,0.0950,0.3467,0.5583,142
316713,0.0078,0.1666,0.8256,142
95137,0.8937,0.0928,0.0135,142
182550,0.0077,0.0311,0.9612,143
50974,0.3781,0.5061,0.1157,143
492210,0.0497,0.2047,0.7456,143
373478,0.6249,0.3299,0.0452,143
173286,0.5067,0.4005,0.0927,143
468451,0.0062,0.0468,0.9470,143
182483,0.2020,0.4896,0.3084,143
436498,0.0886,0.2417,0.6697,143
296221,0.0077,0.0339,0.9584,143
138127,0.0154,0.0478,0.9368,143
112068,0.0049,0.0290,0.9660,143
136946,0.3894,0.4268,0.1838,143
39374,0.8143,0.1494,0.0362,143
19447,0.0555,0.6269,0.3176,143
170224,0.0081,0.0715,0.9204,143
48060,0.5146,0.4287,0.0566,143
453647,0.7520,0.2110,0.0371,143
332081,0.0118,0.1698,0.8184,143
427989,0.0051,0.0596,0.9353,143
161446,0.0110,0.0539,0.9351,143
309039,0.0912,0.2937,0.6150,143
309416,0.0134,0.0527,0.9339,143
433404,0.0290,0.0869,0.8841,144
172422,0.7012,0.2170,0.0818,144
267028,0.0138,0.0592,0.9270,144
338738,0.0034,0.0528,0.9438,144
540451,0.1469,0.3982,0.4549,144
72045,0.5828,0.3741,0.0431,144
291552,0.0060,0.1387,0.8553,144
90355,0.6039,0.3080,0.0880,144
548133,0.4093,0.3343,0.2564,144
444749,0.0336,0.1123,0.8540,144
521540,0.3294,0.5282,0.1424,144
120098,0.5897,0.3527,0.0576,144
79990,0.0417,0.2885,0.6698,144
129362,0.0348,0.1589,0.8062,144
523986,0.1770,0.2494,0.5736,144
79343,0.5693,0.2897,0.1410,144
129911,0.0300,0.1008,0.8691,144
278706,0.0154,0.0685,0.9161,144
329395,0.0200,0.0821,0.8979,144
487902,0.9215,0.0686,0.0099,144
264519,0.0929,0.3117,0.5954,144
514521,0.4890,0.3512,0.1599,144
401894,0.0104,0.0613,0.9283,144
177870,0.0197,0.2255,0.7548,144
516074,0.0061,0.0219,0.9719,144
64119,0.2715,0.3339,0.3946,144
414144,0.7582,0.2130,0.0288,144
520040,0.0024,0.0194,0.9782,144
226603,0.4254,0.3627,0.2119,144
201875,0.0074,0.0316,0.9610,144
231366,0.0313,0.1127,0.8560,145
248746,0.5310,0.4053,0.0637,145
249808,0.0031,0.0190,0.9779,145
424607,0.3512,0.4625,0.1864,145
307232,0.0043,0.0317,0.9640,145
115600,0.0190,0.0625,0.9185,145
48596,0.0042,0.0354,0.9604,145
293390,0.0440,0.1558,0.8002,145
220707,0.0100,0.0544,0.9356,145
181904,0.2921,0.5772,0.1306,145
166191,0.7943,0.1667,0.0390,145
19621,0.0806,0.4189,0.5005,145
422375,0.0051,0.0361,0.9587,145
257186,0.0357,0.2444,0.7199,145
22537,0.6337,0.2585,0.1078,145
475496,0.1630,0.4508,0.3863,145
551031,0.0261,0.0672,0.9067,145
187489,0.5212,0.2911,0.1877,145
152707,0.0431,0.1633,0.7936,145
288026,0.1659,0.4830,0.3511,145
7258,0.0139,0.2596,0.7265,145
38573,0.0278,0.4048,0.5674,145
54912,0.0355,0.0666,0.8979,145
56454,0.1162,0.2662,0.6176,146
190771,0.0089,0.1282,0.8629,146
37889,0.0042,0.0168,0.9789,146
390517,0.0030,0.0146,0.9824,146
288036,0.5531,0.2887,0.1582,146
412967,0.9392,0.0524,0.0084,146
26820,0.0457,0.4427,0.5116,146
444041,0.7670,0.2205,0.0125,146
333054,0.0252,0.1192,0.8556,146
442485,0.0084,0.1913,0.8003,146
128696,0.2129,0.4067,0.3804,146
514536,0.0721,0.2679,0.6600,146
85229,0.0134,0.0649,0.9217,146
123713,0.0832,0.1670,0.7498,146
120138,0.0231,0.2113,0.7656,146
230266,0.0029,0.0219,0.9752,146
321904,0.0420,0.1398,0.8183,146
177882,0.0088,0.0321,0.9591,146
367452,0.0058,0.0172,0.9770,147
548975,0.0060,0.0330,0.9610,147
296468,0.2334,0.3387,0.4280,147
541343,0.0059,0.0498,0.9443,147
252637,0.0052,0.0683,0.9265,147
19429,0.0241,0.4240,0.5519,147
52977,0.6948,0.2572,0.0480,147
314864,0.3194,0.5690,0.1117,147
557462,0.0089,0.0240,0.9671,147
178969,0.4179,0.3826,0.1996,147
127532,0.0425,0.4394,0.5181,147
372529,0.0040,0.0252,0.9708,147
279819,0.0084,0.0484,0.9433,147
356221,0.0027,0.1526,0.8447,147
272763,0.0059,0.0457,0.9484,147
107552,0.0077,0.0847,0.9077,147
85964,0.5874,0.3336,0.0791,147
4123,0.2416,0.4030,0.3554,147
200822,0.0235,0.3782,0.5983,148
37302,0.0616,0.1904,0.7480,148
27429,0.0887,0.3766,0.5347,148
451344,0.4512,0.3801,0.1687,148
111083,0.0118,0.3329,0.6553,148
498423,0.0058,0.1137,0.8805,148
50535,0.0143,0.1978,0.7880,148
213868,0.0046,0.0264,0.9690,148
521419,0.0029,0.0242,0.9729,148
556522,0.0420,0.0906,0.8674,148
96528,0.0047,0.0649,0.9304,148
4564,0.0067,0.0336,0.9597,148
274140,0.0054,0.0151,0.9795,148
157968,0.0087,0.0363,0.9551,148
43296,0.8364,0.1415,0.0221,148
24839,0.0229,0.0425,0.9345,149
17724,0.0085,0.0593,0.9323,149
508934,0.0070,0.0860,0.9070,149
273464,0.0791,0.2613,0.6597,149
529918,0.1080,0.5010,0.3910,149
48742,0.0280,0.2034,0.7685,149
16613,0.0334,0.2336,0.7329,149
224745,0.0215,0.3809,0.5976,149
269375,0.0186,0.0607,0.9207,149
9747,0.0079,0.0422,0.9499,149
518013,0.1208,0.1112,0.7680,149
310842,0.0455,0.1950,0.7595,149
415260,0.1145,0.3690,0.5165,149
195499,0.3333,0.3785,0.2882,149
431672,0.6471,0.2437,0.1091,149
192939,0.0450,0.1945,0.7606,149
191154,0.0073,0.0416,0.9510,149
385370,0.0091,0.0550,0.9359,149
380826,0.0045,0.0298,0.9657,149
56749,0.8057,0.1786,0.0157,149
245718,0.6554,0.2246,0.1200,149
44638,0.0076,0.0349,0.9575,149
526279,0.2179,0.5169,0.2652,149
469730,0.2140,0.6091,0.1769,149
113520,0.0682,0.2561,0.6758,150
63686,0.0041,0.1045,0.8913,150
44694,0.2220,0.3757,0.4024,150
480425,0.7182,0.2158,0.0660,150
206069,0.0076,0.0526,0.9398,150
304254,0.0084,0.0512,0.9403,150
57757,0.0144,0.0702,0.9154,150
319506,0.0046,0.0286,0.9668,150
107207,0.4020,0.4188,0.1792,150
271720,0.0028,0.0350,0.9622,150
242299,0.0091,0.0451,0.9458,150
44616,0.2081,0.3396,0.4524,150
382792,0.4996,0.2573,0.2431,150
39379,0.1444,0.6952,0.1605,150
287631,0.0346,0.2105,0.7549,150
72950,0.0297,0.2924,0.6779,150
244571,0.1113,0.1540,0.7347,150
414390,0.0207,0.1693,0.8099,150
515941,0.0237,0.1230,0.8532,150
74293,0.0540,0.1559,0.7901,150
541419,0.3805,0.5494,0.0701,150
422386,0.1722,0.1096,0.7182,150
238129,0.0388,0.3823,0.5789,151
63344,0.1017,0.4738,0.4245,151
238401,0.0326,0.1034,0.8640,151
258879,0.0049,0.0574,0.9377,151
545921,0.6445,0.2742,0.0813,151
545757,0.2760,0.4641,0.2598,151
297169,0.0163,0.1290,0.8547,151
481140,0.7017,0.2419,0.0564,151
108212,0.0045,0.0392,0.9563,151
90841,0.0839,0.2010,0.7151,151
119805,0.4646,0.3450,0.1904,151
251470,0.1122,0.3469,0.5409,151
436101,0.1042,0.2681,0.6277,151
215498,0.0033,0.0291,0.9676,151
123716,0.0038,0.0271,0.9691,151
111791,0.0421,0.1891,0.7688,151
22034,0.3021,0.5592,0.1387,151
91561,0.7566,0.2132,0.0303,151
373356,0.5740,0.3548,0.0712,151
478365,0.8351,0.1437,0.0212,151
458700,0.0050,0.0376,0.9574,151
41781,0.0275,0.2854,0.6871,151
97950,0.0729,0.2087,0.7185,151
61678,0.1474,0.4279,0.4247,151
513013,0.0208,0.0924,0.8868,151
92975,0.0271,0.0917,0.8811,151
62594,0.0170,0.0559,0.9271,152
294581,0.4332,0.4129,0.1538,152
179656,0.7588,0.2009,0.0403,152
265825,0.0369,0.0706,0.8926,152
53935,0.5781,0.3946,0.0273,152
61871,0.0277,0.3321,0.6402,152
29368,0.0039,0.0285,0.9676,152
67967,0.0076,0.0792,0.9132,152
359933,0.0196,0.1254,0.8550,152
165193,0.0177,0.0776,0.9047,152
459226,0.0063,0.0315,0.9622,152
367054,0.0629,0.4546,0.4826,152
459209,0.8449,0.1146,0.0405,152
241027,0.0036,0.0638,0.9325,152
323054,0.0149,0.0465,0.9386,152
398044,0.0039,0.0263,0.9698,152
458760,0.0545,0.2175,0.7280,152
545447,0.0138,0.2374,0.7488,152
157433,0.3186,0.2724,0.4090,152
71725,0.0365,0.1759,0.7876,152
181975,0.0150,0.1236,0.8613,152
307594,0.0062,0.0330,0.9608,153
547193,0.0103,0.0414,0.9484,153
482757,0.1582,0.6261,0.2157,153
10924,0.2242,0.3082,0.4676,153
41691,0.0292,0.1241,0.8467,153
12856,0.0111,0.0956,0.8932,153
396969,0.5477,0.3404,0.1119,153
229773,0.0282,0.1995,0.7723,153
371318,0.0059,0.0748,0.9194,153
146568,0.4868,0.3230,0.1902,153
215027,0.0043,0.0563,0.9394,153
453606,0.1272,0.4331,0.4396,153
12477,0.6704,0.2666,0.0630,153
70170,0.0044,0.0694,0.9262,153
73905,0.0379,0.1806,0.7815,153
333668,0.0048,0.0230,0.9722,153
282253,0.0062,0.0469,0.9469,153
94805,0.0290,0.1592,0.8118,153
48285,0.0318,0.1078,0.8603,153
67412,0.0142,0.1820,0.8038,153
325940,0.0182,0.0864,0.8954,153
65762,0.0037,0.0469,0.9494,154
564553,0.0156,0.0569,0.9275,154
108305,0.8584,0.1286,0.0130,154
262506,0.8043,0.1406,0.0551,154
7897,0.2248,0.4201,0.3551,154
252471,0.0041,0.0293,0.9665,154
174871,0.8428,0.1347,0.0225,154
5853,0.0049,0.0182,0.9769,154
351200,0.5640,0.4109,0.0251,154
322353,0.8126,0.1597,0.0276,154
387893,0.0056,0.0259,0.9685,154
313951,0.0110,0.0703,0.9187,154
135871,0.0434,0.1713,0.7853,154
431634,0.0337,0.2211,0.7452,154
144792,0.0275,0.2312,0.7413,154
139139,0.0089,0.0419,0.9493,154
179064,0.0050,0.0918,0.9032,154
538992,0.0134,0.0877,0.8989,154
226751,0.6243,0.2923,0.0833,154
476243,0.0164,0.1341,0.8494,154
200806,0.4720,0.3947,0.1334,155
120504,0.5684,0.3249,0.1066,155
231303,0.0072,0.0580,0.9349,155
149910,0.0222,0.2181,0.7596,155
128099,0.8844,0.1063,0.0092,155
147381,0.0946,0.4825,0.4229,155
146634,0.8887,0.1001,0.0112,155
444057,0.0065,0.0486,0.9449,155
463194,0.2157,0.3380,0.4463,155
313544,0.1974,0.3864,0.4163,155
427619,0.0274,0.2410,0.7316,155
274247,0.0191,0.2699,0.7110,155
276779,0.0248,0.0783,0.8969,155
57428,0.0056,0.0175,0.9769,155
175378,0.0261,0.1831,0.7908,155
215921,0.0272,0.2986,0.6742,155
524970,0.0193,0.1040,0.8767,155
470270,0.0088,0.0473,0.9440,155
80288,0.0653,0.5361,0.3986,155
400979,0.4973,0.3977,0.1050,155
279605,0.0348,0.0820,0.8832,155
6846,0.0170,0.1845,0.7984,155
538211,0.4917,0.3043,0.2040,155
387960,0.0589,0.2979,0.6432,155
157636,0.0381,0.2903,0.6715,155
280929,0.0122,0.2202,0.7677,155
7580,0.0357,0.1425,0.8218,155
458823,0.0061,0.0689,0.9250,156
507040,0.7689,0.2128,0.0184,156
165871,0.0133,0.1003,0.8864,156
73968,0.0742,0.4223,0.5035,156
146189,0.1601,0.2898,0.5501,156
248206,0.0401,0.3933,0.5666,156
263707,0.0073,0.0230,0.9696,156
259111,0.0082,0.0905,0.9013,156
292504,0.6476,0.1750,0.1774,156
214002,0.0513,0.2224,0.7263,156
128047,0.0032,0.0256,0.9712,156
522086,0.0092,0.0685,0.9223,156
45873,0.4311,0.2152,0.3537,156
280135,0.0037,0.0924,0.9039,156
19741,0.5448,0.3495,0.1057,156
205665,0.0053,0.0365,0.9582,156
371173,0.0053,0.0448,0.9499,156
492731,0.0195,0.1372,0.8433,156
461870,0.0062,0.0607,0.9331,156
47504,0.5521,0.3585,0.0894,156
271190,0.0111,0.0905,0.8984,156
431581,0.0292,0.1617,0.8091,156
563739,0.0643,0.4653,0.4704,157
89236,0.9116,0.0792,0.0092,157
321435,0.0043,0.0393,0.9564,157
79386,0.0060,0.0167,0.9774,157
225677,0.0157,0.0858,0.8985,157
551692,0.2533,0.2461,0.5006,157
408716,0.2917,0.6228,0.0855,157
278552,0.0112,0.0516,0.9372,157
166965,0.3648,0.4514,0.1839,157
291090,0.1212,0.1919,0.6869,157
277135,0.0123,0.3901,0.5976,157
455079,0.0703,0.3044,0.6252,157
373892,0.0439,0.3340,0.6221,157
290171,0.4088,0.3626,0.2285,157
257664,0.0081,0.1730,0.8189,157
255718,0.6515,0.2607,0.0878,157
544117,0.0377,0.1980,0.7643,157
138613,0.1629,0.2939,0.5432,158
136977,0.0163,0.0840,0.8997,158
152108,0.0058,0.0280,0.9662,158
92447,0.0148,0.0820,0.9032,158
221235,0.0936,0.2660,0.6404,158
226729,0.1174,0.1858,0.6968,158
81691,0.0079,0.0912,0.9009,158
249799,0.0046,0.0296,0.9658,158
333272,0.0108,0.0540,0.9351,158
535079,0.0216,0.3549,0.6234,158
423670,0.0066,0.0752,0.9182,158
49489,0.0133,0.2153,0.7714,158
248937,0.0261,0.4623,0.5115,158
279143,0.0966,0.2265,0.6769,158
87298,0.0386,0.3706,0.5907,158
28074,0.0321,0.4011,0.5668,158
148711,0.6168,0.3153,0.0679,158
346265,0.0429,0.1443,0.8127,158
415735,0.0062,0.1626,0.8313,158
258612,0.0698,0.5274,0.4029,158
31593,0.0034,0.0287,0.9679,158
258492,0.0089,0.0469,0.9441,158
369592,0.6701,0.2477,0.0822,158
222776,0.0216,0.1307,0.8476,159
58434,0.1901,0.5071,0.3028,159
247155,0.0032,0.0360,0.9607,159
175915,0.1956,0.6364,0.1680,159
523352,0.0137,0.0824,0.9039,159
159172,0.0988,0.3347,0.5665,159
441741,0.0022,0.0422,0.9556,159
331691,0.0107,0.0832,0.9061,159
300612,0.0056,0.0405,0.9539,159
74446,0.0257,0.0884,0.8859,159
187260,0.8721,0.1174,0.0105,159
410403,0.0036,0.0852,0.9112,159
439343,0.0054,0.0171,0.9774,159
459208,0.1791,0.3783,0.4426,159
529857,0.0092,0.1402,0.8505,159
110321,0.5017,0.3999,0.0984,159
69541,0.1997,0.4932,0.3072,159
148690,0.0061,0.0268,0.9671,159
194923,0.8676,0.0955,0.0369,159
176941,0.0183,0.1544,0.8272,160
277801,0.1191,0.7278,0.1530,160
404408,0.0083,0.0364,0.9553,160
435116,0.8431,0.1362,0.0207,160
271660,0.0348,0.1658,0.7994,160
81869,0.0333,0.5720,0.3947,160
270121,0.0861,0.2173,0.6967,160
492233,0.0116,0.0862,0.9021,160
44117,0.4922,0.4347,0.0731,160
27660,0.0472,0.6618,0.2910,160
8916,0.0280,0.1975,0.7745,160
145982,0.1362,0.3455,0.5183,160
296475,0.0708,0.3502,0.5790,160
139239,0.8288,0.1564,0.0148,160
478999,0.0495,0.0779,0.8725,160
385492,0.0050,0.0245,0.9705,161
109510,0.0174,0.2435,0.7392,161
332873,0.0074,0.0999,0.8927,161
327466,0.4604,0.4611,0.0785,161
6690,0.2574,0.5043,0.2383,161
107925,0.4598,0.4161,0.1241,161
454852,0.0042,0.0423,0.9534,161
226999,0.8752,0.1117,0.0131,161
66915,0.0032,0.0177,0.9790,161
339544,0.0153,0.0944,0.8903,161
518563,0.3638,0.5658,0.0704,161
525933,0.0959,0.2255,0.6786,161
77605,0.0753,0.3643,0.5604,161
273468,0.0589,0.2195,0.7216,161
99897,0.0028,0.0288,0.9684,161
324229,0.6545,0.2024,0.1432,161
385446,0.0067,0.0299,0.9634,161
91058,0.0039,0.0247,0.9715,162
188440,0.0129,0.0588,0.9283,162
164561,0.3743,0.4014,0.2243,162
48400,0.0029,0.0197,0.9775,162
357121,0.0111,0.1518,0.8371,162
99178,0.3903,0.3735,0.2362,162
299110,0.8052,0.1262,0.0686,162
274552,0.0036,0.0292,0.9672,162
486548,0.0205,0.1547,0.8249,162
417183,0.2381,0.4432,0.3187,162
380063,0.8138,0.1670,0.0192,162
71024,0.1909,0.3507,0.4584,162
237123,0.8611,0.1302,0.0087,162
565044,0.2770,0.3011,0.4220,162
31959,0.7451,0.2144,0.0405,162
407292,0.6444,0.3012,0.0545,162
114166,0.0066,0.0686,0.9249,162
297994,0.0156,0.0468,0.9376,163
95521,0.7159,0.2250,0.0591,163
150264,0.0995,0.1882,0.7122,163
35520,0.5846,0.3866,0.0288,163
516244,0.0066,0.0534,0.9400,163
247541,0.0054,0.0268,0.9678,163
15291,0.6804,0.2434,0.0762,163
270881,0.1099,0.5337,0.3564,163
115304,0.0105,0.0648,0.9247,163
45756,0.1136,0.3741,0.5124,163
248118,0.0257,0.0805,0.8938,163
42849,0.4542,0.3836,0.1623,163
409070,0.1397,0.2903,0.5700,163
247407,0.0643,0.2149,0.7208,163
277766,0.0434,0.2069,0.7497,163
160181,0.0087,0.2464,0.7449,163
322952,0.0589,0.1527,0.7884,163
53425,0.2776,0.3779,0.3445,163
378867,0.4373,0.4074,0.1553,164
564555,0.0050,0.0514,0.9436,164
123953,0.0147,0.2907,0.6946,164
278688,0.7340,0.2468,0.0192,164
127362,0.4774,0.3805,0.1422,164
458500,0.7392,0.2026,0.0583,164
502736,0.0784,0.2289,0.6927,164
547308,0.6835,0.2473,0.0692,164
299075,0.0121,0.0609,0.9270,164
460327,0.0371,0.6896,0.2733,164
406663,0.0151,0.0614,0.9235,164
60178,0.0434,0.2257,0.7308,164
330937,0.6318,0.3085,0.0597,164
249602,0.0036,0.0822,0.9142,164
160742,0.0076,0.0403,0.9521,164
477356,0.2589,0.2919,0.4493,164
425258,0.0270,0.1516,0.8214,164
307530,0.1669,0.6172,0.2158,164
186950,0.0064,0.1097,0.8838,164
103594,0.1914,0.4568,0.3517,165
15332,0.9292,0.0653,0.0055,165
273399,0.0071,0.0350,0.9579,165
240763,0.6476,0.2811,0.0713,165
40313,0.4470,0.4750,0.0781,165
334212,0.1026,0.2836,0.6137,165
344062,0.0269,0.2480,0.7251,165
144878,0.9192,0.0741,0.0067,165
538428,0.0848,0.6060,0.3093,165
499730,0.0100,0.1463,0.8437,165
435117,0.3024,0.4253,0.2723,165
240686,0.0076,0.0409,0.9516,165
275868,0.0399,0.3753,0.5849,165
355280,0.0070,0.0658,0.9272,165
548063,0.8231,0.1668,0.0101,165
447191,0.0087,0.0455,0.9459,165
331047,0.0054,0.0477,0.9469,165
158254,0.1110,0.6109,0.2781,166
557999,0.4037,0.3808,0.2154,166
352845,0.5787,0.3639,0.0573,166
22259,0.0075,0.0490,0.9435,166
156695,0.0087,0.2388,0.7525,166
49459,0.3655,0.4054,0.2290,166
55647,0.7054,0.2466,0.0480,166
57907,0.0111,0.0515,0.9374,166
541156,0.7388,0.2195,0.0417,166
476494,0.0529,0.2954,0.6516,166
542250,0.0093,0.0321,0.9586,166
242207,0.0068,0.0588,0.9344,166
238280,0.0854,0.5195,0.3950,166
536206,0.4845,0.4442,0.0713,166
424296,0.0048,0.0168,0.9785,166
253241,0.0081,0.0638,0.9281,166
271669,0.1013,0.2676,0.6311,166
278249,0.1308,0.4755,0.3937,166
384084,0.0023,0.0153,0.9824,167
325588,0.0863,0.2890,0.6247,167
126671,0.1921,0.5777,0.2302,167
359069,0.0055,0.0631,0.9314,167
50451,0.0743,0.1197,0.8060,167
189098,0.0056,0.0310,0.9635,167
438584,0.0106,0.0660,0.9234,167
444940,0.1918,0.2830,0.5252,167
37279,0.0064,0.0240,0.9696,167
23430,0.0436,0.4536,0.5028,167
456966,0.0040,0.0298,0.9663,167
359853,0.0525,0.1751,0.7724,167
65693,0.5004,0.3967,0.1030,167
147327,0.3477,0.2905,0.3618,167
454115,0.0676,0.5246,0.4078,167
437170,0.4577,0.3694,0.1729,167
384140,0.4282,0.3992,0.1727,167
14112,0.2080,0.3274,0.4646,168
335473,0.6176,0.2873,0.0951,168
524221,0.0775,0.2316,0.6909,168
228474,0.8354,0.1530,0.0115,168
366388,0.0100,0.2857,0.7043,168
400626,0.0433,0.0894,0.8673,168
225406,0.0057,0.0202,0.9741,168
325998,0.0072,0.0920,0.9008,168
278761,0.0403,0.2125,0.7472,168
97733,0.0796,0.7962,0.1242,168
22283,0.0386,0.1968,0.7646,169
486275,0.0220,0.1375,0.8404,169
542182,0.0653,0.2339,0.7008,169
432819,0.1741,0.5853,0.2406,169
319469,0.2246,0.3141,0.4613,169
173692,0.1357,0.4807,0.3836,169
132342,0.0055,0.0233,0.9712,169
564961,0.0257,0.2003,0.7740,169
483917,0.0084,0.0324,0.9592,169
483064,0.0085,0.1017,0.8898,169
79274,0.3872,0.5013,0.1116,169
315282,0.7800,0.1962,0.0238,169
254615,0.0200,0.1808,0.7992,169
166408,0.0485,0.5008,0.4507,170
88917,0.2636,0.5641,0.1723,170
209963,0.0062,0.0373,0.9565,170
566652,0.0146,0.4202,0.5652,170
50722,0.9254,0.0649,0.0097,170
246723,0.0898,0.1707,0.7395,170
466334,0.0580,0.1306,0.8114,170
140082,0.0097,0.1537,0.8366,170
426878,0.0158,0.0909,0.8933,170
501064,0.5868,0.3131,0.1001,170
115251,0.0074,0.0460,0.9465,170
84407,0.0184,0.0697,0.9118,170
549627,0.0222,0.0730,0.9048,170
284760,0.7018,0.2567,0.0415,170
365012,0.0205,0.8704,0.1092,170
117938,0.0118,0.0638,0.9244,171
324812,0.8238,0.1585,0.0177,171
174727,0.5678,0.3465,0.0858,171
253196,0.0108,0.1890,0.8003,171
51908,0.0028,0.0255,0.9717,171
174605,0.0053,0.0876,0.9071,171
123094,0.0466,0.0992,0.8542,171
390025,0.0031,0.0669,0.9300,171
492107,0.2829,0.3879,0.3293,171
503666,0.0074,0.0833,0.9093,171
245380,0.1959,0.3168,0.4873,171
106923,0.1065,0.2521,0.6414,171
139149,0.0092,0.0578,0.9330,171
113474,0.0040,0.0139,0.9821,171
261980,0.0187,0.1600,0.8213,171
473921,0.7501,0.2175,0.0324,171
321494,0.0494,0.2011,0.7495,171
142774,0.1117,0.2218,0.6665,171
371940,0.0121,0.3492,0.6388,172
149621,0.0124,0.0665,0.9211,172
367062,0.0094,0.0853,0.9053,172
156276,0.5259,0.4209,0.0533,172
215828,0.2350,0.3650,0.3999,172
543759,0.1858,0.4318,0.3824,172
400244,0.2742,0.3312,0.3946,172
524811,0.6482,0.2900,0.0618,172
219829,0.3443,0.3221,0.3336,172
524972,0.0040,0.0442,0.9519,172
493579,0.0169,0.2297,0.7534,173
469678,0.0039,0.0754,0.9207,173
57891,0.3761,0.3825,0.2414,173
60410,0.2625,0.4043,0.3333,173
558097,0.1394,0.6193,0.2413,173
208195,0.0093,0.0689,0.9218,173
247545,0.0037,0.0594,0.9369,173
9621,0.0182,0.0733,0.9085,173
342596,0.0120,0.1001,0.8879,173
311111,0.8536,0.1254,0.0210,173
268153,0.0291,0.1180,0.8528,173
424696,0.0107,0.2076,0.7817,173
465423,0.0206,0.0507,0.9287,173
53567,0.0039,0.0301,0.9660,173
54352,0.0033,0.0501,0.9466,173
89432,0.0111,0.0676,0.9214,173
246434,0.2898,0.6127,0.0975,174
494633,0.2695,0.4553,0.2752,174
333411,0.0115,0.0441,0.9444,174
501538,0.0235,0.0735,0.9030,174
16511,0.0198,0.0736,0.9066,174
251008,0.3526,0.4211,0.2263,174
64433,0.0114,0.0574,0.9312,174
515538,0.0693,0.6172,0.3135,174
24527,0.7300,0.2519,0.0182,174
476240,0.5739,0.3180,0.1080,174
22410,0.0749,0.4358,0.4892,174
202823,0.2862,0.3618,0.3521,174
347402,0.0029,0.0386,0.9586,174
187390,0.0052,0.0540,0.9408,174
560806,0.0662,0.2088,0.7250,174
535485,0.0616,0.2088,0.7295,174
547041,0.0141,0.0815,0.9043,175
447794,0.0101,0.1439,0.8459,175
291011,0.0788,0.3560,0.5652,175
39785,0.0049,0.0226,0.9725,175
307277,0.5150,0.4340,0.0510,175
11904,0.4693,0.3792,0.1516,175
490126,0.0352,0.1897,0.7751,175
153375,0.0079,0.0622,0.9299,175
93039,0.0383,0.3218,0.6399,175
543949,0.0663,0.6887,0.2451,175
27679,0.0074,0.1830,0.8096,175
5001,0.0038,0.0126,0.9837,175
45441,0.0076,0.0516,0.9408,175
10060,0.7680,0.2096,0.0225,175
232929,0.6921,0.1905,0.1173,176
108899,0.1282,0.2923,0.5796,176
520936,0.8187,0.1686,0.0127,176
222891,0.0244,0.3651,0.6105,176
45626,0.0117,0.1148,0.8735,176
281211,0.2393,0.4833,0.2774,176
484628,0.0096,0.0473,0.9431,176
525491,0.0136,0.0660,0.9204,176
211612,0.5709,0.3369,0.0922,176
324047,0.0648,0.1720,0.7631,176
313620,0.3960,0.5170,0.0870,176
349912,0.0680,0.1932,0.7388,176
46285,0.8839,0.1009,0.0152,176
27417,0.4050,0.4525,0.1425,176
136022,0.0085,0.0469,0.9446,176
313896,0.8480,0.1346,0.0174,176
546934,0.0146,0.1597,0.8257,177
327370,0.0039,0.0171,0.9790,177
460375,0.8954,0.0943,0.0103,177
22088,0.5469,0.3962,0.0569,177
176220,0.1766,0.6464,0.1770,177
554206,0.0251,0.2081,0.7668,177
111956,0.0055,0.0156,0.9789,177
339850,0.0159,0.0944,0.8896,177
89406,0.0108,0.2377,0.7515,177
50922,0.0100,0.0686,0.9214,177
366290,0.0349,0.1038,0.8613,177
471783,0.0256,0.0997,0.8746,177
311084,0.0286,0.1348,0.8366,177
314974,0.0063,0.0292,0.9644,177
136061,0.2115,0.3138,0.4747,178
332851,0.0665,0.2693,0.6642,178
107668,0.7256,0.2485,0.0259,178
335990,0.4163,0.4149,0.1688,178
29814,0.0081,0.1128,0.8791,178
2458,0.0060,0.0358,0.9582,178
529858,0.0356,0.0953,0.8692,178
279929,0.0057,0.0430,0.9513,178
291770,0.0051,0.1086,0.8862,179
545164,0.0459,0.1142,0.8399,179
150088,0.8178,0.1559,0.0263,179
28311,0.0127,0.0524,0.9349,179
183948,0.0037,0.0443,0.9520,179
94990,0.3673,0.3279,0.3048,179
193150,0.0601,0.3980,0.5419,179
63561,0.8828,0.1059,0.0113,179
413261,0.0161,0.1809,0.8031,179
515477,0.0075,0.1102,0.8823,179
285691,0.2284,0.3268,0.4448,179
513528,0.0076,0.0321,0.9603,179
50568,0.4061,0.3197,0.2742,179
376804,0.0174,0.1042,0.8784,179
47072,0.0075,0.0841,0.9084,179
365021,0.0047,0.0287,0.9667,179
373393,0.0109,0.2546,0.7345,180
55538,0.7071,0.2574,0.0355,180
197035,0.2241,0.4088,0.3671,180
27408,0.0765,0.3554,0.5682,180
180641,0.0046,0.0179,0.9775,180
227083,0.0064,0.0168,0.9768,180
104781,0.0323,0.2241,0.7436,180
431983,0.0422,0.2140,0.7439,180
429839,0.3579,0.4028,0.2393,180
118162,0.0119,0.5055,0.4826,180
445344,0.7391,0.1838,0.0771,180
240384,0.0420,0.2689,0.6891,180
245638,0.0297,0.6373,0.3330,180
492779,0.5284,0.3502,0.1213,181
75811,0.3833,0.4152,0.2016,181
22071,0.6825,0.2848,0.0327,181
72176,0.0296,0.1300,0.8404,181
18141,0.0158,0.0612,0.9230,181
422548,0.4991,0.4126,0.0883,181
480399,0.0807,0.5123,0.4070,181
148754,0.0137,0.1077,0.8785,181
311301,0.0692,0.1910,0.7398,181
520868,0.0291,0.1393,0.8317,181
177373,0.1171,0.1883,0.6946,181
497247,0.6228,0.2929,0.0843,181
398146,0.0106,0.0603,0.9292,181
82771,0.0162,0.1258,0.8580,181
284577,0.2805,0.5347,0.1848,181
507515,0.2209,0.3741,0.4051,182
259688,0.0692,0.3724,0.5584,182
281730,0.9103,0.0824,0.0073,182
87170,0.0062,0.0397,0.9541,182
120496,0.6503,0.3031,0.0466,182
209073,0.6288,0.3249,0.0463,182
118308,0.0557,0.1711,0.7732,182
524214,0.0120,0.3614,0.6266,182
47766,0.0032,0.0442,0.9526,182
203647,0.6101,0.3166,0.0732,182
500231,0.0239,0.1679,0.8082,182
31554,0.0043,0.0345,0.9612,182
30224,0.0048,0.0967,0.8984,182
16722,0.0658,0.6927,0.2414,182
172404,0.0189,0.1506,0.8305,182
72575,0.3569,0.4914,0.1517,182
377700,0.8254,0.1451,0.0295,183
59078,0.0061,0.0543,0.9396,183
474575,0.0255,0.0781,0.8964,183
160865,0.0076,0.2229,0.7695,183
32627,0.0220,0.1154,0.8626,183
69540,0.8711,0.1135,0.0154,183
151105,0.0264,0.1500,0.8236,183
194844,0.7488,0.2033,0.0480,183
146050,0.4207,0.4591,0.1202,183
277049,0.5620,0.3381,0.0999,183
240312,0.2755,0.4453,0.2791,183
52190,0.0577,0.4110,0.5314,183
132612,0.2924,0.5743,0.1332,183
48448,0.0055,0.0501,0.9443,184
271666,0.0300,0.2683,0.7018,184
353485,0.1271,0.3455,0.5274,184
85766,0.0386,0.6738,0.2876,184
459158,0.0458,0.1160,0.8382,184
353578,0.6116,0.3418,0.0466,184
370481,0.2056,0.5800,0.2144,184
267002,0.0279,0.2168,0.7553,184
252253,0.7927,0.1856,0.0216,184
22215,0.0808,0.3640,0.5552,184
437800,0.1006,0.3321,0.5672,184
47074,0.1036,0.3624,0.5340,184
454344,0.0382,0.3906,0.5712,184
150695,0.8302,0.1311,0.0386,185
99473,0.1172,0.4176,0.4652,185
233533,0.0736,0.2332,0.6931,185
421631,0.1255,0.6784,0.1961,185
198188,0.3049,0.4242,0.2709,185
93587,0.0135,0.0582,0.9283,185
504173,0.0042,0.0285,0.9673,185
375397,0.1037,0.2139,0.6824,185
297879,0.2809,0.5935,0.1255,185
4816,0.1102,0.6880,0.2018,185
115919,0.0084,0.0392,0.9524,185
41764,0.0041,0.0777,0.9181,185
267786,0.0039,0.0418,0.9543,185
190354,0.0193,0.0661,0.9145,185
250592,0.0173,0.4536,0.5291,185
411704,0.0356,0.2872,0.6771,185
416210,0.2919,0.6051,0.1030,186
59448,0.0055,0.0308,0.9637,186
144850,0.0198,0.2382,0.7420,186
302645,0.6017,0.3672,0.0311,186
423700,0.4837,0.3227,0.1935,186
334309,0.1970,0.4878,0.3152,186
415088,0.0038,0.0244,0.9718,186
292269,0.0090,0.0858,0.9051,186
410684,0.0279,0.1569,0.8152,186
330187,0.0597,0.6138,0.3265,187
464533,0.0078,0.1677,0.8245,187
135126,0.3706,0.5054,0.1240,187
476759,0.1028,0.2070,0.6902,187
93628,0.1987,0.3276,0.4738,187
136631,0.0369,0.0610,0.9021,187
216708,0.0131,0.0580,0.9290,187
390216,0.6789,0.2748,0.0463,187
239165,0.1727,0.3556,0.4717,187
20253,0.1699,0.5359,0.2942,187
153361,0.0305,0.1109,0.8586,187
34086,0.5241,0.4178,0.0581,187
255062,0.0372,0.2258,0.7371,187
167734,0.1888,0.3213,0.4899,188
64471,0.0346,0.3283,0.6371,188
396751,0.6754,0.2875,0.0371,188
479860,0.2995,0.3993,0.3012,188
6041,0.3546,0.4775,0.1680,188
434426,0.2851,0.5344,0.1804,188
281824,0.0537,0.1685,0.7777,188
248315,0.1687,0.4687,0.3626,188
473617,0.0229,0.3033,0.6738,188
165697,0.0940,0.7345,0.1715,188
126374,0.0036,0.0962,0.9002,188
215511,0.0044,0.0454,0.9502,188
249650,0.0233,0.1117,0.8650,189
140336,0.5690,0.2771,0.1539,189
210688,0.0302,0.4336,0.5362,189
160291,0.0062,0.1157,0.8780,189
194690,0.1513,0.5772,0.2714,189
237773,0.0390,0.0959,0.8651,189
376029,0.0439,0.1478,0.8083,189
551250,0.8483,0.1321,0.0196,189
188738,0.0660,0.2134,0.7206,189
378941,0.0114,0.1584,0.8301,190
444289,0.8912,0.0993,0.0095,190
296194,0.4882,0.4183,0.0934,190
186005,0.0348,0.1921,0.7731,190
77511,0.0176,0.1911,0.7914,190
396497,0.0321,0.2231,0.7448,190
315051,0.0079,0.0389,0.9532,190
39862,0.0165,0.4769,0.5066,190
89604,0.0264,0.6118,0.3618,190
127480,0.0120,0.1898,0.7981,190
257179,0.6076,0.3401,0.0523,190
128932,0.0201,0.2073,0.7726,190
60501,0.0084,0.0299,0.9617,191
446202,0.0259,0.3981,0.5760,191
399034,0.7596,0.1708,0.0696,191
299782,0.0120,0.0923,0.8957,191
548020,0.0253,0.1446,0.8301,191
462135,0.0057,0.0773,0.9170,191
66902,0.1133,0.2028,0.6839,191
292907,0.0807,0.4784,0.4409,191
209102,0.1389,0.4006,0.4605,191
334354,0.0025,0.0489,0.9486,192
380692,0.0754,0.4991,0.4255,192
64563,0.3006,0.5024,0.1970,192
362781,0.0481,0.3136,0.6383,192
65017,0.3517,0.5553,0.0930,192
451153,0.4072,0.3702,0.2226,192
498692,0.0969,0.1492,0.7539,192
465180,0.0746,0.3444,0.5810,192
99739,0.0102,0.2862,0.7036,192
467739,0.2157,0.4824,0.3019,192
259431,0.0041,0.0782,0.9177,192
292407,0.4118,0.3427,0.2454,193
454016,0.7345,0.2410,0.0245,193
232175,0.1985,0.3129,0.4886,193
347618,0.0035,0.0389,0.9577,193
14176,0.0681,0.4549,0.4770,193
162961,0.0102,0.1928,0.7970,193
469291,0.0524,0.2924,0.6552,193
111831,0.2863,0.5708,0.1428,193
526097,0.0309,0.1540,0.8151,193
41133,0.0034,0.0424,0.9542,193
247819,0.7630,0.1951,0.0420,193
375236,0.4740,0.4816,0.0444,193
95440,0.7792,0.2077,0.0131,193
113122,0.0081,0.0483,0.9435,193
12731,0.0344,0.4452,0.5204,193
267228,0.0119,0.0530,0.9352,193
282460,0.0042,0.0988,0.8970,194
53592,0.3291,0.3435,0.3274,194
284496,0.1494,0.2817,0.5689,194
503638,0.5104,0.3470,0.1426,194
98179,0.0216,0.0906,0.8877,194
50698,0.0157,0.1311,0.8532,194
378637,0.5615,0.3533,0.0852,194
493808,0.2079,0.4167,0.3755,194
389972,0.5273,0.3729,0.0998,194
280163,0.0358,0.1068,0.8574,194
424884,0.0115,0.1194,0.8692,195
51725,0.6927,0.2334,0.0739,195
41545,0.8538,0.1286,0.0177,195
253450,0.0348,0.2460,0.7191,195
315340,0.1497,0.4730,0.3773,195
328635,0.0056,0.1749,0.8196,195
422520,0.2241,0.2848,0.4911,195
235677,0.0114,0.0556,0.9330,195
34889,0.0050,0.0802,0.9148,196
127442,0.1976,0.4003,0.4021,196
63315,0.1845,0.4727,0.3428,196
246701,0.5445,0.3239,0.1316,196
539859,0.0620,0.2732,0.6648,196
272566,0.0165,0.0668,0.9167,196
551796,0.0454,0.2843,0.6703,196
416710,0.0331,0.1271,0.8398,196
261385,0.0131,0.0552,0.9317,196
60268,0.1259,0.3709,0.5032,197
21950,0.0187,0.0644,0.9170,197
201870,0.0085,0.0454,0.9461,197
113528,0.1573,0.6578,0.1849,197
86140,0.4833,0.4232,0.0935,197
307461,0.0362,0.1733,0.7905,197
451022,0.0528,0.4150,0.5321,197
53526,0.0177,0.1247,0.8577,197
369188,0.5608,0.4210,0.0182,198
483843,0.0981,0.1295,0.7724,198
237354,0.0116,0.0584,0.9300,198
237833,0.7925,0.1785,0.0291,198
332358,0.2776,0.3556,0.3668,198
185018,0.0310,0.5109,0.4581,198
265003,0.6405,0.3299,0.0296,198
341793,0.0033,0.0676,0.9291,198
187589,0.0049,0.1035,0.8916,198
240113,0.2274,0.6356,0.1370,198
239837,0.0540,0.2385,0.7075,198
129821,0.1230,0.2959,0.5811,198
133069,0.0046,0.0679,0.9274,198
81890,0.0164,0.1199,0.8638,198
100831,0.0205,0.1061,0.8734,199
47986,0.0505,0.6990,0.2505,199
276704,0.0039,0.0393,0.9569,199
138039,0.1702,0.4423,0.3875,199
253118,0.0056,0.1469,0.8476,199
540807,0.3362,0.4367,0.2271,199
389070,0.0094,0.0553,0.9353,199
43300,0.1762,0.3721,0.4517,199
439952,0.6980,0.2756,0.0264,199
206216,0.0062,0.0300,0.9639,199
332896,0.0344,0.2866,0.6790,199
389483,0.0867,0.1625,0.7507,200
370804,0.0044,0.0197,0.9759,200
30434,0.0253,0.0771,0.8976,200
133338,0.0859,0.1917,0.7225,200
209135,0.0286,0.1426,0.8288,200
275833,0.6650,0.2290,0.1060,200
546685,0.0104,0.0416,0.9480,200
286944,0.0126,0.2199,0.7675,200
288025,0.0181,0.1945,0.7875,200
7797,0.3470,0.6106,0.0424,200
540633,0.0077,0.2751,0.7171,201
8813,0.0109,0.0427,0.9464,201
457706,0.7996,0.1725,0.0279,201
99369,0.2911,0.4958,0.2132,201
321659,0.0295,0.1016,0.8689,202
352626,0.1862,0.3288,0.4850,202
175989,0.0586,0.2963,0.6451,202
115038,0.0209,0.0895,0.8897,202
103261,0.0059,0.0481,0.9460,202
474514,0.0124,0.1348,0.8528,202
532153,0.0024,0.0286,0.9690,202
493679,0.0232,0.6845,0.2923,202
151341,0.4471,0.4360,0.1169,202
252545,0.0053,0.0459,0.9489,202
276533,0.8993,0.0899,0.0108,202
415628,0.0068,0.0585,0.9347,202
210210,0.0260,0.3622,0.6119,202
55087,0.3859,0.3945,0.2196,202
284257,0.4846,0.3748,0.1406,202
341822,0.0323,0.2607,0.7070,202
108979,0.0857,0.3499,0.5645,203
166443,0.0067,0.0332,0.9600,203
163553,0.0864,0.3470,0.5666,203
30285,0.2073,0.5249,0.2679,203
343831,0.7780,0.2034,0.0186,203
404322,0.2026,0.5417,0.2558,203
368028,0.0233,0.1042,0.8726,203
276522,0.0895,0.6394,0.2711,203
48445,0.0062,0.0477,0.9461,203
238219,0.0203,0.2995,0.6802,203
77638,0.1014,0.3758,0.5228,203
254621,0.8706,0.1131,0.0164,203
537668,0.4523,0.3956,0.1522,203
40039,0.3341,0.5364,0.1296,203
19907,0.0075,0.0775,0.9150,204
227251,0.2787,0.6021,0.1191,204
419938,0.0047,0.0626,0.9328,204
79874,0.4526,0.3356,0.2118,204
178026,0.0452,0.6476,0.3073,204
327886,0.0114,0.1081,0.8805,204
205140,0.2581,0.4494,0.2924,204
492074,0.0106,0.0693,0.9202,204
71351,0.7466,0.2245,0.0289,205
506517,0.0101,0.2106,0.7793,205
299638,0.4808,0.4537,0.0655,205
405173,0.4518,0.3785,0.1697,205
200589,0.6043,0.3464,0.0493,205
94949,0.0829,0.2815,0.6356,205
409540,0.0904,0.3226,0.5870,206
427154,0.0278,0.0789,0.8933,206
401946,0.0060,0.2121,0.7818,206
466775,0.0153,0.1301,0.8546,206
101703,0.0348,0.3123,0.6529,206
6692,0.0097,0.1041,0.8861,206
92525,0.0031,0.0254,0.9715,206
318412,0.0103,0.0674,0.9223,207
7210,0.0805,0.5607,0.3589,207
120026,0.6837,0.2649,0.0514,207
126159,0.0055,0.0658,0.9287,207
75284,0.1157,0.4863,0.3981,207
551243,0.3412,0.2702,0.3887,207
524008,0.7453,0.2289,0.0258,207
464411,0.2645,0.6994,0.0362,207
393760,0.7929,0.1840,0.0231,207
194726,0.0088,0.0766,0.9146,207
9456,0.1726,0.3219,0.5054,207
222351,0.4207,0.3754,0.2038,207
133272,0.0085,0.0558,0.9357,207
132470,0.0119,0.0745,0.9136,207
459219,0.0066,0.1386,0.8548,207
529432,0.0252,0.1970,0.7778,207
353726,0.0087,0.1244,0.8669,207
14697,0.2643,0.3196,0.4161,208
267564,0.0703,0.2791,0.6505,208
396412,0.0043,0.0476,0.9481,208
107618,0.6962,0.2726,0.0312,208
400398,0.0222,0.2381,0.7397,208
478130,0.0064,0.1637,0.8298,208
524963,0.5246,0.3768,0.0986,208
60742,0.0490,0.2990,0.6521,208
397278,0.0079,0.0386,0.9535,208
407136,0.0242,0.0903,0.8855,209
388004,0.0062,0.0564,0.9374,209
183932,0.0137,0.1770,0.8092,209
63110,0.0353,0.3051,0.6596,209
334814,0.0060,0.0676,0.9265,209
274367,0.1566,0.2816,0.5618,209
95957,0.6161,0.3209,0.0629,209
177941,0.2238,0.2867,0.4895,209
464694,0.1291,0.5901,0.2808,210
265594,0.0057,0.1371,0.8572,210
525210,0.3214,0.5467,0.1319,210
266327,0.7686,0.1956,0.0358,210
71373,0.2692,0.4859,0.2449,210
474583,0.0149,0.1185,0.8665,211
249583,0.0843,0.2245,0.6912,211
351860,0.0074,0.0655,0.9271,211
415441,0.0080,0.1201,0.8719,211
62564,0.0433,0.1031,0.8536,211
71146,0.0254,0.1662,0.8084,211
126572,0.0324,0.2671,0.7005,211
183531,0.0057,0.0330,0.9613,211
324634,0.0239,0.0851,0.8909,211
532159,0.0237,0.2738,0.7024,211
188439,0.2896,0.5481,0.1623,212
128660,0.0035,0.0600,0.9365,212
234258,0.2973,0.2544,0.4483,212
281704,0.1861,0.6011,0.2128,212
529160,0.0449,0.0878,0.8673,212
399285,0.0061,0.0575,0.9364,212
247849,0.0032,0.0393,0.9575,212
449277,0.0240,0.0895,0.8864,212
130499,0.0040,0.0310,0.9650,212
19144,0.3699,0.5668,0.0633,212
114126,0.0959,0.1790,0.7252,213
335384,0.0037,0.0288,0.9674,213
134266,0.6857,0.2940,0.0202,213
339814,0.0280,0.0699,0.9021,213
386900,0.7613,0.2038,0.0348,213
95523,0.1006,0.1577,0.7416,213
79101,0.0058,0.0568,0.9374,213
20387,0.0133,0.1560,0.8307,213
480977,0.0187,0.1233,0.8579,213
261077,0.2212,0.6387,0.1402,213
290136,0.3061,0.5373,0.1566,213
216132,0.0645,0.2207,0.7149,213
400060,0.1050,0.5879,0.3071,214
408242,0.8921,0.0986,0.0093,214
234182,0.0040,0.0270,0.9690,214
479228,0.0107,0.0946,0.8947,214
190540,0.0883,0.7555,0.1562,214
302931,0.0573,0.2305,0.7122,214
300524,0.0659,0.3069,0.6272,214
255993,0.0666,0.2605,0.6729,214
494542,0.0403,0.5097,0.4501,215
349538,0.0184,0.3904,0.5912,215
176301,0.0073,0.5680,0.4247,215
190465,0.0283,0.5997,0.3719,215
190302,0.0410,0.0890,0.8701,215
30338,0.2951,0.4159,0.2890,215
355121,0.0142,0.2017,0.7841,215
524060,0.0167,0.1116,0.8718,215
448671,0.0050,0.0385,0.9566,215
457908,0.0648,0.1537,0.7815,215
154906,0.0059,0.0546,0.9396,216
115485,0.0975,0.4418,0.4607,216
397486,0.0030,0.0392,0.9578,216
234419,0.3775,0.4659,0.1566,216
358336,0.0135,0.2814,0.7051,216
253425,0.8049,0.1772,0.0179,216
270374,0.0034,0.0816,0.9150,216
491094,0.0026,0.0119,0.9855,216
402395,0.0032,0.0154,0.9814,216
543821,0.1252,0.6401,0.2347,217
52146,0.0106,0.0387,0.9507,217
373952,0.0029,0.0468,0.9503,217
186622,0.1085,0.1563,0.7352,217
182373,0.0492,0.3717,0.5791,217
245800,0.2832,0.6548,0.0619,218
335393,0.0080,0.0615,0.9305,218
540574,0.2275,0.2797,0.4928,218
125541,0.3999,0.3597,0.2404,218
124525,0.3628,0.3445,0.2927,218
311649,0.0891,0.3628,0.5482,218
400070,0.0034,0.0388,0.9578,218
32745,0.0110,0.0879,0.9011,218
382292,0.0761,0.3239,0.6000,218
432963,0.0063,0.0467,0.9470,219
245823,0.5859,0.3488,0.0653,219
458307,0.1117,0.4338,0.4545,219
21563,0.7354,0.2476,0.0170,219
424945,0.0074,0.0554,0.9372,219
133149,0.0532,0.4467,0.5001,219
121288,0.0273,0.0885,0.8842,219
23108,0.0118,0.1049,0.8834,220
551983,0.0054,0.0263,0.9683,220
457422,0.4582,0.3851,0.1567,220
381733,0.5582,0.2793,0.1625,220
428134,0.8707,0.1142,0.0151,220
70211,0.0035,0.0278,0.9688,220
229828,0.0213,0.3186,0.6601,220
195005,0.0629,0.8991,0.0380,221
288985,0.7986,0.1764,0.0250,221
299933,0.0139,0.1370,0.8492,221
280117,0.4181,0.3667,0.2153,221
115896,0.0061,0.0770,0.9169,221
60005,0.0180,0.4813,0.5007,221
524007,0.0507,0.7953,0.1540,221
53263,0.2593,0.3522,0.3885,221
466265,0.0108,0.0896,0.8997,221
511956,0.5512,0.3812,0.0676,221
491702,0.0671,0.2623,0.6706,221
485947,0.8428,0.1387,0.0185,222
445613,0.7704,0.2017,0.0278,222
288795,0.0246,0.0617,0.9137,222
544983,0.5825,0.3754,0.0421,222
240172,0.6059,0.3544,0.0397,222
50732,0.0036,0.0243,0.9721,222
185147,0.0196,0.1870,0.7934,222
318962,0.0040,0.0255,0.9705,222
82363,0.3510,0.3898,0.2592,222
293177,0.7907,0.1765,0.0328,222
167629,0.0034,0.0284,0.9682,222
219404,0.0042,0.0218,0.9740,222
551385,0.9068,0.0855,0.0077,223
342603,0.0661,0.4044,0.5294,223
282375,0.0476,0.1234,0.8290,223
330403,0.7165,0.2239,0.0597,223
101269,0.7719,0.1774,0.0507,223
254235,0.1085,0.1657,0.7258,223
210720,0.0041,0.0368,0.9592,223
418145,0.6969,0.2711,0.0320,223
564539,0.5034,0.4300,0.0667,224
153512,0.0126,0.1387,0.8488,224
31366,0.1248,0.6869,0.1884,224
89131,0.0059,0.0424,0.9516,224
284319,0.1482,0.4289,0.4229,224
306694,0.4786,0.4617,0.0597,224
16976,0.0814,0.2936,0.6250,224
326419,0.7123,0.2320,0.0557,224
97678,0.0673,0.1568,0.7759,225
445347,0.7931,0.1751,0.0318,225
136696,0.0040,0.0531,0.9429,225
71650,0.0180,0.3169,0.6652,225
474585,0.0175,0.0772,0.9053,225
375101,0.1663,0.3959,0.4378,226
546548,0.2617,0.5932,0.1451,226
541230,0.1363,0.4905,0.3731,226
21961,0.0620,0.2567,0.6813,226
278210,0.6424,0.3343,0.0232,226
18502,0.0223,0.1648,0.8129,226
542879,0.0063,0.0308,0.9629,226
179535,0.1245,0.6982,0.1774,226
358482,0.0191,0.1044,0.8765,226
538029,0.0178,0.4803,0.5019,227
11143,0.7600,0.2151,0.0249,227
124605,0.0703,0.5673,0.3624,227
409151,0.6465,0.3166,0.0368,227
432953,0.1663,0.6954,0.1382,227
157851,0.6686,0.2625,0.0690,227
367526,0.2080,0.1828,0.6092,227
188049,0.3250,0.3963,0.2788,227
316072,0.0342,0.4242,0.5417,228
269716,0.6919,0.2261,0.0820,228
148923,0.8355,0.1520,0.0125,228
451572,0.5746,0.3427,0.0827,228
175189,0.0076,0.1080,0.8845,228
511914,0.0152,0.1591,0.8257,229
528966,0.0189,0.2171,0.7639,229
290758,0.3125,0.5563,0.1312,229
124810,0.1272,0.6637,0.2091,229
481866,0.0074,0.0531,0.9396,229
177110,0.0107,0.0819,0.9074,229
55658,0.0472,0.1623,0.7904,229
253023,0.2770,0.5264,0.1967,229
281512,0.0070,0.1005,0.8925,229
526117,0.3027,0.5710,0.1262,229
377502,0.0102,0.0404,0.9494,230
177085,0.0204,0.0831,0.8965,230
86335,0.0579,0.1808,0.7614,230
318584,0.0029,0.0168,0.9803,230
506360,0.0807,0.2026,0.7167,230
115521,0.1288,0.7914,0.0799,230
121287,0.0127,0.0839,0.9034,230
377602,0.5293,0.4342,0.0365,231
95927,0.1203,0.5179,0.3618,231
163968,0.3103,0.2916,0.3980,231
103203,0.0028,0.0205,0.9767,231
36664,0.1922,0.3859,0.4219,231
371921,0.7808,0.1986,0.0206,231
194901,0.0055,0.0324,0.9621,231
548079,0.0074,0.1932,0.7995,231
70031,0.0699,0.7652,0.1650,231
131692,0.0876,0.4718,0.4405,232
187487,0.4158,0.3734,0.2107,232
137947,0.7819,0.2055,0.0126,232
471683,0.0240,0.3805,0.5955,233
68604,0.0141,0.0609,0.9251,233
384724,0.0356,0.1908,0.7736,233
393723,0.0150,0.1027,0.8823,233
170745,0.6728,0.2520,0.0752,233
457117,0.0945,0.4339,0.4716,233
375451,0.2423,0.7030,0.0547,233
25145,0.0209,0.1590,0.8201,233
44052,0.0147,0.0459,0.9394,234
123161,0.0741,0.5604,0.3655,234
316371,0.1428,0.5320,0.3252,234
469978,0.2151,0.5182,0.2667,234
133419,0.0117,0.3039,0.6844,234
526816,0.6894,0.2579,0.0526,234
549134,0.7022,0.2551,0.0427,234
199415,0.0058,0.0638,0.9303,235
81813,0.0095,0.0894,0.9011,235
294466,0.0379,0.2469,0.7152,235
564725,0.0221,0.1052,0.8728,235
260931,0.1415,0.5088,0.3496,236
252878,0.8366,0.1387,0.0246,236
210112,0.5427,0.3489,0.1084,237
83752,0.0075,0.0852,0.9073,237
376162,0.0487,0.2974,0.6539,237
543930,0.0174,0.0855,0.8971,237
494020,0.6372,0.3084,0.0544,237
116116,0.1321,0.3668,0.5011,237
170248,0.9229,0.0668,0.0103,237
129150,0.0321,0.3166,0.6512,237
298924,0.0738,0.3575,0.5687,238
147275,0.0033,0.0271,0.9696,238
189445,0.0042,0.0168,0.9791,238
127702,0.0149,0.0778,0.9073,238
148899,0.0986,0.2423,0.6591,239
25191,0.0092,0.0597,0.9311,239
221910,0.0048,0.0384,0.9568,239
187492,0.0560,0.6439,0.3001,239
250638,0.0047,0.0347,0.9606,239
14301,0.4318,0.5309,0.0373,239
99638,0.0041,0.0328,0.9631,239
470889,0.0062,0.0343,0.9595,240
13843,0.0060,0.0445,0.9495,240
304542,0.0281,0.6612,0.3107,240
445445,0.0133,0.0564,0.9303,240
149701,0.0111,0.1258,0.8631,241
479224,0.2082,0.3846,0.4073,241
353576,0.0137,0.3251,0.6613,241
497131,0.0383,0.1819,0.7798,241
6245,0.0163,0.0970,0.8867,242
127569,0.6446,0.3015,0.0539,242
171485,0.0362,0.1847,0.7791,242
505108,0.0226,0.2763,0.7011,243
223543,0.0239,0.0979,0.8782,243
527066,0.6179,0.3642,0.0180,243
541930,0.0238,0.2356,0.7406,243
63624,0.0356,0.0851,0.8793,243
442398,0.9164,0.0753,0.0083,243
31831,0.4364,0.4289,0.1347,243
78503,0.0997,0.3063,0.5940,243
130743,0.6583,0.3109,0.0308,243
39083,0.0047,0.0929,0.9024,243
194472,0.3559,0.4574,0.1867,244
212321,0.0068,0.0413,0.9519,244
100703,0.0049,0.0495,0.9457,244
17410,0.0266,0.5378,0.4357,244
559895,0.3399,0.5910,0.0691,244
431775,0.0029,0.0154,0.9816,244
104090,0.5847,0.3018,0.1134,244
53295,0.5484,0.3694,0.0822,245
80041,0.1156,0.2734,0.6110,245
324221,0.0167,0.1375,0.8458,245
484025,0.0741,0.3228,0.6032,246
315397,0.0130,0.4717,0.5153,246
521421,0.0392,0.2978,0.6629,246
11163,0.0043,0.0379,0.9577,246
7227,0.0230,0.0548,0.9222,246
557450,0.0384,0.5415,0.4201,246
311364,0.6412,0.2314,0.1274,246
91010,0.0031,0.0192,0.9777,247
441909,0.1796,0.3545,0.4659,247
481211,0.1631,0.6514,0.1855,247
203651,0.0287,0.3623,0.6090,247
537084,0.8337,0.1424,0.0239,247
81772,0.1718,0.7104,0.1178,248
36502,0.5117,0.4372,0.0511,248
176217,0.0033,0.0139,0.9827,248
248235,0.8443,0.1273,0.0284,249
262656,0.0312,0.3078,0.6610,249
323912,0.0227,0.1572,0.8201,250
426551,0.0210,0.0860,0.8930,250
76878,0.2753,0.5726,0.1521,250
23149,0.1480,0.7486,0.1034,250
20378,0.3041,0.3861,0.3098,251
284175,0.0589,0.3613,0.5799,251
534545,0.0981,0.4649,0.4371,251
175468,0.1643,0.3427,0.4930,251
270965,0.6544,0.2875,0.0581,251
244020,0.0076,0.0534,0.9391,251
410494,0.5048,0.4099,0.0853,252
415693,0.0044,0.0324,0.9633,252
161991,0.6382,0.3198,0.0420,253
481598,0.0076,0.0233,0.9691,253
205496,0.0098,0.2025,0.7876,253
554833,0.0279,0.1069,0.8652,253
256648,0.1970,0.4111,0.3918,253
93859,0.7709,0.2089,0.0202,253
527796,0.0242,0.1197,0.8561,253
91937,0.0393,0.4259,0.5348,253
101230,0.4022,0.3048,0.2930,254
130183,0.0027,0.0158,0.9815,254
402713,0.0056,0.0305,0.9639,254
92088,0.0058,0.0446,0.9496,254
244223,0.0075,0.2425,0.7501,254
498711,0.0094,0.1474,0.8432,254
231952,0.0038,0.0321,0.9640,254
544786,0.2206,0.6457,0.1337,254
184206,0.0177,0.1659,0.8163,254
284313,0.0168,0.1058,0.8775,254
162029,0.0240,0.2421,0.7339,254
269698,0.5594,0.3370,0.1036,254
562494,0.3243,0.5460,0.1297,254
315881,0.0068,0.1236,0.8697,255
424849,0.1742,0.5209,0.3049,255
4791,0.6919,0.2732,0.0349,255
96109,0.1617,0.2860,0.5523,255
412969,0.0201,0.0850,0.8949,255
135853,0.0056,0.1711,0.8233,255
138405,0.0237,0.3841,0.5921,255
151598,0.0059,0.0761,0.9179,255
70131,0.1121,0.5312,0.3567,255
74128,0.4334,0.4828,0.0837,255
264410,0.0068,0.0816,0.9117,255
81655,0.0218,0.1454,0.8327,256
400815,0.2823,0.6312,0.0865,256
477118,0.5827,0.3623,0.0550,256
159093,0.0062,0.0220,0.9719,256
92288,0.0038,0.0381,0.9581,256
216314,0.0739,0.5580,0.3681,256
499937,0.0050,0.0580,0.9370,256
164533,0.1726,0.6342,0.1932,256
286037,0.0734,0.4605,0.4661,257
23930,0.0034,0.0339,0.9627,257
384125,0.5578,0.3775,0.0647,257
204747,0.0032,0.0354,0.9614,257
508797,0.1490,0.6784,0.1726,257
535130,0.0037,0.0210,0.9753,258
113956,0.0071,0.0566,0.9363,258
14505,0.5060,0.3752,0.1188,258
188044,0.2643,0.4338,0.3019,258
34707,0.0205,0.3126,0.6669,258
498408,0.2964,0.5862,0.1174,258
462064,0.0098,0.1173,0.8729,258
233677,0.3403,0.3949,0.2648,258
387906,0.0508,0.3729,0.5762,258
441967,0.0062,0.1163,0.8775,259
198101,0.0093,0.0265,0.9642,259
346237,0.0268,0.1494,0.8238,259
388919,0.0048,0.0678,0.9274,259
85521,0.0063,0.0458,0.9479,259
483437,0.0208,0.1352,0.8440,259
104962,0.0047,0.0664,0.9289,260
93148,0.2159,0.5629,0.2212,260
400805,0.0121,0.1468,0.8411,260
148970,0.6428,0.2947,0.0626,260
282852,0.4231,0.2576,0.3193,260
467021,0.2940,0.6204,0.0856,261
457664,0.2395,0.5166,0.2439,261
284721,0.1992,0.3856,0.4151,262
161495,0.1247,0.6976,0.1777,262
282633,0.7210,0.2620,0.0170,262
132615,0.0533,0.5163,0.4304,262
99803,0.0678,0.3372,0.5951,262
88823,0.0392,0.4384,0.5223,262
286003,0.3661,0.4331,0.2008,263
21533,0.7137,0.2481,0.0382,263
328087,0.0449,0.2888,0.6664,264
67603,0.2605,0.2461,0.4934,264
188113,0.0224,0.2373,0.7404,264
118157,0.0043,0.0978,0.8979,264
542926,0.0049,0.0302,0.9649,264
477750,0.2614,0.4640,0.2746,265
320606,0.0444,0.2984,0.6572,265
257253,0.0140,0.1479,0.8380,265
41850,0.0514,0.7654,0.1831,265
40397,0.6655,0.2375,0.0970,265
521976,0.5123,0.3666,0.1212,266
261153,0.0098,0.0956,0.8946,266
559899,0.7053,0.2726,0.0221,266
175477,0.0188,0.1022,0.8790,266
169773,0.3716,0.5209,0.1075,266
125094,0.0331,0.3175,0.6495,267
557808,0.9370,0.0551,0.0079,267
239703,0.2416,0.3020,0.4564,267
433208,0.5821,0.3605,0.0574,267
459827,0.1537,0.5794,0.2669,267
65260,0.0050,0.0308,0.9642,267
89840,0.0793,0.7058,0.2148,268
92175,0.0090,0.1367,0.8543,268
56871,0.0077,0.0569,0.9354,268
77828,0.4007,0.3974,0.2019,268
454998,0.7618,0.2089,0.0293,269
289716,0.0372,0.1447,0.8181,269
549415,0.6186,0.2846,0.0968,270
23423,0.0127,0.1860,0.8013,270
36677,0.4808,0.3437,0.1755,270
278091,0.0389,0.2397,0.7214,271
452047,0.0339,0.1261,0.8400,271
187482,0.0695,0.2199,0.7106,271
324002,0.0047,0.0782,0.9171,271
42543,0.1404,0.5188,0.3408,271
398573,0.5660,0.3851,0.0489,271
110260,0.0047,0.0437,0.9516,271
52074,0.5999,0.3252,0.0749,271
118037,0.0045,0.0228,0.9727,272
195328,0.0119,0.1000,0.8881,272
202580,0.1240,0.2737,0.6023,272
60650,0.0056,0.0985,0.8959,272
98188,0.0251,0.2467,0.7282,273
296876,0.0117,0.1662,0.8221,273
552975,0.0060,0.0227,0.9713,273
129134,0.0032,0.0218,0.9750,273
311039,0.0109,0.1712,0.8179,273
365050,0.0318,0.3602,0.6080,273
285588,0.1749,0.5927,0.2323,273
72597,0.0047,0.0462,0.9491,273
139124,0.0080,0.1598,0.8322,273
348729,0.6421,0.3125,0.0455,274
520855,0.0677,0.3724,0.5600,274
551709,0.3499,0.6123,0.0378,275
193209,0.6374,0.2648,0.0978,275
545481,0.0105,0.1661,0.8234,275
281313,0.1634,0.6447,0.1918,275
169756,0.0098,0.0761,0.9141,275
399485,0.1961,0.5065,0.2974,275
331767,0.1359,0.6786,0.1855,275
121007,0.0088,0.0974,0.8938,276
89955,0.1777,0.4893,0.3330,276
399891,0.0287,0.6748,0.2965,276
114271,0.4623,0.4686,0.0691,276
542310,0.0035,0.0186,0.9780,276
20355,0.0295,0.3757,0.5948,276
55576,0.2739,0.5328,0.1934,276
133343,0.7815,0.1878,0.0307,277
127583,0.0168,0.0833,0.8999,277
115468,0.0788,0.6656,0.2555,277
244657,0.2288,0.6188,0.1525,277
313551,0.5917,0.3580,0.0503,277
25211,0.3633,0.4412,0.1954,277
99144,0.0413,0.3334,0.6253,278
373784,0.8749,0.1152,0.0099,278
239237,0.4938,0.3646,0.1416,278
347616,0.0149,0.2690,0.7161,279
262322,0.0494,0.3763,0.5743,279
418511,0.0124,0.0698,0.9177,279
231576,0.1527,0.6532,0.1941,279
316683,0.3039,0.4273,0.2688,280
50581,0.0074,0.0568,0.9358,280
284235,0.0505,0.3113,0.6382,280
194489,0.0532,0.3409,0.6059,281
318402,0.1020,0.4173,0.4807,282
287996,0.4569,0.3263,0.2168,282
205014,0.0775,0.2722,0.6503,282
51024,0.2880,0.4470,0.2650,282
401082,0.0108,0.0686,0.9206,283
438615,0.0031,0.0506,0.9463,283
531550,0.0054,0.0739,0.9207,283
303603,0.0133,0.5195,0.4672,284
399882,0.0215,0.2860,0.6925,284
395138,0.0385,0.5469,0.4147,284
30671,0.0050,0.1553,0.8397,285
353944,0.0120,0.0722,0.9158,285
93136,0.0043,0.1197,0.8760,285
322325,0.6397,0.3090,0.0513,286
107149,0.0085,0.2096,0.7819,286
553273,0.0098,0.1136,0.8766,286
241097,0.0073,0.2441,0.7485,286
55624,0.0766,0.4746,0.4488,286
141649,0.0717,0.4172,0.5111,287
125128,0.5977,0.2574,0.1449,287
292725,0.0037,0.0512,0.9450,288
282787,0.5100,0.4213,0.0687,288
560804,0.0046,0.0328,0.9626,288
77369,0.0249,0.4523,0.5228,288
374950,0.0347,0.5536,0.4118,289
524244,0.0849,0.3661,0.5490,289
176071,0.0190,0.9110,0.0700,289
201495,0.2063,0.5135,0.2803,290
89637,0.3900,0.4686,0.1414,290
333283,0.0067,0.0882,0.9051,290
381865,0.0251,0.2153,0.7596,290
104988,0.0093,0.0585,0.9322,291
240947,0.7829,0.1939,0.0232,291
423676,0.0045,0.0340,0.9614,292
134566,0.1018,0.3522,0.5460,292
46234,0.0159,0.2093,0.7748,292
89804,0.1257,0.6703,0.2040,292
499942,0.4366,0.4397,0.1237,292
409179,0.0148,0.3331,0.6521,292
213163,0.0188,0.1781,0.8031,292
543605,0.0051,0.0914,0.9035,292
125286,0.0085,0.0946,0.8969,292
543587,0.5237,0.4098,0.0665,293
526388,0.0294,0.1487,0.8219,293
1064,0.0720,0.2366,0.6914,293
12722,0.1440,0.6038,0.2521,293
530447,0.0481,0.1861,0.7658,294
62469,0.2541,0.6015,0.1444,294
520069,0.0027,0.0602,0.9371,294
12434,0.0374,0.1888,0.7739,294
531046,0.1318,0.4425,0.4258,294
217643,0.7614,0.2212,0.0174,295
331375,0.0068,0.0586,0.9346,295
449072,0.2565,0.2571,0.4864,296
19192,0.0415,0.4085,0.5500,296
526724,0.0065,0.0339,0.9596,296
423890,0.0484,0.4210,0.5306,296
227168,0.0515,0.2022,0.7463,296
319363,0.0372,0.0958,0.8670,296
245850,0.1256,0.3755,0.4989,297
296201,0.0061,0.0340,0.9599,297
263371,0.1404,0.3740,0.4856,297
381639,0.0063,0.5329,0.4608,298
540099,0.5140,0.3163,0.1697,298
287811,0.0967,0.3707,0.5326,299
23158,0.5272,0.4035,0.0693,299
377498,0.0125,0.0889,0.8986,299
234198,0.2337,0.5246,0.2416,300
502844,0.5774,0.2748,0.1478,300
512523,0.0071,0.4840,0.5089,300
338859,0.0271,0.0925,0.8804,300
262020,0.1223,0.4205,0.4572,301
399795,0.0116,0.5550,0.4334,301
534514,0.0143,0.2123,0.7734,301
110287,0.0626,0.5766,0.3607,302
133553,0.1435,0.7910,0.0655,302
70350,0.2473,0.6632,0.0895,302
242512,0.0864,0.6977,0.2159,303
118288,0.0255,0.1087,0.8659,304
135866,0.0040,0.0704,0.9256,304
535017,0.7426,0.2263,0.0310,304
382144,0.5064,0.2157,0.2779,305
159217,0.2294,0.5524,0.2182,305
183939,0.0506,0.1648,0.7845,305
147446,0.0164,0.0612,0.9224,305
129055,0.5193,0.3944,0.0863,306
147370,0.2471,0.6041,0.1488,307
271312,0.1895,0.2561,0.5544,307
146685,0.6580,0.3010,0.0410,307
5495,0.1622,0.1991,0.6387,308
242465,0.0131,0.1176,0.8694,308
107771,0.3120,0.3867,0.3014,309
83604,0.0078,0.0544,0.9379,309
72538,0.0342,0.3608,0.6050,309
434653,0.0249,0.2080,0.7671,309
232004,0.8075,0.1507,0.0418,309
436496,0.3115,0.4817,0.2068,310
230039,0.8283,0.1474,0.0243,310
496621,0.0170,0.3356,0.6474,312
265257,0.1652,0.3149,0.5199,312
5372,0.0421,0.1732,0.7847,312
380258,0.0079,0.0743,0.9178,313
45540,0.5170,0.3802,0.1028,313
426127,0.0485,0.1071,0.8444,313
380768,0.2060,0.4144,0.3796,313
290948,0.1177,0.6229,0.2594,313
57964,0.0158,0.4070,0.5771,314
407460,0.3096,0.5682,0.1222,315
377776,0.0056,0.0660,0.9284,315
132888,0.0353,0.7915,0.1733,315
216666,0.0094,0.0679,0.9227,315
544644,0.6169,0.3374,0.0457,315
483826,0.0701,0.2737,0.6562,315
108566,0.0151,0.1933,0.7916,316
106058,0.4691,0.2512,0.2796,316
79877,0.6931,0.2833,0.0237,316
553549,0.0132,0.2381,0.7487,316
560265,0.7586,0.2102,0.0312,316
257057,0.5112,0.4245,0.0643,317
373954,0.0108,0.0415,0.9478,317
124846,0.0043,0.0353,0.9604,318
27545,0.0808,0.5085,0.4108,318
195410,0.3994,0.5413,0.0593,318
419854,0.4163,0.4331,0.1505,318
224092,0.0514,0.1325,0.8162,319
498528,0.1673,0.5993,0.2334,319
485100,0.6768,0.2733,0.0499,319
77587,0.0078,0.0611,0.9310,320
268245,0.1296,0.7165,0.1539,320
479877,0.5116,0.4037,0.0846,320
314983,0.0041,0.0334,0.9625,320
52774,0.0396,0.1890,0.7714,320
67173,0.0085,0.0821,0.9094,321
342698,0.0050,0.0415,0.9535,321
198171,0.0443,0.1296,0.8261,321
447878,0.1682,0.7413,0.0905,321
324068,0.0038,0.0662,0.9300,322
147059,0.0361,0.0935,0.8704,322
367853,0.0163,0.1747,0.8090,322
127939,0.0036,0.0595,0.9369,322
427519,0.0057,0.1033,0.8910,322
56128,0.0074,0.0267,0.9659,322
282295,0.3723,0.5001,0.1276,323
170109,0.4792,0.4756,0.0452,323
75416,0.5629,0.3793,0.0578,323
416495,0.0196,0.1716,0.8088,324
137168,0.0991,0.5916,0.3093,324
111937,0.0315,0.0712,0.8972,324
116798,0.0237,0.2147,0.7617,324
139885,0.1347,0.5388,0.3265,325
252682,0.0253,0.3973,0.5774,325
256617,0.1742,0.7485,0.0773,326
16531,0.0407,0.2856,0.6737,327
437744,0.0451,0.1145,0.8404,327
424471,0.0099,0.1657,0.8244,327
336829,0.7831,0.1807,0.0362,327
60628,0.1193,0.5996,0.2811,328
21067,0.3744,0.5030,0.1226,328
309392,0.7562,0.2247,0.0192,328
35491,0.0093,0.2645,0.7263,329
417327,0.0231,0.1202,0.8567,329
61106,0.0307,0.1793,0.7900,330
299060,0.0084,0.1051,0.8865,331
450777,0.4878,0.4706,0.0416,332
40080,0.0153,0.0909,0.8938,332
20380,0.2235,0.6583,0.1183,332
268231,0.0096,0.0741,0.9164,334
258602,0.0379,0.1405,0.8215,334
177903,0.0087,0.4233,0.5679,334
178838,0.3287,0.4217,0.2495,335
55552,0.0097,0.1648,0.8255,336
284370,0.1740,0.6203,0.2057,337
290930,0.1867,0.5151,0.2982,337
257000,0.0141,0.0797,0.9062,337
323363,0.0081,0.0860,0.9059,338
203161,0.0060,0.0450,0.9490,338
22464,0.0080,0.0914,0.9007,338
506296,0.0124,0.1207,0.8669,338
103500,0.0345,0.1790,0.7865,339
63372,0.3677,0.5742,0.0582,339
173544,0.0063,0.0577,0.9360,339
158507,0.8443,0.1396,0.0161,340
118766,0.0365,0.1264,0.8371,340
545577,0.6166,0.2700,0.1133,340
512246,0.0036,0.1272,0.8693,341
372457,0.0855,0.6786,0.2359,341
56793,0.4471,0.5194,0.0335,341
415772,0.3884,0.4992,0.1123,342
292556,0.0083,0.0443,0.9474,342
543817,0.3805,0.3489,0.2706,342
400546,0.0145,0.3744,0.6112,343
46054,0.0132,0.1216,0.8653,343
231430,0.0149,0.0820,0.9031,343
350453,0.0343,0.1371,0.8285,344
108903,0.4205,0.4720,0.1075,344
56741,0.0186,0.1144,0.8670,344
136010,0.0574,0.7542,0.1884,346
301963,0.0216,0.2330,0.7454,347
41527,0.2267,0.4786,0.2946,347
100780,0.0766,0.5969,0.3265,348
42296,0.0166,0.1744,0.8090,348
450923,0.0740,0.6750,0.2510,348
28153,0.0078,0.1070,0.8852,349
381104,0.0968,0.2640,0.6391,349
192865,0.0079,0.0747,0.9173,350
2673,0.0461,0.3143,0.6397,350
2892,0.0063,0.0835,0.9102,350
80479,0.3112,0.5006,0.1882,351
506016,0.0126,0.0688,0.9185,352
548098,0.1225,0.7589,0.1186,352
60172,0.0198,0.2544,0.7259,352
460313,0.1521,0.4476,0.4002,353
6005,0.0137,0.1877,0.7986,353
139859,0.0197,0.2392,0.7411,355
485899,0.3157,0.4620,0.2223,355
218207,0.0214,0.1481,0.8305,356
14165,0.4870,0.3975,0.1155,356
314615,0.4589,0.4480,0.0931,358
256084,0.0227,0.3341,0.6433,358
367579,0.3008,0.5398,0.1594,358
478135,0.0251,0.3668,0.6081,359
316076,0.0100,0.2562,0.7337,360
160932,0.1651,0.6347,0.2002,360
25083,0.1374,0.4180,0.4445,361
182911,0.0908,0.2977,0.6115,361
295336,0.0681,0.5964,0.3354,361
156013,0.3110,0.3801,0.3089,362
520939,0.0149,0.0761,0.9090,362
441444,0.0581,0.3701,0.5718,363
182176,0.0089,0.2016,0.7895,363
96116,0.0047,0.0444,0.9509,364
523743,0.0142,0.6955,0.2903,365
367633,0.4008,0.4377,0.1615,365
546318,0.0068,0.0353,0.9578,365
10974,0.0874,0.3382,0.5744,365
498753,0.0048,0.0850,0.9103,365
133938,0.0104,0.1264,0.8633,365
199618,0.6615,0.3098,0.0287,365
558570,0.0119,0.2388,0.7493,365
288009,0.0131,0.2198,0.7671,365
185997,0.0126,0.1113,0.8761,366
374197,0.0241,0.4505,0.5254,366
330544,0.2117,0.6972,0.0911,366
337619,0.0382,0.3462,0.6156,366
358564,0.1967,0.4030,0.4004,366
286869,0.2850,0.5953,0.1197,367
43938,0.1520,0.7104,0.1376,370
336578,0.0048,0.0258,0.9695,371
79785,0.1813,0.3297,0.4890,371
91936,0.0119,0.6872,0.3009,371
60621,0.0453,0.7248,0.2299,371
89830,0.0147,0.2184,0.7669,371
273397,0.4908,0.4413,0.0678,372
56869,0.0102,0.0652,0.9246,372
401661,0.1883,0.6714,0.1403,372
55941,0.0066,0.1100,0.8835,372
68689,0.1494,0.5947,0.2560,372
266883,0.0072,0.0925,0.9004,372
136243,0.3416,0.4385,0.2199,374
92269,0.0157,0.1507,0.8336,374
556171,0.0635,0.3636,0.5729,375
523996,0.3477,0.3490,0.3033,377
361558,0.0678,0.2782,0.6540,377
445594,0.0064,0.0709,0.9228,378
441875,0.8184,0.1633,0.0184,380
342032,0.6267,0.3334,0.0398,380
64428,0.0139,0.0643,0.9218,380
99071,0.0286,0.1340,0.8375,381
62177,0.0066,0.0292,0.9642,382
364102,0.0115,0.0459,0.9426,382
174958,0.0120,0.1928,0.7952,382
19883,0.0442,0.2105,0.7454,383
154703,0.0764,0.2233,0.7003,383
325226,0.0273,0.2518,0.7209,385
504063,0.0169,0.3234,0.6598,385
424847,0.0753,0.2565,0.6683,385
341940,0.0424,0.2360,0.7216,385
284378,0.2787,0.4481,0.2732,385
523521,0.0049,0.0282,0.9669,385
324251,0.0068,0.0464,0.9469,385
372035,0.2215,0.5420,0.2365,386
528829,0.0566,0.4628,0.4806,386
382629,0.3003,0.5792,0.1205,389
406650,0.0045,0.1389,0.8566,389
342374,0.0035,0.0739,0.9226,389
71727,0.0444,0.2215,0.7340,391
223614,0.0059,0.0600,0.9341,392
201406,0.8522,0.1288,0.0190,392
543581,0.0415,0.6348,0.3237,394
484141,0.7086,0.2290,0.0624,395
241856,0.0141,0.0618,0.9240,396
36676,0.5631,0.3909,0.0460,400
89851,0.0933,0.6393,0.2674,400
511846,0.0061,0.0676,0.9262,403
243722,0.0037,0.0196,0.9767,403
34046,0.5999,0.3660,0.0341,405
233788,0.6385,0.3214,0.0402,406
328720,0.3565,0.4357,0.2079,406
362334,0.6331,0.2413,0.1256,407
504081,0.0072,0.1966,0.7962,407
93227,0.0302,0.2861,0.6837,407
65680,0.0725,0.3302,0.5974,408
517122,0.0083,0.0532,0.9385,408
312686,0.0112,0.3170,0.6718,409
303528,0.0581,0.4850,0.4569,410
491053,0.1897,0.4286,0.3817,410
332068,0.3434,0.5931,0.0635,411
208176,0.0127,0.2988,0.6885,412
125791,0.0042,0.0372,0.9586,413
389068,0.0126,0.1572,0.8302,415
225996,0.0287,0.2273,0.7440,416
543715,0.0082,0.0491,0.9427,417
268056,0.0224,0.4394,0.5382,420
265163,0.1408,0.4959,0.3632,421
45830,0.5907,0.3516,0.0577,422
33318,0.6438,0.2981,0.0581,422
131653,0.3802,0.5225,0.0973,424
75762,0.2836,0.3993,0.3171,425
236282,0.0042,0.1229,0.8729,425
393912,0.7111,0.2352,0.0537,427
212354,0.0072,0.3539,0.6389,427
431287,0.0676,0.3879,0.5444,427
438816,0.1149,0.1896,0.6955,429
557606,0.0127,0.2368,0.7505,429
552039,0.4768,0.3652,0.1579,430
23138,0.0732,0.4919,0.4349,432
415043,0.0056,0.0464,0.9479,433
297290,0.2096,0.7300,0.0604,434
170173,0.5139,0.4286,0.0575,435
281641,0.0809,0.4028,0.5163,435
6851,0.0182,0.4643,0.5175,435
529063,0.0671,0.7870,0.1459,436
238213,0.7488,0.2160,0.0352,437
559985,0.1140,0.6519,0.2341,437
527072,0.5511,0.3865,0.0623,439
463133,0.0050,0.1463,0.8487,439
241180,0.0223,0.3035,0.6742,441
515995,0.0169,0.3417,0.6414,441
177747,0.0101,0.7780,0.2119,441
444054,0.0067,0.0517,0.9416,442
484142,0.0318,0.3613,0.6069,443
106633,0.2755,0.5918,0.1327,444
269134,0.0812,0.7922,0.1267,446
498484,0.0039,0.0233,0.9728,447
241287,0.0093,0.6286,0.3621,447
37804,0.1940,0.7037,0.1024,448
19443,0.4924,0.4759,0.0317,451
150171,0.0059,0.0580,0.9361,453
275032,0.1668,0.4305,0.4027,454
384051,0.0316,0.6317,0.3367,454
551018,0.0936,0.6054,0.3010,454
399251,0.0087,0.1131,0.8782,455
403059,0.5186,0.4174,0.0640,455
68665,0.0028,0.0828,0.9144,455
426857,0.0597,0.5361,0.4043,456
153231,0.0319,0.2316,0.7365,457
309363,0.0059,0.0787,0.9154,457
436407,0.3382,0.5392,0.1227,460
131633,0.0147,0.5565,0.4288,461
259455,0.0143,0.5299,0.4558,462
291426,0.7218,0.2431,0.0351,464
423580,0.0088,0.3535,0.6377,465
160599,0.0092,0.1234,0.8674,466
296898,0.3689,0.5795,0.0516,466
237084,0.3178,0.4412,0.2410,468
209176,0.7299,0.2404,0.0297,468
18867,0.0067,0.0593,0.9340,472
280052,0.0369,0.1399,0.8232,472
78295,0.0296,0.8528,0.1176,473
357322,0.0053,0.0352,0.9595,474
166415,0.6159,0.3410,0.0430,477
459701,0.1991,0.6891,0.1118,480
315744,0.0789,0.3741,0.5470,484
338796,0.0052,0.0551,0.9397,484
280170,0.0740,0.1999,0.7260,485
351777,0.4375,0.4139,0.1486,488
32642,0.4934,0.4305,0.0762,493
422254,0.0436,0.5480,0.4084,493
13897,0.0046,0.1201,0.8752,495
127435,0.2516,0.6610,0.0875,499
152281,0.1085,0.6746,0.2169,502
88771,0.0146,0.3363,0.6491,503
146942,0.2071,0.3943,0.3986,503
82067,0.1711,0.4192,0.4097,509
387316,0.0417,0.3413,0.6170,510
171470,0.0125,0.2315,0.7561,512
125245,0.6532,0.3023,0.0444,514
94144,0.0043,0.0534,0.9423,517
258636,0.0344,0.8363,0.1292,518
340781,0.0868,0.5766,0.3367,518
167350,0.1417,0.6912,0.1670,519
556199,0.0788,0.5154,0.4058,520
59649,0.1293,0.3865,0.4841,524
446412,0.0062,0.0787,0.9151,526
317158,0.0427,0.1263,0.8309,526
511498,0.0134,0.2238,0.7628,526
314975,0.0076,0.1291,0.8632,528
199606,0.5400,0.3947,0.0653,530
295205,0.3405,0.5231,0.1364,531
508938,0.1879,0.6289,0.1832,535
198205,0.0301,0.3398,0.6301,536
487384,0.0157,0.1781,0.8062,536
252468,0.3008,0.6156,0.0836,536
37730,0.0084,0.0480,0.9436,539
310638,0.4596,0.4332,0.1072,539
376815,0.0181,0.6968,0.2852,540
444113,0.7205,0.2569,0.0226,541
442797,0.0397,0.6021,0.3581,543
230205,0.2497,0.5864,0.1639,544
374605,0.0163,0.4157,0.5680,546
413303,0.2786,0.5578,0.1636,550
222422,0.0487,0.5035,0.4478,553
118297,0.0518,0.5370,0.4112,557
540210,0.1151,0.3015,0.5834,565
438879,0.2804,0.6076,0.1120,573
165912,0.3163,0.5489,0.1348,576
372579,0.8226,0.1553,0.0221,577
284136,0.0164,0.4561,0.5275,578
335575,0.0102,0.3341,0.6557,587
22970,0.3952,0.3992,0.2056,589
257600,0.2025,0.5388,0.2587,590
82122,0.3181,0.5855,0.0964,591
415440,0.0635,0.2742,0.6623,592
158094,0.0122,0.2038,0.7839,602
255329,0.0764,0.6760,0.2476,607
407540,0.4903,0.4322,0.0774,607
421062,0.0124,0.5840,0.4035,616
407449,0.0715,0.3827,0.5458,631
209132,0.5548,0.3990,0.0461,637
61246,0.3105,0.3911,0.2984,640
103502,0.5029,0.3070,0.1901,650
196365,0.0768,0.2307,0.6925,655
268233,0.1749,0.5860,0.2391,655
565851,0.0295,0.5637,0.4068,659
300106,0.0125,0.2574,0.7300,659
221280,0.1162,0.6487,0.2352,659
18342,0.0153,0.4643,0.5204,666
242715,0.0405,0.7487,0.2108,668
566629,0.1884,0.6153,0.1962,678
545336,0.0502,0.1815,0.7683,688
135892,0.1243,0.5120,0.3638,690
537687,0.3708,0.4866,0.1425,692
147930,0.0104,0.0493,0.9404,712
360668,0.5813,0.3391,0.0796,714
502747,0.0224,0.1166,0.8610,716
464214,0.0082,0.1969,0.7949,720
135999,0.0072,0.3422,0.6506,743
117881,0.4379,0.4265,0.1356,745
300577,0.2926,0.5961,0.1113,750
184972,0.0067,0.1387,0.8546,751
382517,0.0028,0.0359,0.9613,756
348695,0.0251,0.2651,0.7099,779
138978,0.6632,0.2861,0.0506,803
278070,0.0096,0.4748,0.5157,805
299925,0.0298,0.2236,0.7466,810
158466,0.1119,0.6747,0.2134,811
316590,0.0715,0.2708,0.6577,824
92059,0.0538,0.6195,0.3267,858
363530,0.0046,0.0323,0.9630,892
36032,0.5948,0.3684,0.0368,931
367322,0.0162,0.1410,0.8428,934
110752,0.6221,0.3312,0.0466,988
58802,0.2583,0.5443,0.1974,1060
261887,0.0791,0.7309,0.1900,1112
140592,0.0215,0.2676,0.7109,1473
332663,0.4454,0.4456,0.1090,1661
8756,0.0107,0.0885,0.9008,1896
